transaction_id,customer_id,transaction_date,transaction_type,plan_tier,amount
TXN000001,CUST1016,2020-01-08,New Subscription,Basic,29
TXN000002,CUST1016,2020-02-08,Renewal,Basic,29
TXN000003,CUST1016,2020-03-08,Renewal,Basic,29
TXN000004,CUST1016,2020-04-08,Renewal,Basic,29
TXN000005,CUST1016,2020-05-08,Renewal,Basic,29
TXN000006,CUST1016,2020-06-08,Renewal,Basic,29
TXN000007,CUST1016,2020-07-08,Renewal,Basic,29
TXN000008,CUST1016,2020-08-08,Renewal,Basic,29
TXN000009,CUST1016,2020-09-08,Renewal,Basic,29
TXN000010,CUST1016,2020-10-08,Renewal,Basic,29
TXN000011,CUST1016,2020-11-08,Renewal,Basic,29
TXN000012,CUST1016,2020-12-08,Renewal,Basic,29
TXN000013,CUST1016,2021-01-08,Renewal,Basic,29
TXN000014,CUST1016,2021-02-08,Renewal,Basic,29
TXN000015,CUST1016,2021-03-08,Renewal,Basic,29
TXN000016,CUST1016,2021-04-08,Renewal,Basic,29
TXN000017,CUST1016,2021-05-08,Renewal,Basic,29
TXN000018,CUST1016,2021-06-08,Renewal,Basic,29
TXN000019,CUST1016,2021-07-08,Renewal,Basic,29
TXN000020,CUST1016,2021-08-08,Renewal,Basic,29
TXN000021,CUST1016,2021-09-08,Renewal,Basic,29
TXN000022,CUST1016,2021-10-08,Renewal,Basic,29
TXN000023,CUST1016,2021-11-08,Renewal,Basic,29
TXN000024,CUST1016,2021-12-08,Renewal,Basic,29
TXN000025,CUST1016,2022-01-08,Renewal,Basic,29
TXN000026,CUST1016,2022-02-08,Renewal,Basic,29
TXN000027,CUST1016,2022-03-08,Renewal,Basic,29
TXN000028,CUST1016,2022-04-08,Renewal,Basic,29
TXN000029,CUST1016,2022-05-08,Renewal,Basic,29
TXN000030,CUST1016,2022-06-08,Renewal,Basic,29
TXN000031,CUST1016,2022-07-08,Renewal,Basic,29
TXN000032,CUST1016,2022-08-08,Renewal,Basic,29
TXN000033,CUST1016,2022-09-08,Renewal,Basic,29
TXN000034,CUST1016,2022-10-08,Renewal,Basic,29
TXN000035,CUST1016,2022-11-08,Renewal,Basic,29
TXN000036,CUST1016,2022-12-08,Renewal,Basic,29
TXN000037,CUST1016,2023-01-08,Renewal,Basic,29
TXN000038,CUST1016,2023-02-08,Renewal,Basic,29
TXN000039,CUST1016,2023-03-08,Renewal,Basic,29
TXN000040,CUST1016,2023-04-08,Renewal,Basic,29
TXN000041,CUST1016,2023-05-08,Renewal,Basic,29
TXN000042,CUST1016,2023-06-08,Renewal,Basic,29
TXN000043,CUST1016,2023-07-08,Renewal,Basic,29
TXN000044,CUST1016,2023-08-08,Renewal,Basic,29
TXN000045,CUST1016,2023-09-08,Renewal,Basic,29
TXN000046,CUST1016,2023-10-08,Renewal,Basic,29
TXN000047,CUST1016,2023-11-08,Renewal,Basic,29
TXN000048,CUST1016,2023-12-08,Renewal,Basic,29
TXN000049,CUST1016,2024-01-08,Renewal,Basic,29
TXN000050,CUST1016,2024-02-08,Renewal,Basic,29
TXN000051,CUST1016,2024-03-08,Renewal,Basic,29
TXN000052,CUST1016,2024-04-08,Renewal,Basic,29
TXN000053,CUST1016,2024-05-08,Renewal,Basic,29
TXN000054,CUST1016,2024-06-08,Renewal,Basic,29
TXN000055,CUST1016,2024-07-08,Renewal,Basic,29
TXN000056,CUST1016,2024-08-08,Renewal,Basic,29
TXN000057,CUST1016,2024-09-08,Renewal,Basic,29
TXN000058,CUST1016,2024-10-08,Renewal,Basic,29
TXN000059,CUST1016,2024-11-08,Renewal,Basic,29
TXN000060,CUST1016,2024-12-08,Renewal,Basic,29
TXN000061,CUST1016,2025-01-08,Renewal,Basic,29
TXN000062,CUST1016,2025-02-08,Renewal,Basic,29
TXN000063,CUST1016,2025-03-08,Renewal,Basic,29
TXN000064,CUST1016,2025-04-08,Renewal,Basic,29
TXN000065,CUST1016,2025-05-08,Renewal,Basic,29
TXN000066,CUST1016,2025-06-08,Renewal,Basic,29
TXN000067,CUST1016,2025-07-08,Renewal,Basic,29
TXN000068,CUST1016,2025-08-08,Renewal,Basic,29
TXN000069,CUST1016,2025-09-08,Renewal,Basic,29
TXN000070,CUST1016,2025-10-08,Upgrade,Pro,59
TXN000071,CUST1016,2025-11-08,Renewal,Pro,59
TXN000072,CUST1016,2025-12-08,Renewal,Pro,59
TXN000073,CUST1016,2026-01-08,Renewal,Pro,59
TXN000074,CUST1016,2026-02-08,Renewal,Pro,59
TXN000075,CUST1016,2026-03-08,Renewal,Pro,59
TXN000076,CUST1016,2026-04-08,Renewal,Pro,59
TXN000077,CUST1016,2026-05-08,Renewal,Pro,59
TXN000078,CUST1016,2026-06-08,Cancellation,Pro,0
TXN000079,CUST1004,2020-01-18,New Subscription,Pro,59
TXN000080,CUST1004,2020-02-18,Renewal,Pro,59
TXN000081,CUST1004,2020-03-18,Renewal,Pro,59
TXN000082,CUST1004,2020-04-18,Renewal,Pro,59
TXN000083,CUST1004,2020-05-18,Renewal,Pro,59
TXN000084,CUST1004,2020-06-18,Renewal,Pro,59
TXN000085,CUST1004,2020-07-18,Renewal,Pro,59
TXN000086,CUST1004,2020-08-18,Renewal,Pro,59
TXN000087,CUST1004,2020-09-18,Renewal,Pro,59
TXN000088,CUST1004,2020-10-18,Renewal,Pro,59
TXN000089,CUST1004,2020-11-18,Renewal,Pro,59
TXN000090,CUST1004,2020-12-18,Renewal,Pro,59
TXN000091,CUST1004,2021-01-18,Renewal,Pro,59
TXN000092,CUST1004,2021-02-18,Renewal,Pro,59
TXN000093,CUST1004,2021-03-18,Renewal,Pro,59
TXN000094,CUST1004,2021-04-18,Renewal,Pro,59
TXN000095,CUST1004,2021-05-18,Renewal,Pro,59
TXN000096,CUST1004,2021-06-18,Renewal,Pro,59
TXN000097,CUST1004,2021-07-18,Renewal,Pro,59
TXN000098,CUST1004,2021-08-18,Renewal,Pro,59
TXN000099,CUST1004,2021-09-18,Renewal,Pro,59
TXN000100,CUST1004,2021-10-18,Renewal,Pro,59
TXN000101,CUST1004,2021-11-18,Renewal,Pro,59
TXN000102,CUST1004,2021-12-18,Renewal,Pro,59
TXN000103,CUST1004,2022-01-18,Renewal,Pro,59
TXN000104,CUST1004,2022-02-18,Renewal,Pro,59
TXN000105,CUST1004,2022-03-18,Renewal,Pro,59
TXN000106,CUST1004,2022-04-18,Renewal,Pro,59
TXN000107,CUST1004,2022-05-18,Renewal,Pro,59
TXN000108,CUST1004,2022-06-18,Renewal,Pro,59
TXN000109,CUST1004,2022-07-18,Renewal,Pro,59
TXN000110,CUST1004,2022-08-18,Cancellation,Pro,0
TXN000111,CUST1030,2020-01-20,New Subscription,Enterprise,149
TXN000112,CUST1030,2020-02-20,Renewal,Enterprise,149
TXN000113,CUST1030,2020-03-20,Renewal,Enterprise,149
TXN000114,CUST1030,2020-04-20,Renewal,Enterprise,149
TXN000115,CUST1030,2020-05-20,Renewal,Enterprise,149
TXN000116,CUST1030,2020-06-20,Renewal,Enterprise,149
TXN000117,CUST1030,2020-07-20,Renewal,Enterprise,149
TXN000118,CUST1030,2020-08-20,Renewal,Enterprise,149
TXN000119,CUST1030,2020-09-20,Renewal,Enterprise,149
TXN000120,CUST1030,2020-10-20,Renewal,Enterprise,149
TXN000121,CUST1030,2020-11-20,Renewal,Enterprise,149
TXN000122,CUST1030,2020-12-20,Renewal,Enterprise,149
TXN000123,CUST1030,2021-01-20,Renewal,Enterprise,149
TXN000124,CUST1030,2021-02-20,Renewal,Enterprise,149
TXN000125,CUST1030,2021-03-20,Renewal,Enterprise,149
TXN000126,CUST1030,2021-04-20,Renewal,Enterprise,149
TXN000127,CUST1030,2021-05-20,Renewal,Enterprise,149
TXN000128,CUST1030,2021-06-20,Renewal,Enterprise,149
TXN000129,CUST1030,2021-07-20,Renewal,Enterprise,149
TXN000130,CUST1030,2021-08-20,Renewal,Enterprise,149
TXN000131,CUST1030,2021-09-20,Renewal,Enterprise,149
TXN000132,CUST1030,2021-10-20,Renewal,Enterprise,149
TXN000133,CUST1030,2021-11-20,Renewal,Enterprise,149
TXN000134,CUST1030,2021-12-20,Renewal,Enterprise,149
TXN000135,CUST1030,2022-01-20,Renewal,Enterprise,149
TXN000136,CUST1030,2022-02-20,Renewal,Enterprise,149
TXN000137,CUST1030,2022-03-20,Renewal,Enterprise,149
TXN000138,CUST1030,2022-04-20,Renewal,Enterprise,149
TXN000139,CUST1030,2022-05-20,Renewal,Enterprise,149
TXN000140,CUST1030,2022-06-20,Renewal,Enterprise,149
TXN000141,CUST1030,2022-07-20,Renewal,Enterprise,149
TXN000142,CUST1030,2022-08-20,Renewal,Enterprise,149
TXN000143,CUST1030,2022-09-20,Renewal,Enterprise,149
TXN000144,CUST1030,2022-10-20,Renewal,Enterprise,149
TXN000145,CUST1030,2022-11-20,Renewal,Enterprise,149
TXN000146,CUST1030,2022-12-20,Renewal,Enterprise,149
TXN000147,CUST1030,2023-01-20,Renewal,Enterprise,149
TXN000148,CUST1030,2023-02-20,Renewal,Enterprise,149
TXN000149,CUST1030,2023-03-20,Renewal,Enterprise,149
TXN000150,CUST1030,2023-04-20,Renewal,Enterprise,149
TXN000151,CUST1030,2023-05-20,Renewal,Enterprise,149
TXN000152,CUST1030,2023-06-20,Renewal,Enterprise,149
TXN000153,CUST1030,2023-07-20,Renewal,Enterprise,149
TXN000154,CUST1030,2023-08-20,Renewal,Enterprise,149
TXN000155,CUST1030,2023-09-20,Renewal,Enterprise,149
TXN000156,CUST1030,2023-10-20,Renewal,Enterprise,149
TXN000157,CUST1030,2023-11-20,Renewal,Enterprise,149
TXN000158,CUST1030,2023-12-20,Renewal,Enterprise,149
TXN000159,CUST1030,2024-01-20,Renewal,Enterprise,149
TXN000160,CUST1030,2024-02-20,Renewal,Enterprise,149
TXN000161,CUST1030,2024-03-20,Renewal,Enterprise,149
TXN000162,CUST1030,2024-04-20,Renewal,Enterprise,149
TXN000163,CUST1030,2024-05-20,Renewal,Enterprise,149
TXN000164,CUST1030,2024-06-20,Renewal,Enterprise,149
TXN000165,CUST1030,2024-07-20,Renewal,Enterprise,149
TXN000166,CUST1030,2024-08-20,Renewal,Enterprise,149
TXN000167,CUST1030,2024-09-20,Renewal,Enterprise,149
TXN000168,CUST1030,2024-10-20,Renewal,Enterprise,149
TXN000169,CUST1030,2024-11-20,Renewal,Enterprise,149
TXN000170,CUST1030,2024-12-20,Renewal,Enterprise,149
TXN000171,CUST1030,2025-01-20,Renewal,Enterprise,149
TXN000172,CUST1030,2025-02-20,Renewal,Enterprise,149
TXN000173,CUST1030,2025-03-20,Renewal,Enterprise,149
TXN000174,CUST1030,2025-04-20,Renewal,Enterprise,149
TXN000175,CUST1030,2025-05-20,Renewal,Enterprise,149
TXN000176,CUST1030,2025-06-20,Renewal,Enterprise,149
TXN000177,CUST1030,2025-07-20,Renewal,Enterprise,149
TXN000178,CUST1030,2025-08-20,Renewal,Enterprise,149
TXN000179,CUST1030,2025-09-20,Renewal,Enterprise,149
TXN000180,CUST1030,2025-10-20,Renewal,Enterprise,149
TXN000181,CUST1030,2025-11-20,Renewal,Enterprise,149
TXN000182,CUST1030,2025-12-20,Renewal,Enterprise,149
TXN000183,CUST1030,2026-01-20,Renewal,Enterprise,149
TXN000184,CUST1030,2026-02-20,Renewal,Enterprise,149
TXN000185,CUST1030,2026-03-20,Renewal,Enterprise,149
TXN000186,CUST1030,2026-04-20,Renewal,Enterprise,149
TXN000187,CUST1030,2026-05-20,Renewal,Enterprise,149
TXN000188,CUST1030,2026-06-20,Renewal,Enterprise,149
TXN000189,CUST1030,2026-07-20,Renewal,Enterprise,149
TXN000190,CUST1017,2020-02-07,New Subscription,Pro,59
TXN000191,CUST1017,2020-03-07,Renewal,Pro,59
TXN000192,CUST1017,2020-04-07,Renewal,Pro,59
TXN000193,CUST1017,2020-05-07,Renewal,Pro,59
TXN000194,CUST1017,2020-06-07,Renewal,Pro,59
TXN000195,CUST1017,2020-07-07,Renewal,Pro,59
TXN000196,CUST1017,2020-08-07,Renewal,Pro,59
TXN000197,CUST1017,2020-09-07,Renewal,Pro,59
TXN000198,CUST1017,2020-10-07,Renewal,Pro,59
TXN000199,CUST1017,2020-11-07,Renewal,Pro,59
TXN000200,CUST1017,2020-12-07,Upgrade,Enterprise,149
TXN000201,CUST1017,2021-01-07,Renewal,Enterprise,149
TXN000202,CUST1017,2021-02-07,Renewal,Enterprise,149
TXN000203,CUST1017,2021-03-07,Renewal,Enterprise,149
TXN000204,CUST1017,2021-04-07,Renewal,Enterprise,149
TXN000205,CUST1017,2021-05-07,Renewal,Enterprise,149
TXN000206,CUST1017,2021-06-07,Downgrade,Pro,59
TXN000207,CUST1017,2021-07-07,Renewal,Pro,59
TXN000208,CUST1017,2021-08-07,Renewal,Pro,59
TXN000209,CUST1017,2021-09-07,Renewal,Pro,59
TXN000210,CUST1017,2021-10-07,Renewal,Pro,59
TXN000211,CUST1017,2021-11-07,Renewal,Pro,59
TXN000212,CUST1017,2021-12-07,Renewal,Pro,59
TXN000213,CUST1017,2022-01-07,Renewal,Pro,59
TXN000214,CUST1017,2022-02-07,Renewal,Pro,59
TXN000215,CUST1017,2022-03-07,Renewal,Pro,59
TXN000216,CUST1017,2022-04-07,Renewal,Pro,59
TXN000217,CUST1017,2022-05-07,Renewal,Pro,59
TXN000218,CUST1017,2022-06-07,Renewal,Pro,59
TXN000219,CUST1017,2022-07-07,Renewal,Pro,59
TXN000220,CUST1017,2022-08-07,Renewal,Pro,59
TXN000221,CUST1017,2022-09-07,Renewal,Pro,59
TXN000222,CUST1017,2022-10-07,Renewal,Pro,59
TXN000223,CUST1017,2022-11-07,Renewal,Pro,59
TXN000224,CUST1017,2022-12-07,Renewal,Pro,59
TXN000225,CUST1017,2023-01-07,Renewal,Pro,59
TXN000226,CUST1017,2023-02-07,Renewal,Pro,59
TXN000227,CUST1017,2023-03-07,Renewal,Pro,59
TXN000228,CUST1017,2023-04-07,Renewal,Pro,59
TXN000229,CUST1017,2023-05-07,Renewal,Pro,59
TXN000230,CUST1017,2023-06-07,Renewal,Pro,59
TXN000231,CUST1017,2023-07-07,Renewal,Pro,59
TXN000232,CUST1017,2023-08-07,Renewal,Pro,59
TXN000233,CUST1017,2023-09-07,Renewal,Pro,59
TXN000234,CUST1017,2023-10-07,Renewal,Pro,59
TXN000235,CUST1017,2023-11-07,Renewal,Pro,59
TXN000236,CUST1017,2023-12-07,Renewal,Pro,59
TXN000237,CUST1017,2024-01-07,Renewal,Pro,59
TXN000238,CUST1017,2024-02-07,Renewal,Pro,59
TXN000239,CUST1017,2024-03-07,Renewal,Pro,59
TXN000240,CUST1017,2024-04-07,Renewal,Pro,59
TXN000241,CUST1017,2024-05-07,Renewal,Pro,59
TXN000242,CUST1017,2024-06-07,Renewal,Pro,59
TXN000243,CUST1017,2024-07-07,Renewal,Pro,59
TXN000244,CUST1017,2024-08-07,Renewal,Pro,59
TXN000245,CUST1017,2024-09-07,Renewal,Pro,59
TXN000246,CUST1017,2024-10-07,Renewal,Pro,59
TXN000247,CUST1017,2024-11-07,Renewal,Pro,59
TXN000248,CUST1017,2024-12-07,Renewal,Pro,59
TXN000249,CUST1017,2025-01-07,Renewal,Pro,59
TXN000250,CUST1017,2025-02-07,Renewal,Pro,59
TXN000251,CUST1017,2025-03-07,Renewal,Pro,59
TXN000252,CUST1017,2025-04-07,Renewal,Pro,59
TXN000253,CUST1017,2025-05-07,Renewal,Pro,59
TXN000254,CUST1017,2025-06-07,Renewal,Pro,59
TXN000255,CUST1017,2025-07-07,Renewal,Pro,59
TXN000256,CUST1017,2025-08-07,Renewal,Pro,59
TXN000257,CUST1017,2025-09-07,Renewal,Pro,59
TXN000258,CUST1017,2025-10-07,Renewal,Pro,59
TXN000259,CUST1017,2025-11-07,Renewal,Pro,59
TXN000260,CUST1017,2025-12-07,Renewal,Pro,59
TXN000261,CUST1017,2026-01-07,Renewal,Pro,59
TXN000262,CUST1017,2026-02-07,Renewal,Pro,59
TXN000263,CUST1017,2026-03-07,Renewal,Pro,59
TXN000264,CUST1017,2026-04-07,Upgrade,Enterprise,149
TXN000265,CUST1017,2026-05-07,Renewal,Enterprise,149
TXN000266,CUST1017,2026-06-07,Renewal,Enterprise,149
TXN000267,CUST1017,2026-07-07,Renewal,Enterprise,149
TXN000268,CUST1017,2026-08-07,Renewal,Enterprise,149
TXN000269,CUST1019,2020-03-09,New Subscription,Pro,59
TXN000270,CUST1019,2020-04-09,Renewal,Pro,59
TXN000271,CUST1019,2020-05-09,Renewal,Pro,59
TXN000272,CUST1019,2020-06-09,Renewal,Pro,59
TXN000273,CUST1019,2020-07-09,Renewal,Pro,59
TXN000274,CUST1019,2020-08-09,Renewal,Pro,59
TXN000275,CUST1019,2020-09-09,Renewal,Pro,59
TXN000276,CUST1019,2020-10-09,Renewal,Pro,59
TXN000277,CUST1019,2020-11-09,Cancellation,Pro,0
TXN000278,CUST1021,2020-03-17,New Subscription,Enterprise,149
TXN000279,CUST1021,2020-04-17,Renewal,Enterprise,149
TXN000280,CUST1021,2020-05-17,Renewal,Enterprise,149
TXN000281,CUST1021,2020-06-17,Renewal,Enterprise,149
TXN000282,CUST1021,2020-07-17,Renewal,Enterprise,149
TXN000283,CUST1021,2020-08-17,Renewal,Enterprise,149
TXN000284,CUST1021,2020-09-17,Renewal,Enterprise,149
TXN000285,CUST1021,2020-10-17,Renewal,Enterprise,149
TXN000286,CUST1021,2020-11-17,Renewal,Enterprise,149
TXN000287,CUST1021,2020-12-17,Renewal,Enterprise,149
TXN000288,CUST1021,2021-01-17,Renewal,Enterprise,149
TXN000289,CUST1021,2021-02-17,Renewal,Enterprise,149
TXN000290,CUST1021,2021-03-17,Renewal,Enterprise,149
TXN000291,CUST1021,2021-04-17,Renewal,Enterprise,149
TXN000292,CUST1021,2021-05-17,Renewal,Enterprise,149
TXN000293,CUST1021,2021-06-17,Renewal,Enterprise,149
TXN000294,CUST1021,2021-07-17,Renewal,Enterprise,149
TXN000295,CUST1021,2021-08-17,Renewal,Enterprise,149
TXN000296,CUST1021,2021-09-17,Renewal,Enterprise,149
TXN000297,CUST1021,2021-10-17,Renewal,Enterprise,149
TXN000298,CUST1021,2021-11-17,Renewal,Enterprise,149
TXN000299,CUST1021,2021-12-17,Renewal,Enterprise,149
TXN000300,CUST1021,2022-01-17,Renewal,Enterprise,149
TXN000301,CUST1021,2022-02-17,Renewal,Enterprise,149
TXN000302,CUST1021,2022-03-17,Renewal,Enterprise,149
TXN000303,CUST1021,2022-04-17,Renewal,Enterprise,149
TXN000304,CUST1021,2022-05-17,Downgrade,Pro,59
TXN000305,CUST1021,2022-06-17,Renewal,Pro,59
TXN000306,CUST1021,2022-07-17,Renewal,Pro,59
TXN000307,CUST1021,2022-08-17,Renewal,Pro,59
TXN000308,CUST1021,2022-09-17,Renewal,Pro,59
TXN000309,CUST1021,2022-10-17,Renewal,Pro,59
TXN000310,CUST1021,2022-11-17,Renewal,Pro,59
TXN000311,CUST1021,2022-12-17,Renewal,Pro,59
TXN000312,CUST1021,2023-01-17,Renewal,Pro,59
TXN000313,CUST1021,2023-02-17,Renewal,Pro,59
TXN000314,CUST1021,2023-03-17,Renewal,Pro,59
TXN000315,CUST1021,2023-04-17,Renewal,Pro,59
TXN000316,CUST1021,2023-05-17,Renewal,Pro,59
TXN000317,CUST1021,2023-06-17,Renewal,Pro,59
TXN000318,CUST1021,2023-07-17,Renewal,Pro,59
TXN000319,CUST1021,2023-08-17,Renewal,Pro,59
TXN000320,CUST1021,2023-09-17,Renewal,Pro,59
TXN000321,CUST1021,2023-10-17,Renewal,Pro,59
TXN000322,CUST1021,2023-11-17,Renewal,Pro,59
TXN000323,CUST1021,2023-12-17,Renewal,Pro,59
TXN000324,CUST1021,2024-01-17,Renewal,Pro,59
TXN000325,CUST1021,2024-02-17,Renewal,Pro,59
TXN000326,CUST1021,2024-03-17,Renewal,Pro,59
TXN000327,CUST1021,2024-04-17,Renewal,Pro,59
TXN000328,CUST1021,2024-05-17,Renewal,Pro,59
TXN000329,CUST1021,2024-06-17,Renewal,Pro,59
TXN000330,CUST1021,2024-07-17,Renewal,Pro,59
TXN000331,CUST1021,2024-08-17,Renewal,Pro,59
TXN000332,CUST1021,2024-09-17,Renewal,Pro,59
TXN000333,CUST1021,2024-10-17,Renewal,Pro,59
TXN000334,CUST1021,2024-11-17,Renewal,Pro,59
TXN000335,CUST1021,2024-12-17,Renewal,Pro,59
TXN000336,CUST1021,2025-01-17,Renewal,Pro,59
TXN000337,CUST1021,2025-02-17,Renewal,Pro,59
TXN000338,CUST1021,2025-03-17,Cancellation,Pro,0
TXN000339,CUST1022,2020-03-21,New Subscription,Pro,59
TXN000340,CUST1022,2020-04-21,Renewal,Pro,59
TXN000341,CUST1022,2020-05-21,Renewal,Pro,59
TXN000342,CUST1022,2020-06-21,Renewal,Pro,59
TXN000343,CUST1022,2020-07-21,Renewal,Pro,59
TXN000344,CUST1022,2020-08-21,Renewal,Pro,59
TXN000345,CUST1022,2020-09-21,Renewal,Pro,59
TXN000346,CUST1022,2020-10-21,Renewal,Pro,59
TXN000347,CUST1022,2020-11-21,Renewal,Pro,59
TXN000348,CUST1022,2020-12-21,Renewal,Pro,59
TXN000349,CUST1022,2021-01-21,Renewal,Pro,59
TXN000350,CUST1022,2021-02-21,Renewal,Pro,59
TXN000351,CUST1022,2021-03-21,Renewal,Pro,59
TXN000352,CUST1022,2021-04-21,Renewal,Pro,59
TXN000353,CUST1022,2021-05-21,Renewal,Pro,59
TXN000354,CUST1022,2021-06-21,Renewal,Pro,59
TXN000355,CUST1022,2021-07-21,Renewal,Pro,59
TXN000356,CUST1022,2021-08-21,Renewal,Pro,59
TXN000357,CUST1022,2021-09-21,Renewal,Pro,59
TXN000358,CUST1022,2021-10-21,Renewal,Pro,59
TXN000359,CUST1022,2021-11-21,Renewal,Pro,59
TXN000360,CUST1022,2021-12-21,Renewal,Pro,59
TXN000361,CUST1022,2022-01-21,Renewal,Pro,59
TXN000362,CUST1022,2022-02-21,Renewal,Pro,59
TXN000363,CUST1022,2022-03-21,Renewal,Pro,59
TXN000364,CUST1022,2022-04-21,Renewal,Pro,59
TXN000365,CUST1022,2022-05-21,Renewal,Pro,59
TXN000366,CUST1022,2022-06-21,Renewal,Pro,59
TXN000367,CUST1022,2022-07-21,Renewal,Pro,59
TXN000368,CUST1022,2022-08-21,Renewal,Pro,59
TXN000369,CUST1022,2022-09-21,Renewal,Pro,59
TXN000370,CUST1022,2022-10-21,Renewal,Pro,59
TXN000371,CUST1022,2022-11-21,Renewal,Pro,59
TXN000372,CUST1022,2022-12-21,Renewal,Pro,59
TXN000373,CUST1022,2023-01-21,Renewal,Pro,59
TXN000374,CUST1022,2023-02-21,Renewal,Pro,59
TXN000375,CUST1022,2023-03-21,Renewal,Pro,59
TXN000376,CUST1022,2023-04-21,Renewal,Pro,59
TXN000377,CUST1022,2023-05-21,Renewal,Pro,59
TXN000378,CUST1022,2023-06-21,Renewal,Pro,59
TXN000379,CUST1022,2023-07-21,Renewal,Pro,59
TXN000380,CUST1022,2023-08-21,Renewal,Pro,59
TXN000381,CUST1022,2023-09-21,Renewal,Pro,59
TXN000382,CUST1022,2023-10-21,Renewal,Pro,59
TXN000383,CUST1022,2023-11-21,Renewal,Pro,59
TXN000384,CUST1022,2023-12-21,Renewal,Pro,59
TXN000385,CUST1022,2024-01-21,Renewal,Pro,59
TXN000386,CUST1022,2024-02-21,Renewal,Pro,59
TXN000387,CUST1022,2024-03-21,Renewal,Pro,59
TXN000388,CUST1022,2024-04-21,Renewal,Pro,59
TXN000389,CUST1022,2024-05-21,Renewal,Pro,59
TXN000390,CUST1022,2024-06-21,Renewal,Pro,59
TXN000391,CUST1022,2024-07-21,Renewal,Pro,59
TXN000392,CUST1022,2024-08-21,Renewal,Pro,59
TXN000393,CUST1022,2024-09-21,Renewal,Pro,59
TXN000394,CUST1022,2024-10-21,Renewal,Pro,59
TXN000395,CUST1022,2024-11-21,Renewal,Pro,59
TXN000396,CUST1022,2024-12-21,Renewal,Pro,59
TXN000397,CUST1022,2025-01-21,Renewal,Pro,59
TXN000398,CUST1022,2025-02-21,Renewal,Pro,59
TXN000399,CUST1022,2025-03-21,Renewal,Pro,59
TXN000400,CUST1022,2025-04-21,Renewal,Pro,59
TXN000401,CUST1022,2025-05-21,Renewal,Pro,59
TXN000402,CUST1022,2025-06-21,Renewal,Pro,59
TXN000403,CUST1022,2025-07-21,Renewal,Pro,59
TXN000404,CUST1022,2025-08-21,Renewal,Pro,59
TXN000405,CUST1022,2025-09-21,Renewal,Pro,59
TXN000406,CUST1022,2025-10-21,Renewal,Pro,59
TXN000407,CUST1022,2025-11-21,Renewal,Pro,59
TXN000408,CUST1022,2025-12-21,Renewal,Pro,59
TXN000409,CUST1022,2026-01-21,Renewal,Pro,59
TXN000410,CUST1022,2026-02-21,Renewal,Pro,59
TXN000411,CUST1022,2026-03-21,Renewal,Pro,59
TXN000412,CUST1022,2026-04-21,Renewal,Pro,59
TXN000413,CUST1022,2026-05-21,Renewal,Pro,59
TXN000414,CUST1022,2026-06-21,Renewal,Pro,59
TXN000415,CUST1022,2026-07-21,Renewal,Pro,59
TXN000416,CUST1006,2020-03-23,New Subscription,Basic,29
TXN000417,CUST1006,2020-04-23,Renewal,Basic,29
TXN000418,CUST1006,2020-05-23,Renewal,Basic,29
TXN000419,CUST1006,2020-06-23,Upgrade,Pro,59
TXN000420,CUST1006,2020-07-23,Renewal,Pro,59
TXN000421,CUST1006,2020-08-23,Renewal,Pro,59
TXN000422,CUST1006,2020-09-23,Renewal,Pro,59
TXN000423,CUST1006,2020-10-23,Renewal,Pro,59
TXN000424,CUST1006,2020-11-23,Renewal,Pro,59
TXN000425,CUST1006,2020-12-23,Renewal,Pro,59
TXN000426,CUST1006,2021-01-23,Renewal,Pro,59
TXN000427,CUST1006,2021-02-23,Renewal,Pro,59
TXN000428,CUST1006,2021-03-23,Renewal,Pro,59
TXN000429,CUST1006,2021-04-23,Renewal,Pro,59
TXN000430,CUST1006,2021-05-23,Renewal,Pro,59
TXN000431,CUST1006,2021-06-23,Renewal,Pro,59
TXN000432,CUST1006,2021-07-23,Renewal,Pro,59
TXN000433,CUST1006,2021-08-23,Renewal,Pro,59
TXN000434,CUST1006,2021-09-23,Cancellation,Pro,0
TXN000435,CUST1005,2020-04-15,New Subscription,Basic,29
TXN000436,CUST1005,2020-05-15,Renewal,Basic,29
TXN000437,CUST1005,2020-06-15,Renewal,Basic,29
TXN000438,CUST1005,2020-07-15,Renewal,Basic,29
TXN000439,CUST1005,2020-08-15,Renewal,Basic,29
TXN000440,CUST1005,2020-09-15,Renewal,Basic,29
TXN000441,CUST1005,2020-10-15,Renewal,Basic,29
TXN000442,CUST1005,2020-11-15,Renewal,Basic,29
TXN000443,CUST1005,2020-12-15,Renewal,Basic,29
TXN000444,CUST1005,2021-01-15,Renewal,Basic,29
TXN000445,CUST1005,2021-02-15,Renewal,Basic,29
TXN000446,CUST1005,2021-03-15,Renewal,Basic,29
TXN000447,CUST1005,2021-04-15,Renewal,Basic,29
TXN000448,CUST1005,2021-05-15,Renewal,Basic,29
TXN000449,CUST1005,2021-06-15,Renewal,Basic,29
TXN000450,CUST1005,2021-07-15,Renewal,Basic,29
TXN000451,CUST1005,2021-08-15,Renewal,Basic,29
TXN000452,CUST1005,2021-09-15,Renewal,Basic,29
TXN000453,CUST1005,2021-10-15,Renewal,Basic,29
TXN000454,CUST1005,2021-11-15,Renewal,Basic,29
TXN000455,CUST1005,2021-12-15,Renewal,Basic,29
TXN000456,CUST1005,2022-01-15,Renewal,Basic,29
TXN000457,CUST1005,2022-02-15,Renewal,Basic,29
TXN000458,CUST1005,2022-03-15,Renewal,Basic,29
TXN000459,CUST1005,2022-04-15,Renewal,Basic,29
TXN000460,CUST1005,2022-05-15,Renewal,Basic,29
TXN000461,CUST1005,2022-06-15,Renewal,Basic,29
TXN000462,CUST1005,2022-07-15,Renewal,Basic,29
TXN000463,CUST1005,2022-08-15,Renewal,Basic,29
TXN000464,CUST1005,2022-09-15,Cancellation,Basic,0
TXN000465,CUST1018,2020-04-21,New Subscription,Pro,59
TXN000466,CUST1018,2020-05-21,Renewal,Pro,59
TXN000467,CUST1018,2020-06-21,Renewal,Pro,59
TXN000468,CUST1018,2020-07-21,Renewal,Pro,59
TXN000469,CUST1018,2020-08-21,Renewal,Pro,59
TXN000470,CUST1018,2020-09-21,Renewal,Pro,59
TXN000471,CUST1018,2020-10-21,Cancellation,Pro,0
TXN000472,CUST1011,2020-05-03,New Subscription,Basic,29
TXN000473,CUST1011,2020-06-03,Renewal,Basic,29
TXN000474,CUST1011,2020-07-03,Renewal,Basic,29
TXN000475,CUST1011,2020-08-03,Renewal,Basic,29
TXN000476,CUST1011,2020-09-03,Renewal,Basic,29
TXN000477,CUST1011,2020-10-03,Renewal,Basic,29
TXN000478,CUST1011,2020-11-03,Renewal,Basic,29
TXN000479,CUST1011,2020-12-03,Renewal,Basic,29
TXN000480,CUST1011,2021-01-03,Renewal,Basic,29
TXN000481,CUST1011,2021-02-03,Renewal,Basic,29
TXN000482,CUST1011,2021-03-03,Renewal,Basic,29
TXN000483,CUST1011,2021-04-03,Renewal,Basic,29
TXN000484,CUST1011,2021-05-03,Renewal,Basic,29
TXN000485,CUST1011,2021-06-03,Renewal,Basic,29
TXN000486,CUST1011,2021-07-03,Renewal,Basic,29
TXN000487,CUST1011,2021-08-03,Renewal,Basic,29
TXN000488,CUST1011,2021-09-03,Renewal,Basic,29
TXN000489,CUST1011,2021-10-03,Upgrade,Pro,59
TXN000490,CUST1011,2021-11-03,Upgrade,Enterprise,149
TXN000491,CUST1011,2021-12-03,Renewal,Enterprise,149
TXN000492,CUST1011,2022-01-03,Renewal,Enterprise,149
TXN000493,CUST1011,2022-02-03,Renewal,Enterprise,149
TXN000494,CUST1011,2022-03-03,Renewal,Enterprise,149
TXN000495,CUST1011,2022-04-03,Renewal,Enterprise,149
TXN000496,CUST1011,2022-05-03,Renewal,Enterprise,149
TXN000497,CUST1011,2022-06-03,Renewal,Enterprise,149
TXN000498,CUST1011,2022-07-03,Renewal,Enterprise,149
TXN000499,CUST1011,2022-08-03,Renewal,Enterprise,149
TXN000500,CUST1011,2022-09-03,Renewal,Enterprise,149
TXN000501,CUST1011,2022-10-03,Renewal,Enterprise,149
TXN000502,CUST1011,2022-11-03,Renewal,Enterprise,149
TXN000503,CUST1011,2022-12-03,Renewal,Enterprise,149
TXN000504,CUST1011,2023-01-03,Renewal,Enterprise,149
TXN000505,CUST1011,2023-02-03,Cancellation,Enterprise,0
TXN000506,CUST1027,2020-05-17,New Subscription,Basic,29
TXN000507,CUST1027,2020-06-17,Cancellation,Basic,0
TXN000508,CUST1027,2020-10-17,Reactivation,Basic,29
TXN000509,CUST1027,2020-11-17,Renewal,Basic,29
TXN000510,CUST1027,2020-12-17,Renewal,Basic,29
TXN000511,CUST1027,2021-01-17,Renewal,Basic,29
TXN000512,CUST1027,2021-02-17,Renewal,Basic,29
TXN000513,CUST1027,2021-03-17,Renewal,Basic,29
TXN000514,CUST1027,2021-04-17,Renewal,Basic,29
TXN000515,CUST1027,2021-05-17,Renewal,Basic,29
TXN000516,CUST1027,2021-06-17,Renewal,Basic,29
TXN000517,CUST1027,2021-07-17,Renewal,Basic,29
TXN000518,CUST1027,2021-08-17,Renewal,Basic,29
TXN000519,CUST1027,2021-09-17,Renewal,Basic,29
TXN000520,CUST1027,2021-10-17,Renewal,Basic,29
TXN000521,CUST1027,2021-11-17,Renewal,Basic,29
TXN000522,CUST1027,2021-12-17,Cancellation,Basic,0
TXN000523,CUST1027,2022-01-17,Reactivation,Basic,29
TXN000524,CUST1027,2022-02-17,Renewal,Basic,29
TXN000525,CUST1027,2022-03-17,Renewal,Basic,29
TXN000526,CUST1027,2022-04-17,Renewal,Basic,29
TXN000527,CUST1027,2022-05-17,Renewal,Basic,29
TXN000528,CUST1027,2022-06-17,Renewal,Basic,29
TXN000529,CUST1027,2022-07-17,Renewal,Basic,29
TXN000530,CUST1027,2022-08-17,Cancellation,Basic,0
TXN000531,CUST1027,2022-09-17,Reactivation,Basic,29
TXN000532,CUST1027,2022-10-17,Renewal,Basic,29
TXN000533,CUST1027,2022-11-17,Renewal,Basic,29
TXN000534,CUST1027,2022-12-17,Renewal,Basic,29
TXN000535,CUST1027,2023-01-17,Cancellation,Basic,0
TXN000536,CUST1027,2023-02-17,Reactivation,Basic,29
TXN000537,CUST1027,2023-03-17,Renewal,Basic,29
TXN000538,CUST1027,2023-04-17,Renewal,Basic,29
TXN000539,CUST1027,2023-05-17,Renewal,Basic,29
TXN000540,CUST1027,2023-06-17,Renewal,Basic,29
TXN000541,CUST1027,2023-07-17,Renewal,Basic,29
TXN000542,CUST1027,2023-08-17,Renewal,Basic,29
TXN000543,CUST1027,2023-09-17,Renewal,Basic,29
TXN000544,CUST1027,2023-10-17,Renewal,Basic,29
TXN000545,CUST1027,2023-11-17,Renewal,Basic,29
TXN000546,CUST1027,2023-12-17,Renewal,Basic,29
TXN000547,CUST1027,2024-01-17,Renewal,Basic,29
TXN000548,CUST1027,2024-02-17,Renewal,Basic,29
TXN000549,CUST1027,2024-03-17,Renewal,Basic,29
TXN000550,CUST1027,2024-04-17,Renewal,Basic,29
TXN000551,CUST1027,2024-05-17,Renewal,Basic,29
TXN000552,CUST1027,2024-06-17,Renewal,Basic,29
TXN000553,CUST1027,2024-07-17,Renewal,Basic,29
TXN000554,CUST1027,2024-08-17,Renewal,Basic,29
TXN000555,CUST1027,2024-09-17,Renewal,Basic,29
TXN000556,CUST1027,2024-10-17,Renewal,Basic,29
TXN000557,CUST1027,2024-11-17,Renewal,Basic,29
TXN000558,CUST1027,2024-12-17,Renewal,Basic,29
TXN000559,CUST1027,2025-01-17,Renewal,Basic,29
TXN000560,CUST1027,2025-02-17,Renewal,Basic,29
TXN000561,CUST1027,2025-03-17,Renewal,Basic,29
TXN000562,CUST1027,2025-04-17,Renewal,Basic,29
TXN000563,CUST1027,2025-05-17,Renewal,Basic,29
TXN000564,CUST1027,2025-06-17,Renewal,Basic,29
TXN000565,CUST1027,2025-07-17,Renewal,Basic,29
TXN000566,CUST1027,2025-08-17,Renewal,Basic,29
TXN000567,CUST1027,2025-09-17,Renewal,Basic,29
TXN000568,CUST1027,2025-10-17,Renewal,Basic,29
TXN000569,CUST1027,2025-11-17,Renewal,Basic,29
TXN000570,CUST1027,2025-12-17,Renewal,Basic,29
TXN000571,CUST1027,2026-01-17,Upgrade,Pro,59
TXN000572,CUST1027,2026-02-17,Renewal,Pro,59
TXN000573,CUST1027,2026-03-17,Renewal,Pro,59
TXN000574,CUST1027,2026-04-17,Renewal,Pro,59
TXN000575,CUST1027,2026-05-17,Renewal,Pro,59
TXN000576,CUST1027,2026-06-17,Renewal,Pro,59
TXN000577,CUST1027,2026-07-17,Renewal,Pro,59
TXN000578,CUST1027,2026-08-17,Renewal,Pro,59
TXN000579,CUST1015,2020-05-21,New Subscription,Basic,29
TXN000580,CUST1015,2020-06-21,Renewal,Basic,29
TXN000581,CUST1015,2020-07-21,Renewal,Basic,29
TXN000582,CUST1015,2020-08-21,Renewal,Basic,29
TXN000583,CUST1015,2020-09-21,Renewal,Basic,29
TXN000584,CUST1015,2020-10-21,Renewal,Basic,29
TXN000585,CUST1015,2020-11-21,Renewal,Basic,29
TXN000586,CUST1015,2020-12-21,Renewal,Basic,29
TXN000587,CUST1015,2021-01-21,Renewal,Basic,29
TXN000588,CUST1015,2021-02-21,Renewal,Basic,29
TXN000589,CUST1015,2021-03-21,Renewal,Basic,29
TXN000590,CUST1015,2021-04-21,Renewal,Basic,29
TXN000591,CUST1015,2021-05-21,Renewal,Basic,29
TXN000592,CUST1015,2021-06-21,Renewal,Basic,29
TXN000593,CUST1015,2021-07-21,Renewal,Basic,29
TXN000594,CUST1015,2021-08-21,Renewal,Basic,29
TXN000595,CUST1015,2021-09-21,Renewal,Basic,29
TXN000596,CUST1015,2021-10-21,Renewal,Basic,29
TXN000597,CUST1015,2021-11-21,Renewal,Basic,29
TXN000598,CUST1015,2021-12-21,Renewal,Basic,29
TXN000599,CUST1015,2022-01-21,Renewal,Basic,29
TXN000600,CUST1015,2022-02-21,Renewal,Basic,29
TXN000601,CUST1015,2022-03-21,Renewal,Basic,29
TXN000602,CUST1015,2022-04-21,Renewal,Basic,29
TXN000603,CUST1015,2022-05-21,Renewal,Basic,29
TXN000604,CUST1015,2022-06-21,Renewal,Basic,29
TXN000605,CUST1015,2022-07-21,Renewal,Basic,29
TXN000606,CUST1015,2022-08-21,Renewal,Basic,29
TXN000607,CUST1015,2022-09-21,Renewal,Basic,29
TXN000608,CUST1015,2022-10-21,Renewal,Basic,29
TXN000609,CUST1015,2022-11-21,Renewal,Basic,29
TXN000610,CUST1015,2022-12-21,Renewal,Basic,29
TXN000611,CUST1015,2023-01-21,Renewal,Basic,29
TXN000612,CUST1015,2023-02-21,Renewal,Basic,29
TXN000613,CUST1015,2023-03-21,Renewal,Basic,29
TXN000614,CUST1015,2023-04-21,Renewal,Basic,29
TXN000615,CUST1015,2023-05-21,Renewal,Basic,29
TXN000616,CUST1015,2023-06-21,Renewal,Basic,29
TXN000617,CUST1015,2023-07-21,Renewal,Basic,29
TXN000618,CUST1015,2023-08-21,Renewal,Basic,29
TXN000619,CUST1015,2023-09-21,Renewal,Basic,29
TXN000620,CUST1015,2023-10-21,Renewal,Basic,29
TXN000621,CUST1015,2023-11-21,Upgrade,Pro,59
TXN000622,CUST1015,2023-12-21,Renewal,Pro,59
TXN000623,CUST1015,2024-01-21,Renewal,Pro,59
TXN000624,CUST1015,2024-02-21,Renewal,Pro,59
TXN000625,CUST1015,2024-03-21,Upgrade,Enterprise,149
TXN000626,CUST1015,2024-04-21,Renewal,Enterprise,149
TXN000627,CUST1015,2024-05-21,Renewal,Enterprise,149
TXN000628,CUST1015,2024-06-21,Renewal,Enterprise,149
TXN000629,CUST1015,2024-07-21,Renewal,Enterprise,149
TXN000630,CUST1015,2024-08-21,Renewal,Enterprise,149
TXN000631,CUST1015,2024-09-21,Renewal,Enterprise,149
TXN000632,CUST1015,2024-10-21,Renewal,Enterprise,149
TXN000633,CUST1015,2024-11-21,Renewal,Enterprise,149
TXN000634,CUST1015,2024-12-21,Renewal,Enterprise,149
TXN000635,CUST1015,2025-01-21,Renewal,Enterprise,149
TXN000636,CUST1015,2025-02-21,Renewal,Enterprise,149
TXN000637,CUST1015,2025-03-21,Renewal,Enterprise,149
TXN000638,CUST1015,2025-04-21,Renewal,Enterprise,149
TXN000639,CUST1015,2025-05-21,Renewal,Enterprise,149
TXN000640,CUST1015,2025-06-21,Renewal,Enterprise,149
TXN000641,CUST1015,2025-07-21,Renewal,Enterprise,149
TXN000642,CUST1015,2025-08-21,Renewal,Enterprise,149
TXN000643,CUST1015,2025-09-21,Renewal,Enterprise,149
TXN000644,CUST1015,2025-10-21,Renewal,Enterprise,149
TXN000645,CUST1015,2025-11-21,Renewal,Enterprise,149
TXN000646,CUST1015,2025-12-21,Renewal,Enterprise,149
TXN000647,CUST1015,2026-01-21,Renewal,Enterprise,149
TXN000648,CUST1015,2026-02-21,Renewal,Enterprise,149
TXN000649,CUST1015,2026-03-21,Renewal,Enterprise,149
TXN000650,CUST1015,2026-04-21,Renewal,Enterprise,149
TXN000651,CUST1015,2026-05-21,Renewal,Enterprise,149
TXN000652,CUST1015,2026-06-21,Renewal,Enterprise,149
TXN000653,CUST1015,2026-07-21,Renewal,Enterprise,149
TXN000654,CUST1007,2020-06-04,New Subscription,Pro,59
TXN000655,CUST1007,2020-07-04,Cancellation,Pro,0
TXN000656,CUST1010,2020-06-19,New Subscription,Pro,59
TXN000657,CUST1010,2020-07-19,Renewal,Pro,59
TXN000658,CUST1010,2020-08-19,Renewal,Pro,59
TXN000659,CUST1010,2020-09-19,Renewal,Pro,59
TXN000660,CUST1010,2020-10-19,Renewal,Pro,59
TXN000661,CUST1010,2020-11-19,Renewal,Pro,59
TXN000662,CUST1010,2020-12-19,Renewal,Pro,59
TXN000663,CUST1010,2021-01-19,Renewal,Pro,59
TXN000664,CUST1010,2021-02-19,Renewal,Pro,59
TXN000665,CUST1010,2021-03-19,Renewal,Pro,59
TXN000666,CUST1010,2021-04-19,Renewal,Pro,59
TXN000667,CUST1010,2021-05-19,Renewal,Pro,59
TXN000668,CUST1010,2021-06-19,Renewal,Pro,59
TXN000669,CUST1010,2021-07-19,Renewal,Pro,59
TXN000670,CUST1010,2021-08-19,Downgrade,Basic,29
TXN000671,CUST1010,2021-09-19,Renewal,Basic,29
TXN000672,CUST1010,2021-10-19,Renewal,Basic,29
TXN000673,CUST1010,2021-11-19,Renewal,Basic,29
TXN000674,CUST1010,2021-12-19,Renewal,Basic,29
TXN000675,CUST1010,2022-01-19,Renewal,Basic,29
TXN000676,CUST1010,2022-02-19,Renewal,Basic,29
TXN000677,CUST1010,2022-03-19,Renewal,Basic,29
TXN000678,CUST1010,2022-04-19,Renewal,Basic,29
TXN000679,CUST1010,2022-05-19,Renewal,Basic,29
TXN000680,CUST1010,2022-06-19,Renewal,Basic,29
TXN000681,CUST1010,2022-07-19,Renewal,Basic,29
TXN000682,CUST1010,2022-08-19,Renewal,Basic,29
TXN000683,CUST1010,2022-09-19,Renewal,Basic,29
TXN000684,CUST1010,2022-10-19,Renewal,Basic,29
TXN000685,CUST1010,2022-11-19,Renewal,Basic,29
TXN000686,CUST1010,2022-12-19,Renewal,Basic,29
TXN000687,CUST1010,2023-01-19,Renewal,Basic,29
TXN000688,CUST1010,2023-02-19,Renewal,Basic,29
TXN000689,CUST1010,2023-03-19,Renewal,Basic,29
TXN000690,CUST1010,2023-04-19,Renewal,Basic,29
TXN000691,CUST1010,2023-05-19,Renewal,Basic,29
TXN000692,CUST1010,2023-06-19,Renewal,Basic,29
TXN000693,CUST1010,2023-07-19,Renewal,Basic,29
TXN000694,CUST1010,2023-08-19,Renewal,Basic,29
TXN000695,CUST1010,2023-09-19,Renewal,Basic,29
TXN000696,CUST1010,2023-10-19,Renewal,Basic,29
TXN000697,CUST1010,2023-11-19,Renewal,Basic,29
TXN000698,CUST1010,2023-12-19,Renewal,Basic,29
TXN000699,CUST1010,2024-01-19,Renewal,Basic,29
TXN000700,CUST1010,2024-02-19,Renewal,Basic,29
TXN000701,CUST1010,2024-03-19,Renewal,Basic,29
TXN000702,CUST1010,2024-04-19,Renewal,Basic,29
TXN000703,CUST1010,2024-05-19,Renewal,Basic,29
TXN000704,CUST1010,2024-06-19,Renewal,Basic,29
TXN000705,CUST1010,2024-07-19,Renewal,Basic,29
TXN000706,CUST1010,2024-08-19,Renewal,Basic,29
TXN000707,CUST1010,2024-09-19,Renewal,Basic,29
TXN000708,CUST1010,2024-10-19,Renewal,Basic,29
TXN000709,CUST1010,2024-11-19,Renewal,Basic,29
TXN000710,CUST1010,2024-12-19,Renewal,Basic,29
TXN000711,CUST1010,2025-01-19,Renewal,Basic,29
TXN000712,CUST1010,2025-02-19,Renewal,Basic,29
TXN000713,CUST1010,2025-03-19,Renewal,Basic,29
TXN000714,CUST1010,2025-04-19,Renewal,Basic,29
TXN000715,CUST1010,2025-05-19,Renewal,Basic,29
TXN000716,CUST1010,2025-06-19,Renewal,Basic,29
TXN000717,CUST1010,2025-07-19,Renewal,Basic,29
TXN000718,CUST1010,2025-08-19,Renewal,Basic,29
TXN000719,CUST1010,2025-09-19,Renewal,Basic,29
TXN000720,CUST1010,2025-10-19,Renewal,Basic,29
TXN000721,CUST1010,2025-11-19,Renewal,Basic,29
TXN000722,CUST1010,2025-12-19,Renewal,Basic,29
TXN000723,CUST1010,2026-01-19,Renewal,Basic,29
TXN000724,CUST1010,2026-02-19,Renewal,Basic,29
TXN000725,CUST1010,2026-03-19,Renewal,Basic,29
TXN000726,CUST1010,2026-04-19,Renewal,Basic,29
TXN000727,CUST1010,2026-05-19,Renewal,Basic,29
TXN000728,CUST1010,2026-06-19,Renewal,Basic,29
TXN000729,CUST1010,2026-07-19,Renewal,Basic,29
TXN000730,CUST1029,2020-06-25,New Subscription,Enterprise,149
TXN000731,CUST1029,2020-07-25,Renewal,Enterprise,149
TXN000732,CUST1029,2020-08-25,Cancellation,Enterprise,0
TXN000733,CUST1003,2020-07-02,New Subscription,Pro,59
TXN000734,CUST1003,2020-08-02,Renewal,Pro,59
TXN000735,CUST1003,2020-09-02,Renewal,Pro,59
TXN000736,CUST1003,2020-10-02,Renewal,Pro,59
TXN000737,CUST1003,2020-11-02,Renewal,Pro,59
TXN000738,CUST1003,2020-12-02,Renewal,Pro,59
TXN000739,CUST1003,2021-01-02,Renewal,Pro,59
TXN000740,CUST1003,2021-02-02,Renewal,Pro,59
TXN000741,CUST1003,2021-03-02,Renewal,Pro,59
TXN000742,CUST1003,2021-04-02,Renewal,Pro,59
TXN000743,CUST1003,2021-05-02,Renewal,Pro,59
TXN000744,CUST1003,2021-06-02,Renewal,Pro,59
TXN000745,CUST1003,2021-07-02,Renewal,Pro,59
TXN000746,CUST1003,2021-08-02,Renewal,Pro,59
TXN000747,CUST1003,2021-09-02,Downgrade,Basic,29
TXN000748,CUST1003,2021-10-02,Renewal,Basic,29
TXN000749,CUST1003,2021-11-02,Renewal,Basic,29
TXN000750,CUST1003,2021-12-02,Renewal,Basic,29
TXN000751,CUST1003,2022-01-02,Renewal,Basic,29
TXN000752,CUST1003,2022-02-02,Renewal,Basic,29
TXN000753,CUST1003,2022-03-02,Renewal,Basic,29
TXN000754,CUST1003,2022-04-02,Renewal,Basic,29
TXN000755,CUST1003,2022-05-02,Renewal,Basic,29
TXN000756,CUST1003,2022-06-02,Renewal,Basic,29
TXN000757,CUST1003,2022-07-02,Renewal,Basic,29
TXN000758,CUST1003,2022-08-02,Renewal,Basic,29
TXN000759,CUST1003,2022-09-02,Renewal,Basic,29
TXN000760,CUST1003,2022-10-02,Renewal,Basic,29
TXN000761,CUST1003,2022-11-02,Renewal,Basic,29
TXN000762,CUST1003,2022-12-02,Renewal,Basic,29
TXN000763,CUST1003,2023-01-02,Renewal,Basic,29
TXN000764,CUST1003,2023-02-02,Upgrade,Pro,59
TXN000765,CUST1003,2023-03-02,Renewal,Pro,59
TXN000766,CUST1003,2023-04-02,Cancellation,Pro,0
TXN000767,CUST1009,2020-07-03,New Subscription,Pro,59
TXN000768,CUST1009,2020-08-03,Renewal,Pro,59
TXN000769,CUST1009,2020-09-03,Cancellation,Pro,0
TXN000770,CUST1026,2020-07-06,New Subscription,Enterprise,149
TXN000771,CUST1026,2020-08-06,Renewal,Enterprise,149
TXN000772,CUST1026,2020-09-06,Renewal,Enterprise,149
TXN000773,CUST1026,2020-10-06,Renewal,Enterprise,149
TXN000774,CUST1026,2020-11-06,Renewal,Enterprise,149
TXN000775,CUST1026,2020-12-06,Renewal,Enterprise,149
TXN000776,CUST1026,2021-01-06,Renewal,Enterprise,149
TXN000777,CUST1026,2021-02-06,Renewal,Enterprise,149
TXN000778,CUST1026,2021-03-06,Renewal,Enterprise,149
TXN000779,CUST1026,2021-04-06,Renewal,Enterprise,149
TXN000780,CUST1026,2021-05-06,Renewal,Enterprise,149
TXN000781,CUST1026,2021-06-06,Renewal,Enterprise,149
TXN000782,CUST1026,2021-07-06,Renewal,Enterprise,149
TXN000783,CUST1026,2021-08-06,Renewal,Enterprise,149
TXN000784,CUST1026,2021-09-06,Renewal,Enterprise,149
TXN000785,CUST1026,2021-10-06,Renewal,Enterprise,149
TXN000786,CUST1026,2021-11-06,Renewal,Enterprise,149
TXN000787,CUST1026,2021-12-06,Renewal,Enterprise,149
TXN000788,CUST1026,2022-01-06,Renewal,Enterprise,149
TXN000789,CUST1026,2022-02-06,Renewal,Enterprise,149
TXN000790,CUST1026,2022-03-06,Renewal,Enterprise,149
TXN000791,CUST1026,2022-04-06,Renewal,Enterprise,149
TXN000792,CUST1026,2022-05-06,Downgrade,Pro,59
TXN000793,CUST1026,2022-06-06,Renewal,Pro,59
TXN000794,CUST1026,2022-07-06,Renewal,Pro,59
TXN000795,CUST1026,2022-08-06,Renewal,Pro,59
TXN000796,CUST1026,2022-09-06,Renewal,Pro,59
TXN000797,CUST1026,2022-10-06,Renewal,Pro,59
TXN000798,CUST1026,2022-11-06,Renewal,Pro,59
TXN000799,CUST1026,2022-12-06,Renewal,Pro,59
TXN000800,CUST1026,2023-01-06,Renewal,Pro,59
TXN000801,CUST1026,2023-02-06,Renewal,Pro,59
TXN000802,CUST1026,2023-03-06,Renewal,Pro,59
TXN000803,CUST1026,2023-04-06,Renewal,Pro,59
TXN000804,CUST1026,2023-05-06,Renewal,Pro,59
TXN000805,CUST1026,2023-06-06,Renewal,Pro,59
TXN000806,CUST1026,2023-07-06,Renewal,Pro,59
TXN000807,CUST1026,2023-08-06,Renewal,Pro,59
TXN000808,CUST1026,2023-09-06,Renewal,Pro,59
TXN000809,CUST1026,2023-10-06,Renewal,Pro,59
TXN000810,CUST1026,2023-11-06,Renewal,Pro,59
TXN000811,CUST1026,2023-12-06,Renewal,Pro,59
TXN000812,CUST1026,2024-01-06,Renewal,Pro,59
TXN000813,CUST1026,2024-02-06,Renewal,Pro,59
TXN000814,CUST1026,2024-03-06,Renewal,Pro,59
TXN000815,CUST1026,2024-04-06,Renewal,Pro,59
TXN000816,CUST1026,2024-05-06,Renewal,Pro,59
TXN000817,CUST1026,2024-06-06,Renewal,Pro,59
TXN000818,CUST1026,2024-07-06,Renewal,Pro,59
TXN000819,CUST1026,2024-08-06,Renewal,Pro,59
TXN000820,CUST1026,2024-09-06,Renewal,Pro,59
TXN000821,CUST1026,2024-10-06,Cancellation,Pro,0
TXN000822,CUST1023,2020-07-13,New Subscription,Basic,29
TXN000823,CUST1023,2020-08-13,Renewal,Basic,29
TXN000824,CUST1023,2020-09-13,Renewal,Basic,29
TXN000825,CUST1023,2020-10-13,Renewal,Basic,29
TXN000826,CUST1023,2020-11-13,Renewal,Basic,29
TXN000827,CUST1023,2020-12-13,Renewal,Basic,29
TXN000828,CUST1023,2021-01-13,Renewal,Basic,29
TXN000829,CUST1023,2021-02-13,Renewal,Basic,29
TXN000830,CUST1023,2021-03-13,Cancellation,Basic,0
TXN000831,CUST1012,2020-08-21,New Subscription,Basic,29
TXN000832,CUST1012,2020-09-21,Renewal,Basic,29
TXN000833,CUST1012,2020-10-21,Renewal,Basic,29
TXN000834,CUST1012,2020-11-21,Renewal,Basic,29
TXN000835,CUST1012,2020-12-21,Renewal,Basic,29
TXN000836,CUST1012,2021-01-21,Renewal,Basic,29
TXN000837,CUST1012,2021-02-21,Renewal,Basic,29
TXN000838,CUST1012,2021-03-21,Renewal,Basic,29
TXN000839,CUST1012,2021-04-21,Renewal,Basic,29
TXN000840,CUST1012,2021-05-21,Renewal,Basic,29
TXN000841,CUST1012,2021-06-21,Renewal,Basic,29
TXN000842,CUST1012,2021-07-21,Renewal,Basic,29
TXN000843,CUST1012,2021-08-21,Renewal,Basic,29
TXN000844,CUST1012,2021-09-21,Renewal,Basic,29
TXN000845,CUST1012,2021-10-21,Renewal,Basic,29
TXN000846,CUST1012,2021-11-21,Renewal,Basic,29
TXN000847,CUST1012,2021-12-21,Renewal,Basic,29
TXN000848,CUST1012,2022-01-21,Renewal,Basic,29
TXN000849,CUST1012,2022-02-21,Renewal,Basic,29
TXN000850,CUST1012,2022-03-21,Renewal,Basic,29
TXN000851,CUST1012,2022-04-21,Renewal,Basic,29
TXN000852,CUST1012,2022-05-21,Renewal,Basic,29
TXN000853,CUST1012,2022-06-21,Renewal,Basic,29
TXN000854,CUST1012,2022-07-21,Renewal,Basic,29
TXN000855,CUST1012,2022-08-21,Renewal,Basic,29
TXN000856,CUST1012,2022-09-21,Renewal,Basic,29
TXN000857,CUST1012,2022-10-21,Renewal,Basic,29
TXN000858,CUST1012,2022-11-21,Renewal,Basic,29
TXN000859,CUST1012,2022-12-21,Renewal,Basic,29
TXN000860,CUST1012,2023-01-21,Renewal,Basic,29
TXN000861,CUST1012,2023-02-21,Renewal,Basic,29
TXN000862,CUST1012,2023-03-21,Renewal,Basic,29
TXN000863,CUST1012,2023-04-21,Renewal,Basic,29
TXN000864,CUST1012,2023-05-21,Renewal,Basic,29
TXN000865,CUST1012,2023-06-21,Renewal,Basic,29
TXN000866,CUST1012,2023-07-21,Renewal,Basic,29
TXN000867,CUST1012,2023-08-21,Renewal,Basic,29
TXN000868,CUST1012,2023-09-21,Renewal,Basic,29
TXN000869,CUST1012,2023-10-21,Upgrade,Pro,59
TXN000870,CUST1012,2023-11-21,Renewal,Pro,59
TXN000871,CUST1012,2023-12-21,Renewal,Pro,59
TXN000872,CUST1012,2024-01-21,Renewal,Pro,59
TXN000873,CUST1012,2024-02-21,Renewal,Pro,59
TXN000874,CUST1012,2024-03-21,Renewal,Pro,59
TXN000875,CUST1012,2024-04-21,Renewal,Pro,59
TXN000876,CUST1012,2024-05-21,Renewal,Pro,59
TXN000877,CUST1012,2024-06-21,Renewal,Pro,59
TXN000878,CUST1012,2024-07-21,Renewal,Pro,59
TXN000879,CUST1012,2024-08-21,Renewal,Pro,59
TXN000880,CUST1012,2024-09-21,Renewal,Pro,59
TXN000881,CUST1012,2024-10-21,Renewal,Pro,59
TXN000882,CUST1012,2024-11-21,Renewal,Pro,59
TXN000883,CUST1012,2024-12-21,Renewal,Pro,59
TXN000884,CUST1012,2025-01-21,Renewal,Pro,59
TXN000885,CUST1012,2025-02-21,Renewal,Pro,59
TXN000886,CUST1012,2025-03-21,Renewal,Pro,59
TXN000887,CUST1012,2025-04-21,Renewal,Pro,59
TXN000888,CUST1012,2025-05-21,Renewal,Pro,59
TXN000889,CUST1012,2025-06-21,Renewal,Pro,59
TXN000890,CUST1012,2025-07-21,Renewal,Pro,59
TXN000891,CUST1012,2025-08-21,Renewal,Pro,59
TXN000892,CUST1012,2025-09-21,Renewal,Pro,59
TXN000893,CUST1012,2025-10-21,Renewal,Pro,59
TXN000894,CUST1012,2025-11-21,Renewal,Pro,59
TXN000895,CUST1012,2025-12-21,Renewal,Pro,59
TXN000896,CUST1012,2026-01-21,Renewal,Pro,59
TXN000897,CUST1012,2026-02-21,Renewal,Pro,59
TXN000898,CUST1012,2026-03-21,Renewal,Pro,59
TXN000899,CUST1012,2026-04-21,Renewal,Pro,59
TXN000900,CUST1012,2026-05-21,Renewal,Pro,59
TXN000901,CUST1012,2026-06-21,Renewal,Pro,59
TXN000902,CUST1012,2026-07-21,Renewal,Pro,59
TXN000903,CUST1025,2020-09-25,New Subscription,Basic,29
TXN000904,CUST1025,2020-10-25,Renewal,Basic,29
TXN000905,CUST1025,2020-11-25,Renewal,Basic,29
TXN000906,CUST1025,2020-12-25,Renewal,Basic,29
TXN000907,CUST1025,2021-01-25,Renewal,Basic,29
TXN000908,CUST1025,2021-02-25,Renewal,Basic,29
TXN000909,CUST1025,2021-03-25,Renewal,Basic,29
TXN000910,CUST1025,2021-04-25,Renewal,Basic,29
TXN000911,CUST1025,2021-05-25,Renewal,Basic,29
TXN000912,CUST1025,2021-06-25,Renewal,Basic,29
TXN000913,CUST1025,2021-07-25,Renewal,Basic,29
TXN000914,CUST1025,2021-08-25,Renewal,Basic,29
TXN000915,CUST1025,2021-09-25,Renewal,Basic,29
TXN000916,CUST1025,2021-10-25,Renewal,Basic,29
TXN000917,CUST1025,2021-11-25,Renewal,Basic,29
TXN000918,CUST1025,2021-12-25,Renewal,Basic,29
TXN000919,CUST1025,2022-01-25,Renewal,Basic,29
TXN000920,CUST1025,2022-02-25,Renewal,Basic,29
TXN000921,CUST1025,2022-03-25,Renewal,Basic,29
TXN000922,CUST1025,2022-04-25,Renewal,Basic,29
TXN000923,CUST1025,2022-05-25,Renewal,Basic,29
TXN000924,CUST1025,2022-06-25,Renewal,Basic,29
TXN000925,CUST1025,2022-07-25,Upgrade,Pro,59
TXN000926,CUST1025,2022-08-25,Renewal,Pro,59
TXN000927,CUST1025,2022-09-25,Renewal,Pro,59
TXN000928,CUST1025,2022-10-25,Renewal,Pro,59
TXN000929,CUST1025,2022-11-25,Renewal,Pro,59
TXN000930,CUST1025,2022-12-25,Renewal,Pro,59
TXN000931,CUST1025,2023-01-25,Renewal,Pro,59
TXN000932,CUST1025,2023-02-25,Renewal,Pro,59
TXN000933,CUST1025,2023-03-25,Renewal,Pro,59
TXN000934,CUST1025,2023-04-25,Renewal,Pro,59
TXN000935,CUST1025,2023-05-25,Renewal,Pro,59
TXN000936,CUST1025,2023-06-25,Renewal,Pro,59
TXN000937,CUST1025,2023-07-25,Renewal,Pro,59
TXN000938,CUST1025,2023-08-25,Renewal,Pro,59
TXN000939,CUST1025,2023-09-25,Renewal,Pro,59
TXN000940,CUST1025,2023-10-25,Renewal,Pro,59
TXN000941,CUST1025,2023-11-25,Renewal,Pro,59
TXN000942,CUST1025,2023-12-25,Renewal,Pro,59
TXN000943,CUST1025,2024-01-25,Renewal,Pro,59
TXN000944,CUST1025,2024-02-25,Renewal,Pro,59
TXN000945,CUST1025,2024-03-25,Renewal,Pro,59
TXN000946,CUST1025,2024-04-25,Renewal,Pro,59
TXN000947,CUST1025,2024-05-25,Renewal,Pro,59
TXN000948,CUST1025,2024-06-25,Renewal,Pro,59
TXN000949,CUST1025,2024-07-25,Renewal,Pro,59
TXN000950,CUST1025,2024-08-25,Renewal,Pro,59
TXN000951,CUST1025,2024-09-25,Renewal,Pro,59
TXN000952,CUST1025,2024-10-25,Renewal,Pro,59
TXN000953,CUST1025,2024-11-25,Renewal,Pro,59
TXN000954,CUST1025,2024-12-25,Renewal,Pro,59
TXN000955,CUST1025,2025-01-25,Renewal,Pro,59
TXN000956,CUST1025,2025-02-25,Renewal,Pro,59
TXN000957,CUST1025,2025-03-25,Renewal,Pro,59
TXN000958,CUST1025,2025-04-25,Renewal,Pro,59
TXN000959,CUST1025,2025-05-25,Renewal,Pro,59
TXN000960,CUST1025,2025-06-25,Renewal,Pro,59
TXN000961,CUST1025,2025-07-25,Renewal,Pro,59
TXN000962,CUST1025,2025-08-25,Renewal,Pro,59
TXN000963,CUST1025,2025-09-25,Renewal,Pro,59
TXN000964,CUST1025,2025-10-25,Renewal,Pro,59
TXN000965,CUST1025,2025-11-25,Renewal,Pro,59
TXN000966,CUST1025,2025-12-25,Renewal,Pro,59
TXN000967,CUST1025,2026-01-25,Renewal,Pro,59
TXN000968,CUST1025,2026-02-25,Renewal,Pro,59
TXN000969,CUST1025,2026-03-25,Renewal,Pro,59
TXN000970,CUST1025,2026-04-25,Renewal,Pro,59
TXN000971,CUST1025,2026-05-25,Renewal,Pro,59
TXN000972,CUST1025,2026-06-25,Renewal,Pro,59
TXN000973,CUST1025,2026-07-25,Renewal,Pro,59
TXN000974,CUST1024,2020-09-28,New Subscription,Basic,29
TXN000975,CUST1024,2020-10-28,Renewal,Basic,29
TXN000976,CUST1024,2020-11-28,Renewal,Basic,29
TXN000977,CUST1024,2020-12-28,Renewal,Basic,29
TXN000978,CUST1024,2021-01-28,Renewal,Basic,29
TXN000979,CUST1024,2021-02-28,Renewal,Basic,29
TXN000980,CUST1024,2021-03-28,Renewal,Basic,29
TXN000981,CUST1024,2021-04-28,Renewal,Basic,29
TXN000982,CUST1024,2021-05-28,Renewal,Basic,29
TXN000983,CUST1024,2021-06-28,Renewal,Basic,29
TXN000984,CUST1024,2021-07-28,Renewal,Basic,29
TXN000985,CUST1024,2021-08-28,Renewal,Basic,29
TXN000986,CUST1024,2021-09-28,Renewal,Basic,29
TXN000987,CUST1024,2021-10-28,Renewal,Basic,29
TXN000988,CUST1024,2021-11-28,Renewal,Basic,29
TXN000989,CUST1024,2021-12-28,Renewal,Basic,29
TXN000990,CUST1024,2022-01-28,Renewal,Basic,29
TXN000991,CUST1024,2022-02-28,Renewal,Basic,29
TXN000992,CUST1024,2022-03-28,Renewal,Basic,29
TXN000993,CUST1024,2022-04-28,Renewal,Basic,29
TXN000994,CUST1024,2022-05-28,Renewal,Basic,29
TXN000995,CUST1024,2022-06-28,Cancellation,Basic,0
TXN000996,CUST1008,2020-10-09,New Subscription,Pro,59
TXN000997,CUST1008,2020-11-09,Renewal,Pro,59
TXN000998,CUST1008,2020-12-09,Renewal,Pro,59
TXN000999,CUST1008,2021-01-09,Renewal,Pro,59
TXN001000,CUST1008,2021-02-09,Renewal,Pro,59
TXN001001,CUST1008,2021-03-09,Renewal,Pro,59
TXN001002,CUST1008,2021-04-09,Renewal,Pro,59
TXN001003,CUST1008,2021-05-09,Renewal,Pro,59
TXN001004,CUST1008,2021-06-09,Renewal,Pro,59
TXN001005,CUST1008,2021-07-09,Renewal,Pro,59
TXN001006,CUST1008,2021-08-09,Renewal,Pro,59
TXN001007,CUST1008,2021-09-09,Renewal,Pro,59
TXN001008,CUST1008,2021-10-09,Renewal,Pro,59
TXN001009,CUST1008,2021-11-09,Renewal,Pro,59
TXN001010,CUST1008,2021-12-09,Renewal,Pro,59
TXN001011,CUST1008,2022-01-09,Renewal,Pro,59
TXN001012,CUST1008,2022-02-09,Renewal,Pro,59
TXN001013,CUST1008,2022-03-09,Renewal,Pro,59
TXN001014,CUST1008,2022-04-09,Renewal,Pro,59
TXN001015,CUST1008,2022-05-09,Renewal,Pro,59
TXN001016,CUST1008,2022-06-09,Renewal,Pro,59
TXN001017,CUST1008,2022-07-09,Renewal,Pro,59
TXN001018,CUST1008,2022-08-09,Renewal,Pro,59
TXN001019,CUST1008,2022-09-09,Renewal,Pro,59
TXN001020,CUST1008,2022-10-09,Renewal,Pro,59
TXN001021,CUST1008,2022-11-09,Renewal,Pro,59
TXN001022,CUST1008,2022-12-09,Renewal,Pro,59
TXN001023,CUST1008,2023-01-09,Renewal,Pro,59
TXN001024,CUST1008,2023-02-09,Upgrade,Enterprise,149
TXN001025,CUST1008,2023-03-09,Renewal,Enterprise,149
TXN001026,CUST1008,2023-04-09,Renewal,Enterprise,149
TXN001027,CUST1008,2023-05-09,Renewal,Enterprise,149
TXN001028,CUST1008,2023-06-09,Renewal,Enterprise,149
TXN001029,CUST1008,2023-07-09,Renewal,Enterprise,149
TXN001030,CUST1008,2023-08-09,Renewal,Enterprise,149
TXN001031,CUST1008,2023-09-09,Renewal,Enterprise,149
TXN001032,CUST1008,2023-10-09,Renewal,Enterprise,149
TXN001033,CUST1008,2023-11-09,Renewal,Enterprise,149
TXN001034,CUST1008,2023-12-09,Renewal,Enterprise,149
TXN001035,CUST1008,2024-01-09,Renewal,Enterprise,149
TXN001036,CUST1008,2024-02-09,Renewal,Enterprise,149
TXN001037,CUST1008,2024-03-09,Renewal,Enterprise,149
TXN001038,CUST1008,2024-04-09,Renewal,Enterprise,149
TXN001039,CUST1008,2024-05-09,Renewal,Enterprise,149
TXN001040,CUST1008,2024-06-09,Renewal,Enterprise,149
TXN001041,CUST1008,2024-07-09,Renewal,Enterprise,149
TXN001042,CUST1008,2024-08-09,Renewal,Enterprise,149
TXN001043,CUST1008,2024-09-09,Renewal,Enterprise,149
TXN001044,CUST1008,2024-10-09,Renewal,Enterprise,149
TXN001045,CUST1008,2024-11-09,Renewal,Enterprise,149
TXN001046,CUST1008,2024-12-09,Renewal,Enterprise,149
TXN001047,CUST1008,2025-01-09,Renewal,Enterprise,149
TXN001048,CUST1008,2025-02-09,Renewal,Enterprise,149
TXN001049,CUST1008,2025-03-09,Renewal,Enterprise,149
TXN001050,CUST1008,2025-04-09,Renewal,Enterprise,149
TXN001051,CUST1008,2025-05-09,Downgrade,Pro,59
TXN001052,CUST1008,2025-06-09,Renewal,Pro,59
TXN001053,CUST1008,2025-07-09,Renewal,Pro,59
TXN001054,CUST1008,2025-08-09,Renewal,Pro,59
TXN001055,CUST1008,2025-09-09,Renewal,Pro,59
TXN001056,CUST1008,2025-10-09,Renewal,Pro,59
TXN001057,CUST1008,2025-11-09,Renewal,Pro,59
TXN001058,CUST1008,2025-12-09,Renewal,Pro,59
TXN001059,CUST1008,2026-01-09,Renewal,Pro,59
TXN001060,CUST1008,2026-02-09,Renewal,Pro,59
TXN001061,CUST1008,2026-03-09,Renewal,Pro,59
TXN001062,CUST1008,2026-04-09,Renewal,Pro,59
TXN001063,CUST1008,2026-05-09,Renewal,Pro,59
TXN001064,CUST1008,2026-06-09,Renewal,Pro,59
TXN001065,CUST1008,2026-07-09,Renewal,Pro,59
TXN001066,CUST1008,2026-08-09,Renewal,Pro,59
TXN001067,CUST1001,2020-11-04,New Subscription,Basic,29
TXN001068,CUST1001,2020-12-04,Renewal,Basic,29
TXN001069,CUST1001,2021-01-04,Upgrade,Pro,59
TXN001070,CUST1001,2021-02-04,Renewal,Pro,59
TXN001071,CUST1001,2021-03-04,Renewal,Pro,59
TXN001072,CUST1001,2021-04-04,Renewal,Pro,59
TXN001073,CUST1001,2021-05-04,Renewal,Pro,59
TXN001074,CUST1001,2021-06-04,Renewal,Pro,59
TXN001075,CUST1001,2021-07-04,Renewal,Pro,59
TXN001076,CUST1001,2021-08-04,Renewal,Pro,59
TXN001077,CUST1001,2021-09-04,Renewal,Pro,59
TXN001078,CUST1001,2021-10-04,Renewal,Pro,59
TXN001079,CUST1001,2021-11-04,Renewal,Pro,59
TXN001080,CUST1001,2021-12-04,Renewal,Pro,59
TXN001081,CUST1001,2022-01-04,Renewal,Pro,59
TXN001082,CUST1001,2022-02-04,Renewal,Pro,59
TXN001083,CUST1001,2022-03-04,Renewal,Pro,59
TXN001084,CUST1001,2022-04-04,Renewal,Pro,59
TXN001085,CUST1001,2022-05-04,Renewal,Pro,59
TXN001086,CUST1001,2022-06-04,Renewal,Pro,59
TXN001087,CUST1001,2022-07-04,Renewal,Pro,59
TXN001088,CUST1001,2022-08-04,Renewal,Pro,59
TXN001089,CUST1001,2022-09-04,Renewal,Pro,59
TXN001090,CUST1001,2022-10-04,Renewal,Pro,59
TXN001091,CUST1001,2022-11-04,Cancellation,Pro,0
TXN001092,CUST1014,2020-11-06,New Subscription,Basic,29
TXN001093,CUST1014,2020-12-06,Renewal,Basic,29
TXN001094,CUST1014,2021-01-06,Renewal,Basic,29
TXN001095,CUST1014,2021-02-06,Renewal,Basic,29
TXN001096,CUST1014,2021-03-06,Renewal,Basic,29
TXN001097,CUST1014,2021-04-06,Renewal,Basic,29
TXN001098,CUST1014,2021-05-06,Renewal,Basic,29
TXN001099,CUST1014,2021-06-06,Renewal,Basic,29
TXN001100,CUST1014,2021-07-06,Renewal,Basic,29
TXN001101,CUST1014,2021-08-06,Renewal,Basic,29
TXN001102,CUST1014,2021-09-06,Renewal,Basic,29
TXN001103,CUST1014,2021-10-06,Upgrade,Pro,59
TXN001104,CUST1014,2021-11-06,Downgrade,Basic,29
TXN001105,CUST1014,2021-12-06,Renewal,Basic,29
TXN001106,CUST1014,2022-01-06,Renewal,Basic,29
TXN001107,CUST1014,2022-02-06,Renewal,Basic,29
TXN001108,CUST1014,2022-03-06,Renewal,Basic,29
TXN001109,CUST1014,2022-04-06,Renewal,Basic,29
TXN001110,CUST1014,2022-05-06,Renewal,Basic,29
TXN001111,CUST1014,2022-06-06,Renewal,Basic,29
TXN001112,CUST1014,2022-07-06,Renewal,Basic,29
TXN001113,CUST1014,2022-08-06,Renewal,Basic,29
TXN001114,CUST1014,2022-09-06,Renewal,Basic,29
TXN001115,CUST1014,2022-10-06,Renewal,Basic,29
TXN001116,CUST1014,2022-11-06,Renewal,Basic,29
TXN001117,CUST1014,2022-12-06,Renewal,Basic,29
TXN001118,CUST1014,2023-01-06,Renewal,Basic,29
TXN001119,CUST1014,2023-02-06,Renewal,Basic,29
TXN001120,CUST1014,2023-03-06,Renewal,Basic,29
TXN001121,CUST1014,2023-04-06,Renewal,Basic,29
TXN001122,CUST1014,2023-05-06,Renewal,Basic,29
TXN001123,CUST1014,2023-06-06,Renewal,Basic,29
TXN001124,CUST1014,2023-07-06,Renewal,Basic,29
TXN001125,CUST1014,2023-08-06,Renewal,Basic,29
TXN001126,CUST1014,2023-09-06,Renewal,Basic,29
TXN001127,CUST1014,2023-10-06,Renewal,Basic,29
TXN001128,CUST1014,2023-11-06,Renewal,Basic,29
TXN001129,CUST1014,2023-12-06,Renewal,Basic,29
TXN001130,CUST1014,2024-01-06,Renewal,Basic,29
TXN001131,CUST1014,2024-02-06,Renewal,Basic,29
TXN001132,CUST1014,2024-03-06,Renewal,Basic,29
TXN001133,CUST1014,2024-04-06,Renewal,Basic,29
TXN001134,CUST1014,2024-05-06,Renewal,Basic,29
TXN001135,CUST1014,2024-06-06,Renewal,Basic,29
TXN001136,CUST1014,2024-07-06,Renewal,Basic,29
TXN001137,CUST1014,2024-08-06,Renewal,Basic,29
TXN001138,CUST1014,2024-09-06,Renewal,Basic,29
TXN001139,CUST1014,2024-10-06,Renewal,Basic,29
TXN001140,CUST1014,2024-11-06,Renewal,Basic,29
TXN001141,CUST1014,2024-12-06,Renewal,Basic,29
TXN001142,CUST1014,2025-01-06,Renewal,Basic,29
TXN001143,CUST1014,2025-02-06,Renewal,Basic,29
TXN001144,CUST1014,2025-03-06,Renewal,Basic,29
TXN001145,CUST1014,2025-04-06,Renewal,Basic,29
TXN001146,CUST1014,2025-05-06,Upgrade,Pro,59
TXN001147,CUST1014,2025-06-06,Renewal,Pro,59
TXN001148,CUST1014,2025-07-06,Renewal,Pro,59
TXN001149,CUST1014,2025-08-06,Renewal,Pro,59
TXN001150,CUST1014,2025-09-06,Renewal,Pro,59
TXN001151,CUST1014,2025-10-06,Renewal,Pro,59
TXN001152,CUST1014,2025-11-06,Renewal,Pro,59
TXN001153,CUST1014,2025-12-06,Renewal,Pro,59
TXN001154,CUST1014,2026-01-06,Renewal,Pro,59
TXN001155,CUST1014,2026-02-06,Renewal,Pro,59
TXN001156,CUST1014,2026-03-06,Renewal,Pro,59
TXN001157,CUST1014,2026-04-06,Renewal,Pro,59
TXN001158,CUST1014,2026-05-06,Renewal,Pro,59
TXN001159,CUST1014,2026-06-06,Renewal,Pro,59
TXN001160,CUST1014,2026-07-06,Renewal,Pro,59
TXN001161,CUST1014,2026-08-06,Renewal,Pro,59
TXN001162,CUST1013,2020-11-09,New Subscription,Basic,29
TXN001163,CUST1013,2020-12-09,Renewal,Basic,29
TXN001164,CUST1013,2021-01-09,Renewal,Basic,29
TXN001165,CUST1013,2021-02-09,Renewal,Basic,29
TXN001166,CUST1013,2021-03-09,Renewal,Basic,29
TXN001167,CUST1013,2021-04-09,Renewal,Basic,29
TXN001168,CUST1013,2021-05-09,Renewal,Basic,29
TXN001169,CUST1013,2021-06-09,Renewal,Basic,29
TXN001170,CUST1013,2021-07-09,Renewal,Basic,29
TXN001171,CUST1013,2021-08-09,Renewal,Basic,29
TXN001172,CUST1013,2021-09-09,Renewal,Basic,29
TXN001173,CUST1013,2021-10-09,Renewal,Basic,29
TXN001174,CUST1013,2021-11-09,Renewal,Basic,29
TXN001175,CUST1013,2021-12-09,Renewal,Basic,29
TXN001176,CUST1013,2022-01-09,Renewal,Basic,29
TXN001177,CUST1013,2022-02-09,Renewal,Basic,29
TXN001178,CUST1013,2022-03-09,Renewal,Basic,29
TXN001179,CUST1013,2022-04-09,Renewal,Basic,29
TXN001180,CUST1013,2022-05-09,Renewal,Basic,29
TXN001181,CUST1013,2022-06-09,Renewal,Basic,29
TXN001182,CUST1013,2022-07-09,Renewal,Basic,29
TXN001183,CUST1013,2022-08-09,Renewal,Basic,29
TXN001184,CUST1013,2022-09-09,Renewal,Basic,29
TXN001185,CUST1013,2022-10-09,Renewal,Basic,29
TXN001186,CUST1013,2022-11-09,Renewal,Basic,29
TXN001187,CUST1013,2022-12-09,Cancellation,Basic,0
TXN001188,CUST1028,2020-11-10,New Subscription,Basic,29
TXN001189,CUST1028,2020-12-10,Renewal,Basic,29
TXN001190,CUST1028,2021-01-10,Renewal,Basic,29
TXN001191,CUST1028,2021-02-10,Renewal,Basic,29
TXN001192,CUST1028,2021-03-10,Renewal,Basic,29
TXN001193,CUST1028,2021-04-10,Renewal,Basic,29
TXN001194,CUST1028,2021-05-10,Renewal,Basic,29
TXN001195,CUST1028,2021-06-10,Renewal,Basic,29
TXN001196,CUST1028,2021-07-10,Renewal,Basic,29
TXN001197,CUST1028,2021-08-10,Renewal,Basic,29
TXN001198,CUST1028,2021-09-10,Renewal,Basic,29
TXN001199,CUST1028,2021-10-10,Renewal,Basic,29
TXN001200,CUST1028,2021-11-10,Renewal,Basic,29
TXN001201,CUST1028,2021-12-10,Renewal,Basic,29
TXN001202,CUST1028,2022-01-10,Renewal,Basic,29
TXN001203,CUST1028,2022-02-10,Renewal,Basic,29
TXN001204,CUST1028,2022-03-10,Renewal,Basic,29
TXN001205,CUST1028,2022-04-10,Renewal,Basic,29
TXN001206,CUST1028,2022-05-10,Renewal,Basic,29
TXN001207,CUST1028,2022-06-10,Cancellation,Basic,0
TXN001208,CUST1028,2022-09-10,Reactivation,Basic,29
TXN001209,CUST1028,2022-10-10,Renewal,Basic,29
TXN001210,CUST1028,2022-11-10,Renewal,Basic,29
TXN001211,CUST1028,2022-12-10,Renewal,Basic,29
TXN001212,CUST1028,2023-01-10,Renewal,Basic,29
TXN001213,CUST1028,2023-02-10,Renewal,Basic,29
TXN001214,CUST1028,2023-03-10,Renewal,Basic,29
TXN001215,CUST1028,2023-04-10,Renewal,Basic,29
TXN001216,CUST1028,2023-05-10,Renewal,Basic,29
TXN001217,CUST1028,2023-06-10,Cancellation,Basic,0
TXN001218,CUST1028,2023-07-10,Reactivation,Basic,29
TXN001219,CUST1028,2023-08-10,Renewal,Basic,29
TXN001220,CUST1028,2023-09-10,Renewal,Basic,29
TXN001221,CUST1028,2023-10-10,Renewal,Basic,29
TXN001222,CUST1028,2023-11-10,Renewal,Basic,29
TXN001223,CUST1028,2023-12-10,Renewal,Basic,29
TXN001224,CUST1028,2024-01-10,Renewal,Basic,29
TXN001225,CUST1028,2024-02-10,Renewal,Basic,29
TXN001226,CUST1028,2024-03-10,Renewal,Basic,29
TXN001227,CUST1028,2024-04-10,Renewal,Basic,29
TXN001228,CUST1028,2024-05-10,Cancellation,Basic,0
TXN001229,CUST1028,2024-06-10,Reactivation,Basic,29
TXN001230,CUST1028,2024-07-10,Renewal,Basic,29
TXN001231,CUST1028,2024-08-10,Renewal,Basic,29
TXN001232,CUST1028,2024-09-10,Renewal,Basic,29
TXN001233,CUST1028,2024-10-10,Renewal,Basic,29
TXN001234,CUST1028,2024-11-10,Renewal,Basic,29
TXN001235,CUST1028,2024-12-10,Renewal,Basic,29
TXN001236,CUST1028,2025-01-10,Cancellation,Basic,0
TXN001237,CUST1028,2025-02-10,Reactivation,Basic,29
TXN001238,CUST1028,2025-03-10,Renewal,Basic,29
TXN001239,CUST1028,2025-04-10,Renewal,Basic,29
TXN001240,CUST1028,2025-05-10,Renewal,Basic,29
TXN001241,CUST1028,2025-06-10,Renewal,Basic,29
TXN001242,CUST1028,2025-07-10,Renewal,Basic,29
TXN001243,CUST1028,2025-08-10,Renewal,Basic,29
TXN001244,CUST1028,2025-09-10,Renewal,Basic,29
TXN001245,CUST1028,2025-10-10,Renewal,Basic,29
TXN001246,CUST1028,2025-11-10,Renewal,Basic,29
TXN001247,CUST1028,2025-12-10,Renewal,Basic,29
TXN001248,CUST1028,2026-01-10,Renewal,Basic,29
TXN001249,CUST1028,2026-02-10,Renewal,Basic,29
TXN001250,CUST1028,2026-03-10,Renewal,Basic,29
TXN001251,CUST1028,2026-04-10,Renewal,Basic,29
TXN001252,CUST1028,2026-05-10,Renewal,Basic,29
TXN001253,CUST1028,2026-06-10,Renewal,Basic,29
TXN001254,CUST1028,2026-07-10,Renewal,Basic,29
TXN001255,CUST1028,2026-08-10,Renewal,Basic,29
TXN001256,CUST1002,2020-12-04,New Subscription,Basic,29
TXN001257,CUST1002,2021-01-04,Renewal,Basic,29
TXN001258,CUST1002,2021-02-04,Renewal,Basic,29
TXN001259,CUST1002,2021-03-04,Renewal,Basic,29
TXN001260,CUST1002,2021-04-04,Renewal,Basic,29
TXN001261,CUST1002,2021-05-04,Renewal,Basic,29
TXN001262,CUST1002,2021-06-04,Renewal,Basic,29
TXN001263,CUST1002,2021-07-04,Renewal,Basic,29
TXN001264,CUST1002,2021-08-04,Renewal,Basic,29
TXN001265,CUST1002,2021-09-04,Renewal,Basic,29
TXN001266,CUST1002,2021-10-04,Renewal,Basic,29
TXN001267,CUST1002,2021-11-04,Upgrade,Pro,59
TXN001268,CUST1002,2021-12-04,Renewal,Pro,59
TXN001269,CUST1002,2022-01-04,Renewal,Pro,59
TXN001270,CUST1002,2022-02-04,Renewal,Pro,59
TXN001271,CUST1002,2022-03-04,Renewal,Pro,59
TXN001272,CUST1002,2022-04-04,Renewal,Pro,59
TXN001273,CUST1002,2022-05-04,Renewal,Pro,59
TXN001274,CUST1002,2022-06-04,Renewal,Pro,59
TXN001275,CUST1002,2022-07-04,Renewal,Pro,59
TXN001276,CUST1002,2022-08-04,Renewal,Pro,59
TXN001277,CUST1002,2022-09-04,Renewal,Pro,59
TXN001278,CUST1002,2022-10-04,Renewal,Pro,59
TXN001279,CUST1002,2022-11-04,Renewal,Pro,59
TXN001280,CUST1002,2022-12-04,Renewal,Pro,59
TXN001281,CUST1002,2023-01-04,Cancellation,Pro,0
TXN001282,CUST1020,2020-12-19,New Subscription,Basic,29
TXN001283,CUST1020,2021-01-19,Renewal,Basic,29
TXN001284,CUST1020,2021-02-19,Renewal,Basic,29
TXN001285,CUST1020,2021-03-19,Renewal,Basic,29
TXN001286,CUST1020,2021-04-19,Renewal,Basic,29
TXN001287,CUST1020,2021-05-19,Renewal,Basic,29
TXN001288,CUST1020,2021-06-19,Renewal,Basic,29
TXN001289,CUST1020,2021-07-19,Renewal,Basic,29
TXN001290,CUST1020,2021-08-19,Renewal,Basic,29
TXN001291,CUST1020,2021-09-19,Renewal,Basic,29
TXN001292,CUST1020,2021-10-19,Renewal,Basic,29
TXN001293,CUST1020,2021-11-19,Renewal,Basic,29
TXN001294,CUST1020,2021-12-19,Renewal,Basic,29
TXN001295,CUST1020,2022-01-19,Renewal,Basic,29
TXN001296,CUST1020,2022-02-19,Renewal,Basic,29
TXN001297,CUST1020,2022-03-19,Cancellation,Basic,0
TXN001298,CUST1068,2021-01-03,New Subscription,Basic,29
TXN001299,CUST1068,2021-02-03,Renewal,Basic,29
TXN001300,CUST1068,2021-03-03,Renewal,Basic,29
TXN001301,CUST1068,2021-04-03,Renewal,Basic,29
TXN001302,CUST1068,2021-05-03,Renewal,Basic,29
TXN001303,CUST1068,2021-06-03,Renewal,Basic,29
TXN001304,CUST1068,2021-07-03,Renewal,Basic,29
TXN001305,CUST1068,2021-08-03,Renewal,Basic,29
TXN001306,CUST1068,2021-09-03,Renewal,Basic,29
TXN001307,CUST1068,2021-10-03,Renewal,Basic,29
TXN001308,CUST1068,2021-11-03,Renewal,Basic,29
TXN001309,CUST1068,2021-12-03,Renewal,Basic,29
TXN001310,CUST1068,2022-01-03,Renewal,Basic,29
TXN001311,CUST1068,2022-02-03,Renewal,Basic,29
TXN001312,CUST1068,2022-03-03,Renewal,Basic,29
TXN001313,CUST1068,2022-04-03,Renewal,Basic,29
TXN001314,CUST1068,2022-05-03,Renewal,Basic,29
TXN001315,CUST1068,2022-06-03,Renewal,Basic,29
TXN001316,CUST1068,2022-07-03,Renewal,Basic,29
TXN001317,CUST1068,2022-08-03,Renewal,Basic,29
TXN001318,CUST1068,2022-09-03,Renewal,Basic,29
TXN001319,CUST1068,2022-10-03,Renewal,Basic,29
TXN001320,CUST1068,2022-11-03,Renewal,Basic,29
TXN001321,CUST1068,2022-12-03,Renewal,Basic,29
TXN001322,CUST1068,2023-01-03,Renewal,Basic,29
TXN001323,CUST1068,2023-02-03,Renewal,Basic,29
TXN001324,CUST1068,2023-03-03,Renewal,Basic,29
TXN001325,CUST1068,2023-04-03,Renewal,Basic,29
TXN001326,CUST1068,2023-05-03,Renewal,Basic,29
TXN001327,CUST1068,2023-06-03,Renewal,Basic,29
TXN001328,CUST1068,2023-07-03,Renewal,Basic,29
TXN001329,CUST1068,2023-08-03,Renewal,Basic,29
TXN001330,CUST1068,2023-09-03,Renewal,Basic,29
TXN001331,CUST1068,2023-10-03,Renewal,Basic,29
TXN001332,CUST1068,2023-11-03,Renewal,Basic,29
TXN001333,CUST1068,2023-12-03,Renewal,Basic,29
TXN001334,CUST1068,2024-01-03,Renewal,Basic,29
TXN001335,CUST1068,2024-02-03,Renewal,Basic,29
TXN001336,CUST1068,2024-03-03,Renewal,Basic,29
TXN001337,CUST1068,2024-04-03,Renewal,Basic,29
TXN001338,CUST1068,2024-05-03,Renewal,Basic,29
TXN001339,CUST1068,2024-06-03,Renewal,Basic,29
TXN001340,CUST1068,2024-07-03,Renewal,Basic,29
TXN001341,CUST1068,2024-08-03,Renewal,Basic,29
TXN001342,CUST1068,2024-09-03,Renewal,Basic,29
TXN001343,CUST1068,2024-10-03,Renewal,Basic,29
TXN001344,CUST1068,2024-11-03,Renewal,Basic,29
TXN001345,CUST1068,2024-12-03,Renewal,Basic,29
TXN001346,CUST1068,2025-01-03,Renewal,Basic,29
TXN001347,CUST1068,2025-02-03,Renewal,Basic,29
TXN001348,CUST1068,2025-03-03,Renewal,Basic,29
TXN001349,CUST1068,2025-04-03,Renewal,Basic,29
TXN001350,CUST1068,2025-05-03,Renewal,Basic,29
TXN001351,CUST1068,2025-06-03,Renewal,Basic,29
TXN001352,CUST1068,2025-07-03,Renewal,Basic,29
TXN001353,CUST1068,2025-08-03,Renewal,Basic,29
TXN001354,CUST1068,2025-09-03,Cancellation,Basic,0
TXN001355,CUST1073,2021-01-12,New Subscription,Basic,29
TXN001356,CUST1073,2021-02-12,Renewal,Basic,29
TXN001357,CUST1073,2021-03-12,Renewal,Basic,29
TXN001358,CUST1073,2021-04-12,Renewal,Basic,29
TXN001359,CUST1073,2021-05-12,Renewal,Basic,29
TXN001360,CUST1073,2021-06-12,Renewal,Basic,29
TXN001361,CUST1073,2021-07-12,Renewal,Basic,29
TXN001362,CUST1073,2021-08-12,Renewal,Basic,29
TXN001363,CUST1073,2021-09-12,Renewal,Basic,29
TXN001364,CUST1073,2021-10-12,Renewal,Basic,29
TXN001365,CUST1073,2021-11-12,Renewal,Basic,29
TXN001366,CUST1073,2021-12-12,Renewal,Basic,29
TXN001367,CUST1073,2022-01-12,Renewal,Basic,29
TXN001368,CUST1073,2022-02-12,Renewal,Basic,29
TXN001369,CUST1073,2022-03-12,Renewal,Basic,29
TXN001370,CUST1073,2022-04-12,Renewal,Basic,29
TXN001371,CUST1073,2022-05-12,Renewal,Basic,29
TXN001372,CUST1073,2022-06-12,Renewal,Basic,29
TXN001373,CUST1073,2022-07-12,Renewal,Basic,29
TXN001374,CUST1073,2022-08-12,Renewal,Basic,29
TXN001375,CUST1073,2022-09-12,Renewal,Basic,29
TXN001376,CUST1073,2022-10-12,Renewal,Basic,29
TXN001377,CUST1073,2022-11-12,Renewal,Basic,29
TXN001378,CUST1073,2022-12-12,Renewal,Basic,29
TXN001379,CUST1073,2023-01-12,Upgrade,Pro,59
TXN001380,CUST1073,2023-02-12,Upgrade,Enterprise,149
TXN001381,CUST1073,2023-03-12,Renewal,Enterprise,149
TXN001382,CUST1073,2023-04-12,Renewal,Enterprise,149
TXN001383,CUST1073,2023-05-12,Renewal,Enterprise,149
TXN001384,CUST1073,2023-06-12,Renewal,Enterprise,149
TXN001385,CUST1073,2023-07-12,Renewal,Enterprise,149
TXN001386,CUST1073,2023-08-12,Renewal,Enterprise,149
TXN001387,CUST1073,2023-09-12,Renewal,Enterprise,149
TXN001388,CUST1073,2023-10-12,Renewal,Enterprise,149
TXN001389,CUST1073,2023-11-12,Downgrade,Pro,59
TXN001390,CUST1073,2023-12-12,Renewal,Pro,59
TXN001391,CUST1073,2024-01-12,Renewal,Pro,59
TXN001392,CUST1073,2024-02-12,Renewal,Pro,59
TXN001393,CUST1073,2024-03-12,Renewal,Pro,59
TXN001394,CUST1073,2024-04-12,Renewal,Pro,59
TXN001395,CUST1073,2024-05-12,Renewal,Pro,59
TXN001396,CUST1073,2024-06-12,Renewal,Pro,59
TXN001397,CUST1073,2024-07-12,Renewal,Pro,59
TXN001398,CUST1073,2024-08-12,Renewal,Pro,59
TXN001399,CUST1073,2024-09-12,Renewal,Pro,59
TXN001400,CUST1073,2024-10-12,Renewal,Pro,59
TXN001401,CUST1073,2024-11-12,Renewal,Pro,59
TXN001402,CUST1073,2024-12-12,Renewal,Pro,59
TXN001403,CUST1073,2025-01-12,Upgrade,Enterprise,149
TXN001404,CUST1073,2025-02-12,Renewal,Enterprise,149
TXN001405,CUST1073,2025-03-12,Renewal,Enterprise,149
TXN001406,CUST1073,2025-04-12,Renewal,Enterprise,149
TXN001407,CUST1073,2025-05-12,Renewal,Enterprise,149
TXN001408,CUST1073,2025-06-12,Renewal,Enterprise,149
TXN001409,CUST1073,2025-07-12,Renewal,Enterprise,149
TXN001410,CUST1073,2025-08-12,Renewal,Enterprise,149
TXN001411,CUST1073,2025-09-12,Renewal,Enterprise,149
TXN001412,CUST1073,2025-10-12,Renewal,Enterprise,149
TXN001413,CUST1073,2025-11-12,Renewal,Enterprise,149
TXN001414,CUST1073,2025-12-12,Renewal,Enterprise,149
TXN001415,CUST1073,2026-01-12,Renewal,Enterprise,149
TXN001416,CUST1073,2026-02-12,Renewal,Enterprise,149
TXN001417,CUST1073,2026-03-12,Renewal,Enterprise,149
TXN001418,CUST1073,2026-04-12,Renewal,Enterprise,149
TXN001419,CUST1073,2026-05-12,Renewal,Enterprise,149
TXN001420,CUST1073,2026-06-12,Renewal,Enterprise,149
TXN001421,CUST1073,2026-07-12,Renewal,Enterprise,149
TXN001422,CUST1073,2026-08-12,Renewal,Enterprise,149
TXN001423,CUST1064,2021-01-22,New Subscription,Pro,59
TXN001424,CUST1064,2021-02-22,Renewal,Pro,59
TXN001425,CUST1064,2021-03-22,Renewal,Pro,59
TXN001426,CUST1064,2021-04-22,Renewal,Pro,59
TXN001427,CUST1064,2021-05-22,Renewal,Pro,59
TXN001428,CUST1064,2021-06-22,Renewal,Pro,59
TXN001429,CUST1064,2021-07-22,Renewal,Pro,59
TXN001430,CUST1064,2021-08-22,Renewal,Pro,59
TXN001431,CUST1064,2021-09-22,Renewal,Pro,59
TXN001432,CUST1064,2021-10-22,Renewal,Pro,59
TXN001433,CUST1064,2021-11-22,Renewal,Pro,59
TXN001434,CUST1064,2021-12-22,Renewal,Pro,59
TXN001435,CUST1064,2022-01-22,Renewal,Pro,59
TXN001436,CUST1064,2022-02-22,Renewal,Pro,59
TXN001437,CUST1064,2022-03-22,Renewal,Pro,59
TXN001438,CUST1064,2022-04-22,Renewal,Pro,59
TXN001439,CUST1064,2022-05-22,Renewal,Pro,59
TXN001440,CUST1064,2022-06-22,Renewal,Pro,59
TXN001441,CUST1064,2022-07-22,Renewal,Pro,59
TXN001442,CUST1064,2022-08-22,Downgrade,Basic,29
TXN001443,CUST1064,2022-09-22,Renewal,Basic,29
TXN001444,CUST1064,2022-10-22,Renewal,Basic,29
TXN001445,CUST1064,2022-11-22,Renewal,Basic,29
TXN001446,CUST1064,2022-12-22,Renewal,Basic,29
TXN001447,CUST1064,2023-01-22,Renewal,Basic,29
TXN001448,CUST1064,2023-02-22,Renewal,Basic,29
TXN001449,CUST1064,2023-03-22,Renewal,Basic,29
TXN001450,CUST1064,2023-04-22,Renewal,Basic,29
TXN001451,CUST1064,2023-05-22,Renewal,Basic,29
TXN001452,CUST1064,2023-06-22,Renewal,Basic,29
TXN001453,CUST1064,2023-07-22,Renewal,Basic,29
TXN001454,CUST1064,2023-08-22,Renewal,Basic,29
TXN001455,CUST1064,2023-09-22,Renewal,Basic,29
TXN001456,CUST1064,2023-10-22,Renewal,Basic,29
TXN001457,CUST1064,2023-11-22,Renewal,Basic,29
TXN001458,CUST1064,2023-12-22,Renewal,Basic,29
TXN001459,CUST1064,2024-01-22,Renewal,Basic,29
TXN001460,CUST1064,2024-02-22,Renewal,Basic,29
TXN001461,CUST1064,2024-03-22,Renewal,Basic,29
TXN001462,CUST1064,2024-04-22,Renewal,Basic,29
TXN001463,CUST1064,2024-05-22,Renewal,Basic,29
TXN001464,CUST1064,2024-06-22,Renewal,Basic,29
TXN001465,CUST1064,2024-07-22,Renewal,Basic,29
TXN001466,CUST1064,2024-08-22,Renewal,Basic,29
TXN001467,CUST1064,2024-09-22,Renewal,Basic,29
TXN001468,CUST1064,2024-10-22,Renewal,Basic,29
TXN001469,CUST1064,2024-11-22,Renewal,Basic,29
TXN001470,CUST1064,2024-12-22,Renewal,Basic,29
TXN001471,CUST1064,2025-01-22,Renewal,Basic,29
TXN001472,CUST1064,2025-02-22,Renewal,Basic,29
TXN001473,CUST1064,2025-03-22,Renewal,Basic,29
TXN001474,CUST1064,2025-04-22,Renewal,Basic,29
TXN001475,CUST1064,2025-05-22,Renewal,Basic,29
TXN001476,CUST1064,2025-06-22,Upgrade,Pro,59
TXN001477,CUST1064,2025-07-22,Renewal,Pro,59
TXN001478,CUST1064,2025-08-22,Renewal,Pro,59
TXN001479,CUST1064,2025-09-22,Upgrade,Enterprise,149
TXN001480,CUST1064,2025-10-22,Renewal,Enterprise,149
TXN001481,CUST1064,2025-11-22,Renewal,Enterprise,149
TXN001482,CUST1064,2025-12-22,Renewal,Enterprise,149
TXN001483,CUST1064,2026-01-22,Renewal,Enterprise,149
TXN001484,CUST1064,2026-02-22,Renewal,Enterprise,149
TXN001485,CUST1064,2026-03-22,Renewal,Enterprise,149
TXN001486,CUST1064,2026-04-22,Renewal,Enterprise,149
TXN001487,CUST1064,2026-05-22,Renewal,Enterprise,149
TXN001488,CUST1064,2026-06-22,Renewal,Enterprise,149
TXN001489,CUST1064,2026-07-22,Renewal,Enterprise,149
TXN001490,CUST1039,2021-01-28,New Subscription,Basic,29
TXN001491,CUST1039,2021-02-28,Renewal,Basic,29
TXN001492,CUST1039,2021-03-28,Renewal,Basic,29
TXN001493,CUST1039,2021-04-28,Renewal,Basic,29
TXN001494,CUST1039,2021-05-28,Renewal,Basic,29
TXN001495,CUST1039,2021-06-28,Renewal,Basic,29
TXN001496,CUST1039,2021-07-28,Renewal,Basic,29
TXN001497,CUST1039,2021-08-28,Renewal,Basic,29
TXN001498,CUST1039,2021-09-28,Renewal,Basic,29
TXN001499,CUST1039,2021-10-28,Renewal,Basic,29
TXN001500,CUST1039,2021-11-28,Renewal,Basic,29
TXN001501,CUST1039,2021-12-28,Renewal,Basic,29
TXN001502,CUST1039,2022-01-28,Renewal,Basic,29
TXN001503,CUST1039,2022-02-28,Renewal,Basic,29
TXN001504,CUST1039,2022-03-28,Renewal,Basic,29
TXN001505,CUST1039,2022-04-28,Renewal,Basic,29
TXN001506,CUST1039,2022-05-28,Renewal,Basic,29
TXN001507,CUST1039,2022-06-28,Renewal,Basic,29
TXN001508,CUST1039,2022-07-28,Renewal,Basic,29
TXN001509,CUST1039,2022-08-28,Renewal,Basic,29
TXN001510,CUST1039,2022-09-28,Renewal,Basic,29
TXN001511,CUST1039,2022-10-28,Renewal,Basic,29
TXN001512,CUST1039,2022-11-28,Renewal,Basic,29
TXN001513,CUST1039,2022-12-28,Renewal,Basic,29
TXN001514,CUST1039,2023-01-28,Renewal,Basic,29
TXN001515,CUST1039,2023-02-28,Renewal,Basic,29
TXN001516,CUST1039,2023-03-28,Renewal,Basic,29
TXN001517,CUST1039,2023-04-28,Renewal,Basic,29
TXN001518,CUST1039,2023-05-28,Renewal,Basic,29
TXN001519,CUST1039,2023-06-28,Renewal,Basic,29
TXN001520,CUST1039,2023-07-28,Renewal,Basic,29
TXN001521,CUST1039,2023-08-28,Renewal,Basic,29
TXN001522,CUST1039,2023-09-28,Renewal,Basic,29
TXN001523,CUST1039,2023-10-28,Renewal,Basic,29
TXN001524,CUST1039,2023-11-28,Renewal,Basic,29
TXN001525,CUST1039,2023-12-28,Renewal,Basic,29
TXN001526,CUST1039,2024-01-28,Renewal,Basic,29
TXN001527,CUST1039,2024-02-28,Renewal,Basic,29
TXN001528,CUST1039,2024-03-28,Renewal,Basic,29
TXN001529,CUST1039,2024-04-28,Renewal,Basic,29
TXN001530,CUST1039,2024-05-28,Renewal,Basic,29
TXN001531,CUST1039,2024-06-28,Renewal,Basic,29
TXN001532,CUST1039,2024-07-28,Renewal,Basic,29
TXN001533,CUST1039,2024-08-28,Renewal,Basic,29
TXN001534,CUST1039,2024-09-28,Renewal,Basic,29
TXN001535,CUST1039,2024-10-28,Renewal,Basic,29
TXN001536,CUST1039,2024-11-28,Renewal,Basic,29
TXN001537,CUST1039,2024-12-28,Renewal,Basic,29
TXN001538,CUST1039,2025-01-28,Renewal,Basic,29
TXN001539,CUST1039,2025-02-28,Renewal,Basic,29
TXN001540,CUST1039,2025-03-28,Renewal,Basic,29
TXN001541,CUST1039,2025-04-28,Renewal,Basic,29
TXN001542,CUST1039,2025-05-28,Renewal,Basic,29
TXN001543,CUST1039,2025-06-28,Renewal,Basic,29
TXN001544,CUST1039,2025-07-28,Renewal,Basic,29
TXN001545,CUST1039,2025-08-28,Renewal,Basic,29
TXN001546,CUST1039,2025-09-28,Renewal,Basic,29
TXN001547,CUST1039,2025-10-28,Renewal,Basic,29
TXN001548,CUST1039,2025-11-28,Renewal,Basic,29
TXN001549,CUST1039,2025-12-28,Renewal,Basic,29
TXN001550,CUST1039,2026-01-28,Renewal,Basic,29
TXN001551,CUST1039,2026-02-28,Renewal,Basic,29
TXN001552,CUST1039,2026-03-28,Renewal,Basic,29
TXN001553,CUST1039,2026-04-28,Renewal,Basic,29
TXN001554,CUST1039,2026-05-28,Renewal,Basic,29
TXN001555,CUST1039,2026-06-28,Renewal,Basic,29
TXN001556,CUST1039,2026-07-28,Renewal,Basic,29
TXN001557,CUST1060,2021-02-01,New Subscription,Enterprise,149
TXN001558,CUST1060,2021-03-01,Renewal,Enterprise,149
TXN001559,CUST1060,2021-04-01,Downgrade,Pro,59
TXN001560,CUST1060,2021-05-01,Renewal,Pro,59
TXN001561,CUST1060,2021-06-01,Renewal,Pro,59
TXN001562,CUST1060,2021-07-01,Renewal,Pro,59
TXN001563,CUST1060,2021-08-01,Renewal,Pro,59
TXN001564,CUST1060,2021-09-01,Renewal,Pro,59
TXN001565,CUST1060,2021-10-01,Renewal,Pro,59
TXN001566,CUST1060,2021-11-01,Renewal,Pro,59
TXN001567,CUST1060,2021-12-01,Renewal,Pro,59
TXN001568,CUST1060,2022-01-01,Renewal,Pro,59
TXN001569,CUST1060,2022-02-01,Renewal,Pro,59
TXN001570,CUST1060,2022-03-01,Renewal,Pro,59
TXN001571,CUST1060,2022-04-01,Renewal,Pro,59
TXN001572,CUST1060,2022-05-01,Renewal,Pro,59
TXN001573,CUST1060,2022-06-01,Renewal,Pro,59
TXN001574,CUST1060,2022-07-01,Renewal,Pro,59
TXN001575,CUST1060,2022-08-01,Renewal,Pro,59
TXN001576,CUST1060,2022-09-01,Renewal,Pro,59
TXN001577,CUST1060,2022-10-01,Renewal,Pro,59
TXN001578,CUST1060,2022-11-01,Renewal,Pro,59
TXN001579,CUST1060,2022-12-01,Renewal,Pro,59
TXN001580,CUST1060,2023-01-01,Renewal,Pro,59
TXN001581,CUST1060,2023-02-01,Renewal,Pro,59
TXN001582,CUST1060,2023-03-01,Renewal,Pro,59
TXN001583,CUST1060,2023-04-01,Renewal,Pro,59
TXN001584,CUST1060,2023-05-01,Downgrade,Basic,29
TXN001585,CUST1060,2023-06-01,Renewal,Basic,29
TXN001586,CUST1060,2023-07-01,Renewal,Basic,29
TXN001587,CUST1060,2023-08-01,Renewal,Basic,29
TXN001588,CUST1060,2023-09-01,Renewal,Basic,29
TXN001589,CUST1060,2023-10-01,Renewal,Basic,29
TXN001590,CUST1060,2023-11-01,Renewal,Basic,29
TXN001591,CUST1060,2023-12-01,Renewal,Basic,29
TXN001592,CUST1060,2024-01-01,Renewal,Basic,29
TXN001593,CUST1060,2024-02-01,Renewal,Basic,29
TXN001594,CUST1060,2024-03-01,Renewal,Basic,29
TXN001595,CUST1060,2024-04-01,Renewal,Basic,29
TXN001596,CUST1060,2024-05-01,Renewal,Basic,29
TXN001597,CUST1060,2024-06-01,Renewal,Basic,29
TXN001598,CUST1060,2024-07-01,Renewal,Basic,29
TXN001599,CUST1060,2024-08-01,Renewal,Basic,29
TXN001600,CUST1060,2024-09-01,Renewal,Basic,29
TXN001601,CUST1060,2024-10-01,Renewal,Basic,29
TXN001602,CUST1060,2024-11-01,Renewal,Basic,29
TXN001603,CUST1060,2024-12-01,Renewal,Basic,29
TXN001604,CUST1060,2025-01-01,Renewal,Basic,29
TXN001605,CUST1060,2025-02-01,Renewal,Basic,29
TXN001606,CUST1060,2025-03-01,Renewal,Basic,29
TXN001607,CUST1060,2025-04-01,Renewal,Basic,29
TXN001608,CUST1060,2025-05-01,Renewal,Basic,29
TXN001609,CUST1060,2025-06-01,Renewal,Basic,29
TXN001610,CUST1060,2025-07-01,Renewal,Basic,29
TXN001611,CUST1060,2025-08-01,Renewal,Basic,29
TXN001612,CUST1060,2025-09-01,Renewal,Basic,29
TXN001613,CUST1060,2025-10-01,Renewal,Basic,29
TXN001614,CUST1060,2025-11-01,Renewal,Basic,29
TXN001615,CUST1060,2025-12-01,Renewal,Basic,29
TXN001616,CUST1060,2026-01-01,Renewal,Basic,29
TXN001617,CUST1060,2026-02-01,Renewal,Basic,29
TXN001618,CUST1060,2026-03-01,Renewal,Basic,29
TXN001619,CUST1060,2026-04-01,Renewal,Basic,29
TXN001620,CUST1060,2026-05-01,Renewal,Basic,29
TXN001621,CUST1060,2026-06-01,Renewal,Basic,29
TXN001622,CUST1060,2026-07-01,Renewal,Basic,29
TXN001623,CUST1060,2026-08-01,Renewal,Basic,29
TXN001624,CUST1042,2021-02-04,New Subscription,Basic,29
TXN001625,CUST1042,2021-03-04,Renewal,Basic,29
TXN001626,CUST1042,2021-04-04,Renewal,Basic,29
TXN001627,CUST1042,2021-05-04,Renewal,Basic,29
TXN001628,CUST1042,2021-06-04,Renewal,Basic,29
TXN001629,CUST1042,2021-07-04,Upgrade,Pro,59
TXN001630,CUST1042,2021-08-04,Renewal,Pro,59
TXN001631,CUST1042,2021-09-04,Renewal,Pro,59
TXN001632,CUST1042,2021-10-04,Renewal,Pro,59
TXN001633,CUST1042,2021-11-04,Renewal,Pro,59
TXN001634,CUST1042,2021-12-04,Renewal,Pro,59
TXN001635,CUST1042,2022-01-04,Renewal,Pro,59
TXN001636,CUST1042,2022-02-04,Renewal,Pro,59
TXN001637,CUST1042,2022-03-04,Renewal,Pro,59
TXN001638,CUST1042,2022-04-04,Renewal,Pro,59
TXN001639,CUST1042,2022-05-04,Renewal,Pro,59
TXN001640,CUST1042,2022-06-04,Renewal,Pro,59
TXN001641,CUST1042,2022-07-04,Renewal,Pro,59
TXN001642,CUST1042,2022-08-04,Renewal,Pro,59
TXN001643,CUST1042,2022-09-04,Renewal,Pro,59
TXN001644,CUST1042,2022-10-04,Renewal,Pro,59
TXN001645,CUST1042,2022-11-04,Renewal,Pro,59
TXN001646,CUST1042,2022-12-04,Renewal,Pro,59
TXN001647,CUST1042,2023-01-04,Renewal,Pro,59
TXN001648,CUST1042,2023-02-04,Cancellation,Pro,0
TXN001649,CUST1062,2021-02-08,New Subscription,Pro,59
TXN001650,CUST1062,2021-03-08,Cancellation,Pro,0
TXN001651,CUST1061,2021-02-18,New Subscription,Enterprise,149
TXN001652,CUST1061,2021-03-18,Renewal,Enterprise,149
TXN001653,CUST1061,2021-04-18,Renewal,Enterprise,149
TXN001654,CUST1061,2021-05-18,Renewal,Enterprise,149
TXN001655,CUST1061,2021-06-18,Renewal,Enterprise,149
TXN001656,CUST1061,2021-07-18,Downgrade,Pro,59
TXN001657,CUST1061,2021-08-18,Renewal,Pro,59
TXN001658,CUST1061,2021-09-18,Renewal,Pro,59
TXN001659,CUST1061,2021-10-18,Renewal,Pro,59
TXN001660,CUST1061,2021-11-18,Renewal,Pro,59
TXN001661,CUST1061,2021-12-18,Downgrade,Basic,29
TXN001662,CUST1061,2022-01-18,Renewal,Basic,29
TXN001663,CUST1061,2022-02-18,Renewal,Basic,29
TXN001664,CUST1061,2022-03-18,Renewal,Basic,29
TXN001665,CUST1061,2022-04-18,Renewal,Basic,29
TXN001666,CUST1061,2022-05-18,Renewal,Basic,29
TXN001667,CUST1061,2022-06-18,Renewal,Basic,29
TXN001668,CUST1061,2022-07-18,Renewal,Basic,29
TXN001669,CUST1061,2022-08-18,Renewal,Basic,29
TXN001670,CUST1061,2022-09-18,Renewal,Basic,29
TXN001671,CUST1061,2022-10-18,Renewal,Basic,29
TXN001672,CUST1061,2022-11-18,Renewal,Basic,29
TXN001673,CUST1061,2022-12-18,Renewal,Basic,29
TXN001674,CUST1061,2023-01-18,Renewal,Basic,29
TXN001675,CUST1061,2023-02-18,Renewal,Basic,29
TXN001676,CUST1061,2023-03-18,Renewal,Basic,29
TXN001677,CUST1061,2023-04-18,Renewal,Basic,29
TXN001678,CUST1061,2023-05-18,Renewal,Basic,29
TXN001679,CUST1061,2023-06-18,Renewal,Basic,29
TXN001680,CUST1061,2023-07-18,Renewal,Basic,29
TXN001681,CUST1061,2023-08-18,Renewal,Basic,29
TXN001682,CUST1061,2023-09-18,Renewal,Basic,29
TXN001683,CUST1061,2023-10-18,Renewal,Basic,29
TXN001684,CUST1061,2023-11-18,Renewal,Basic,29
TXN001685,CUST1061,2023-12-18,Renewal,Basic,29
TXN001686,CUST1061,2024-01-18,Renewal,Basic,29
TXN001687,CUST1061,2024-02-18,Renewal,Basic,29
TXN001688,CUST1061,2024-03-18,Renewal,Basic,29
TXN001689,CUST1061,2024-04-18,Renewal,Basic,29
TXN001690,CUST1061,2024-05-18,Renewal,Basic,29
TXN001691,CUST1061,2024-06-18,Renewal,Basic,29
TXN001692,CUST1061,2024-07-18,Renewal,Basic,29
TXN001693,CUST1061,2024-08-18,Renewal,Basic,29
TXN001694,CUST1061,2024-09-18,Renewal,Basic,29
TXN001695,CUST1061,2024-10-18,Renewal,Basic,29
TXN001696,CUST1061,2024-11-18,Renewal,Basic,29
TXN001697,CUST1061,2024-12-18,Renewal,Basic,29
TXN001698,CUST1061,2025-01-18,Renewal,Basic,29
TXN001699,CUST1061,2025-02-18,Renewal,Basic,29
TXN001700,CUST1061,2025-03-18,Renewal,Basic,29
TXN001701,CUST1061,2025-04-18,Renewal,Basic,29
TXN001702,CUST1061,2025-05-18,Renewal,Basic,29
TXN001703,CUST1061,2025-06-18,Renewal,Basic,29
TXN001704,CUST1061,2025-07-18,Renewal,Basic,29
TXN001705,CUST1061,2025-08-18,Renewal,Basic,29
TXN001706,CUST1061,2025-09-18,Renewal,Basic,29
TXN001707,CUST1061,2025-10-18,Renewal,Basic,29
TXN001708,CUST1061,2025-11-18,Renewal,Basic,29
TXN001709,CUST1061,2025-12-18,Renewal,Basic,29
TXN001710,CUST1061,2026-01-18,Upgrade,Pro,59
TXN001711,CUST1061,2026-02-18,Renewal,Pro,59
TXN001712,CUST1061,2026-03-18,Renewal,Pro,59
TXN001713,CUST1061,2026-04-18,Renewal,Pro,59
TXN001714,CUST1061,2026-05-18,Renewal,Pro,59
TXN001715,CUST1061,2026-06-18,Renewal,Pro,59
TXN001716,CUST1061,2026-07-18,Renewal,Pro,59
TXN001717,CUST1056,2021-02-19,New Subscription,Pro,59
TXN001718,CUST1056,2021-03-19,Renewal,Pro,59
TXN001719,CUST1056,2021-04-19,Renewal,Pro,59
TXN001720,CUST1056,2021-05-19,Renewal,Pro,59
TXN001721,CUST1056,2021-06-19,Renewal,Pro,59
TXN001722,CUST1056,2021-07-19,Renewal,Pro,59
TXN001723,CUST1056,2021-08-19,Renewal,Pro,59
TXN001724,CUST1056,2021-09-19,Renewal,Pro,59
TXN001725,CUST1056,2021-10-19,Renewal,Pro,59
TXN001726,CUST1056,2021-11-19,Renewal,Pro,59
TXN001727,CUST1056,2021-12-19,Renewal,Pro,59
TXN001728,CUST1056,2022-01-19,Renewal,Pro,59
TXN001729,CUST1056,2022-02-19,Renewal,Pro,59
TXN001730,CUST1056,2022-03-19,Renewal,Pro,59
TXN001731,CUST1056,2022-04-19,Renewal,Pro,59
TXN001732,CUST1056,2022-05-19,Renewal,Pro,59
TXN001733,CUST1056,2022-06-19,Renewal,Pro,59
TXN001734,CUST1056,2022-07-19,Renewal,Pro,59
TXN001735,CUST1056,2022-08-19,Renewal,Pro,59
TXN001736,CUST1056,2022-09-19,Renewal,Pro,59
TXN001737,CUST1056,2022-10-19,Renewal,Pro,59
TXN001738,CUST1056,2022-11-19,Renewal,Pro,59
TXN001739,CUST1056,2022-12-19,Renewal,Pro,59
TXN001740,CUST1056,2023-01-19,Upgrade,Enterprise,149
TXN001741,CUST1056,2023-02-19,Renewal,Enterprise,149
TXN001742,CUST1056,2023-03-19,Renewal,Enterprise,149
TXN001743,CUST1056,2023-04-19,Renewal,Enterprise,149
TXN001744,CUST1056,2023-05-19,Renewal,Enterprise,149
TXN001745,CUST1056,2023-06-19,Renewal,Enterprise,149
TXN001746,CUST1056,2023-07-19,Renewal,Enterprise,149
TXN001747,CUST1056,2023-08-19,Renewal,Enterprise,149
TXN001748,CUST1056,2023-09-19,Renewal,Enterprise,149
TXN001749,CUST1056,2023-10-19,Renewal,Enterprise,149
TXN001750,CUST1056,2023-11-19,Renewal,Enterprise,149
TXN001751,CUST1056,2023-12-19,Renewal,Enterprise,149
TXN001752,CUST1056,2024-01-19,Renewal,Enterprise,149
TXN001753,CUST1056,2024-02-19,Downgrade,Pro,59
TXN001754,CUST1056,2024-03-19,Renewal,Pro,59
TXN001755,CUST1056,2024-04-19,Renewal,Pro,59
TXN001756,CUST1056,2024-05-19,Renewal,Pro,59
TXN001757,CUST1056,2024-06-19,Renewal,Pro,59
TXN001758,CUST1056,2024-07-19,Renewal,Pro,59
TXN001759,CUST1056,2024-08-19,Renewal,Pro,59
TXN001760,CUST1056,2024-09-19,Renewal,Pro,59
TXN001761,CUST1056,2024-10-19,Renewal,Pro,59
TXN001762,CUST1056,2024-11-19,Renewal,Pro,59
TXN001763,CUST1056,2024-12-19,Renewal,Pro,59
TXN001764,CUST1056,2025-01-19,Renewal,Pro,59
TXN001765,CUST1056,2025-02-19,Renewal,Pro,59
TXN001766,CUST1056,2025-03-19,Renewal,Pro,59
TXN001767,CUST1056,2025-04-19,Renewal,Pro,59
TXN001768,CUST1056,2025-05-19,Renewal,Pro,59
TXN001769,CUST1056,2025-06-19,Renewal,Pro,59
TXN001770,CUST1056,2025-07-19,Renewal,Pro,59
TXN001771,CUST1056,2025-08-19,Renewal,Pro,59
TXN001772,CUST1056,2025-09-19,Renewal,Pro,59
TXN001773,CUST1056,2025-10-19,Renewal,Pro,59
TXN001774,CUST1056,2025-11-19,Renewal,Pro,59
TXN001775,CUST1056,2025-12-19,Renewal,Pro,59
TXN001776,CUST1056,2026-01-19,Renewal,Pro,59
TXN001777,CUST1056,2026-02-19,Renewal,Pro,59
TXN001778,CUST1056,2026-03-19,Renewal,Pro,59
TXN001779,CUST1056,2026-04-19,Renewal,Pro,59
TXN001780,CUST1056,2026-05-19,Renewal,Pro,59
TXN001781,CUST1056,2026-06-19,Renewal,Pro,59
TXN001782,CUST1056,2026-07-19,Renewal,Pro,59
TXN001783,CUST1032,2021-02-24,New Subscription,Pro,59
TXN001784,CUST1032,2021-03-24,Renewal,Pro,59
TXN001785,CUST1032,2021-04-24,Renewal,Pro,59
TXN001786,CUST1032,2021-05-24,Renewal,Pro,59
TXN001787,CUST1032,2021-06-24,Renewal,Pro,59
TXN001788,CUST1032,2021-07-24,Renewal,Pro,59
TXN001789,CUST1032,2021-08-24,Renewal,Pro,59
TXN001790,CUST1032,2021-09-24,Renewal,Pro,59
TXN001791,CUST1032,2021-10-24,Renewal,Pro,59
TXN001792,CUST1032,2021-11-24,Renewal,Pro,59
TXN001793,CUST1032,2021-12-24,Renewal,Pro,59
TXN001794,CUST1032,2022-01-24,Renewal,Pro,59
TXN001795,CUST1032,2022-02-24,Renewal,Pro,59
TXN001796,CUST1032,2022-03-24,Renewal,Pro,59
TXN001797,CUST1032,2022-04-24,Renewal,Pro,59
TXN001798,CUST1032,2022-05-24,Renewal,Pro,59
TXN001799,CUST1032,2022-06-24,Renewal,Pro,59
TXN001800,CUST1032,2022-07-24,Renewal,Pro,59
TXN001801,CUST1032,2022-08-24,Renewal,Pro,59
TXN001802,CUST1032,2022-09-24,Renewal,Pro,59
TXN001803,CUST1032,2022-10-24,Renewal,Pro,59
TXN001804,CUST1032,2022-11-24,Renewal,Pro,59
TXN001805,CUST1032,2022-12-24,Renewal,Pro,59
TXN001806,CUST1032,2023-01-24,Renewal,Pro,59
TXN001807,CUST1032,2023-02-24,Renewal,Pro,59
TXN001808,CUST1032,2023-03-24,Renewal,Pro,59
TXN001809,CUST1032,2023-04-24,Renewal,Pro,59
TXN001810,CUST1032,2023-05-24,Renewal,Pro,59
TXN001811,CUST1032,2023-06-24,Upgrade,Enterprise,149
TXN001812,CUST1032,2023-07-24,Renewal,Enterprise,149
TXN001813,CUST1032,2023-08-24,Renewal,Enterprise,149
TXN001814,CUST1032,2023-09-24,Renewal,Enterprise,149
TXN001815,CUST1032,2023-10-24,Renewal,Enterprise,149
TXN001816,CUST1032,2023-11-24,Renewal,Enterprise,149
TXN001817,CUST1032,2023-12-24,Renewal,Enterprise,149
TXN001818,CUST1032,2024-01-24,Renewal,Enterprise,149
TXN001819,CUST1032,2024-02-24,Renewal,Enterprise,149
TXN001820,CUST1032,2024-03-24,Renewal,Enterprise,149
TXN001821,CUST1032,2024-04-24,Renewal,Enterprise,149
TXN001822,CUST1032,2024-05-24,Downgrade,Pro,59
TXN001823,CUST1032,2024-06-24,Renewal,Pro,59
TXN001824,CUST1032,2024-07-24,Renewal,Pro,59
TXN001825,CUST1032,2024-08-24,Renewal,Pro,59
TXN001826,CUST1032,2024-09-24,Renewal,Pro,59
TXN001827,CUST1032,2024-10-24,Renewal,Pro,59
TXN001828,CUST1032,2024-11-24,Renewal,Pro,59
TXN001829,CUST1032,2024-12-24,Renewal,Pro,59
TXN001830,CUST1032,2025-01-24,Renewal,Pro,59
TXN001831,CUST1032,2025-02-24,Renewal,Pro,59
TXN001832,CUST1032,2025-03-24,Upgrade,Enterprise,149
TXN001833,CUST1032,2025-04-24,Renewal,Enterprise,149
TXN001834,CUST1032,2025-05-24,Renewal,Enterprise,149
TXN001835,CUST1032,2025-06-24,Renewal,Enterprise,149
TXN001836,CUST1032,2025-07-24,Renewal,Enterprise,149
TXN001837,CUST1032,2025-08-24,Renewal,Enterprise,149
TXN001838,CUST1032,2025-09-24,Renewal,Enterprise,149
TXN001839,CUST1032,2025-10-24,Renewal,Enterprise,149
TXN001840,CUST1032,2025-11-24,Renewal,Enterprise,149
TXN001841,CUST1032,2025-12-24,Renewal,Enterprise,149
TXN001842,CUST1032,2026-01-24,Renewal,Enterprise,149
TXN001843,CUST1032,2026-02-24,Renewal,Enterprise,149
TXN001844,CUST1032,2026-03-24,Renewal,Enterprise,149
TXN001845,CUST1032,2026-04-24,Renewal,Enterprise,149
TXN001846,CUST1032,2026-05-24,Renewal,Enterprise,149
TXN001847,CUST1032,2026-06-24,Renewal,Enterprise,149
TXN001848,CUST1032,2026-07-24,Downgrade,Pro,59
TXN001849,CUST1048,2021-02-25,New Subscription,Basic,29
TXN001850,CUST1048,2021-03-25,Renewal,Basic,29
TXN001851,CUST1048,2021-04-25,Renewal,Basic,29
TXN001852,CUST1048,2021-05-25,Renewal,Basic,29
TXN001853,CUST1048,2021-06-25,Renewal,Basic,29
TXN001854,CUST1048,2021-07-25,Renewal,Basic,29
TXN001855,CUST1048,2021-08-25,Renewal,Basic,29
TXN001856,CUST1048,2021-09-25,Renewal,Basic,29
TXN001857,CUST1048,2021-10-25,Renewal,Basic,29
TXN001858,CUST1048,2021-11-25,Renewal,Basic,29
TXN001859,CUST1048,2021-12-25,Renewal,Basic,29
TXN001860,CUST1048,2022-01-25,Renewal,Basic,29
TXN001861,CUST1048,2022-02-25,Renewal,Basic,29
TXN001862,CUST1048,2022-03-25,Renewal,Basic,29
TXN001863,CUST1048,2022-04-25,Renewal,Basic,29
TXN001864,CUST1048,2022-05-25,Renewal,Basic,29
TXN001865,CUST1048,2022-06-25,Renewal,Basic,29
TXN001866,CUST1048,2022-07-25,Renewal,Basic,29
TXN001867,CUST1048,2022-08-25,Renewal,Basic,29
TXN001868,CUST1048,2022-09-25,Renewal,Basic,29
TXN001869,CUST1048,2022-10-25,Renewal,Basic,29
TXN001870,CUST1048,2022-11-25,Renewal,Basic,29
TXN001871,CUST1048,2022-12-25,Renewal,Basic,29
TXN001872,CUST1048,2023-01-25,Renewal,Basic,29
TXN001873,CUST1048,2023-02-25,Renewal,Basic,29
TXN001874,CUST1048,2023-03-25,Renewal,Basic,29
TXN001875,CUST1048,2023-04-25,Renewal,Basic,29
TXN001876,CUST1048,2023-05-25,Renewal,Basic,29
TXN001877,CUST1048,2023-06-25,Renewal,Basic,29
TXN001878,CUST1048,2023-07-25,Renewal,Basic,29
TXN001879,CUST1048,2023-08-25,Renewal,Basic,29
TXN001880,CUST1048,2023-09-25,Renewal,Basic,29
TXN001881,CUST1048,2023-10-25,Renewal,Basic,29
TXN001882,CUST1048,2023-11-25,Renewal,Basic,29
TXN001883,CUST1048,2023-12-25,Renewal,Basic,29
TXN001884,CUST1048,2024-01-25,Renewal,Basic,29
TXN001885,CUST1048,2024-02-25,Renewal,Basic,29
TXN001886,CUST1048,2024-03-25,Renewal,Basic,29
TXN001887,CUST1048,2024-04-25,Renewal,Basic,29
TXN001888,CUST1048,2024-05-25,Renewal,Basic,29
TXN001889,CUST1048,2024-06-25,Renewal,Basic,29
TXN001890,CUST1048,2024-07-25,Renewal,Basic,29
TXN001891,CUST1048,2024-08-25,Renewal,Basic,29
TXN001892,CUST1048,2024-09-25,Renewal,Basic,29
TXN001893,CUST1048,2024-10-25,Renewal,Basic,29
TXN001894,CUST1048,2024-11-25,Renewal,Basic,29
TXN001895,CUST1048,2024-12-25,Renewal,Basic,29
TXN001896,CUST1048,2025-01-25,Upgrade,Pro,59
TXN001897,CUST1048,2025-02-25,Cancellation,Pro,0
TXN001898,CUST1048,2025-07-25,Reactivation,Pro,59
TXN001899,CUST1048,2025-08-25,Renewal,Pro,59
TXN001900,CUST1048,2025-09-25,Renewal,Pro,59
TXN001901,CUST1048,2025-10-25,Renewal,Pro,59
TXN001902,CUST1048,2025-11-25,Renewal,Pro,59
TXN001903,CUST1048,2025-12-25,Renewal,Pro,59
TXN001904,CUST1048,2026-01-25,Renewal,Pro,59
TXN001905,CUST1048,2026-02-25,Renewal,Pro,59
TXN001906,CUST1048,2026-03-25,Renewal,Pro,59
TXN001907,CUST1048,2026-04-25,Renewal,Pro,59
TXN001908,CUST1048,2026-05-25,Renewal,Pro,59
TXN001909,CUST1048,2026-06-25,Renewal,Pro,59
TXN001910,CUST1048,2026-07-25,Renewal,Pro,59
TXN001911,CUST1055,2021-03-03,New Subscription,Basic,29
TXN001912,CUST1055,2021-04-03,Renewal,Basic,29
TXN001913,CUST1055,2021-05-03,Renewal,Basic,29
TXN001914,CUST1055,2021-06-03,Renewal,Basic,29
TXN001915,CUST1055,2021-07-03,Renewal,Basic,29
TXN001916,CUST1055,2021-08-03,Renewal,Basic,29
TXN001917,CUST1055,2021-09-03,Renewal,Basic,29
TXN001918,CUST1055,2021-10-03,Renewal,Basic,29
TXN001919,CUST1055,2021-11-03,Renewal,Basic,29
TXN001920,CUST1055,2021-12-03,Renewal,Basic,29
TXN001921,CUST1055,2022-01-03,Renewal,Basic,29
TXN001922,CUST1055,2022-02-03,Renewal,Basic,29
TXN001923,CUST1055,2022-03-03,Renewal,Basic,29
TXN001924,CUST1055,2022-04-03,Renewal,Basic,29
TXN001925,CUST1055,2022-05-03,Renewal,Basic,29
TXN001926,CUST1055,2022-06-03,Renewal,Basic,29
TXN001927,CUST1055,2022-07-03,Renewal,Basic,29
TXN001928,CUST1055,2022-08-03,Renewal,Basic,29
TXN001929,CUST1055,2022-09-03,Renewal,Basic,29
TXN001930,CUST1055,2022-10-03,Renewal,Basic,29
TXN001931,CUST1055,2022-11-03,Renewal,Basic,29
TXN001932,CUST1055,2022-12-03,Renewal,Basic,29
TXN001933,CUST1055,2023-01-03,Renewal,Basic,29
TXN001934,CUST1055,2023-02-03,Renewal,Basic,29
TXN001935,CUST1055,2023-03-03,Renewal,Basic,29
TXN001936,CUST1055,2023-04-03,Renewal,Basic,29
TXN001937,CUST1055,2023-05-03,Cancellation,Basic,0
TXN001938,CUST1033,2021-03-05,New Subscription,Basic,29
TXN001939,CUST1033,2021-04-05,Renewal,Basic,29
TXN001940,CUST1033,2021-05-05,Renewal,Basic,29
TXN001941,CUST1033,2021-06-05,Renewal,Basic,29
TXN001942,CUST1033,2021-07-05,Renewal,Basic,29
TXN001943,CUST1033,2021-08-05,Renewal,Basic,29
TXN001944,CUST1033,2021-09-05,Renewal,Basic,29
TXN001945,CUST1033,2021-10-05,Renewal,Basic,29
TXN001946,CUST1033,2021-11-05,Renewal,Basic,29
TXN001947,CUST1033,2021-12-05,Renewal,Basic,29
TXN001948,CUST1033,2022-01-05,Renewal,Basic,29
TXN001949,CUST1033,2022-02-05,Renewal,Basic,29
TXN001950,CUST1033,2022-03-05,Renewal,Basic,29
TXN001951,CUST1033,2022-04-05,Renewal,Basic,29
TXN001952,CUST1033,2022-05-05,Renewal,Basic,29
TXN001953,CUST1033,2022-06-05,Renewal,Basic,29
TXN001954,CUST1033,2022-07-05,Renewal,Basic,29
TXN001955,CUST1033,2022-08-05,Renewal,Basic,29
TXN001956,CUST1033,2022-09-05,Renewal,Basic,29
TXN001957,CUST1033,2022-10-05,Renewal,Basic,29
TXN001958,CUST1033,2022-11-05,Renewal,Basic,29
TXN001959,CUST1033,2022-12-05,Renewal,Basic,29
TXN001960,CUST1033,2023-01-05,Renewal,Basic,29
TXN001961,CUST1033,2023-02-05,Renewal,Basic,29
TXN001962,CUST1033,2023-03-05,Renewal,Basic,29
TXN001963,CUST1033,2023-04-05,Renewal,Basic,29
TXN001964,CUST1033,2023-05-05,Renewal,Basic,29
TXN001965,CUST1033,2023-06-05,Renewal,Basic,29
TXN001966,CUST1033,2023-07-05,Renewal,Basic,29
TXN001967,CUST1033,2023-08-05,Renewal,Basic,29
TXN001968,CUST1033,2023-09-05,Renewal,Basic,29
TXN001969,CUST1033,2023-10-05,Renewal,Basic,29
TXN001970,CUST1033,2023-11-05,Renewal,Basic,29
TXN001971,CUST1033,2023-12-05,Renewal,Basic,29
TXN001972,CUST1033,2024-01-05,Renewal,Basic,29
TXN001973,CUST1033,2024-02-05,Renewal,Basic,29
TXN001974,CUST1033,2024-03-05,Renewal,Basic,29
TXN001975,CUST1033,2024-04-05,Renewal,Basic,29
TXN001976,CUST1033,2024-05-05,Renewal,Basic,29
TXN001977,CUST1033,2024-06-05,Renewal,Basic,29
TXN001978,CUST1033,2024-07-05,Renewal,Basic,29
TXN001979,CUST1033,2024-08-05,Renewal,Basic,29
TXN001980,CUST1033,2024-09-05,Renewal,Basic,29
TXN001981,CUST1033,2024-10-05,Renewal,Basic,29
TXN001982,CUST1033,2024-11-05,Renewal,Basic,29
TXN001983,CUST1033,2024-12-05,Renewal,Basic,29
TXN001984,CUST1033,2025-01-05,Renewal,Basic,29
TXN001985,CUST1033,2025-02-05,Renewal,Basic,29
TXN001986,CUST1033,2025-03-05,Renewal,Basic,29
TXN001987,CUST1033,2025-04-05,Renewal,Basic,29
TXN001988,CUST1033,2025-05-05,Renewal,Basic,29
TXN001989,CUST1033,2025-06-05,Cancellation,Basic,0
TXN001990,CUST1052,2021-03-07,New Subscription,Pro,59
TXN001991,CUST1052,2021-04-07,Renewal,Pro,59
TXN001992,CUST1052,2021-05-07,Renewal,Pro,59
TXN001993,CUST1052,2021-06-07,Renewal,Pro,59
TXN001994,CUST1052,2021-07-07,Renewal,Pro,59
TXN001995,CUST1052,2021-08-07,Renewal,Pro,59
TXN001996,CUST1052,2021-09-07,Renewal,Pro,59
TXN001997,CUST1052,2021-10-07,Renewal,Pro,59
TXN001998,CUST1052,2021-11-07,Renewal,Pro,59
TXN001999,CUST1052,2021-12-07,Renewal,Pro,59
TXN002000,CUST1052,2022-01-07,Renewal,Pro,59
TXN002001,CUST1052,2022-02-07,Cancellation,Pro,0
TXN002002,CUST1065,2021-03-09,New Subscription,Pro,59
TXN002003,CUST1065,2021-04-09,Renewal,Pro,59
TXN002004,CUST1065,2021-05-09,Renewal,Pro,59
TXN002005,CUST1065,2021-06-09,Renewal,Pro,59
TXN002006,CUST1065,2021-07-09,Renewal,Pro,59
TXN002007,CUST1065,2021-08-09,Renewal,Pro,59
TXN002008,CUST1065,2021-09-09,Renewal,Pro,59
TXN002009,CUST1065,2021-10-09,Renewal,Pro,59
TXN002010,CUST1065,2021-11-09,Renewal,Pro,59
TXN002011,CUST1065,2021-12-09,Renewal,Pro,59
TXN002012,CUST1065,2022-01-09,Renewal,Pro,59
TXN002013,CUST1065,2022-02-09,Renewal,Pro,59
TXN002014,CUST1065,2022-03-09,Renewal,Pro,59
TXN002015,CUST1065,2022-04-09,Renewal,Pro,59
TXN002016,CUST1065,2022-05-09,Renewal,Pro,59
TXN002017,CUST1065,2022-06-09,Renewal,Pro,59
TXN002018,CUST1065,2022-07-09,Renewal,Pro,59
TXN002019,CUST1065,2022-08-09,Renewal,Pro,59
TXN002020,CUST1065,2022-09-09,Renewal,Pro,59
TXN002021,CUST1065,2022-10-09,Renewal,Pro,59
TXN002022,CUST1065,2022-11-09,Renewal,Pro,59
TXN002023,CUST1065,2022-12-09,Renewal,Pro,59
TXN002024,CUST1065,2023-01-09,Renewal,Pro,59
TXN002025,CUST1065,2023-02-09,Renewal,Pro,59
TXN002026,CUST1065,2023-03-09,Renewal,Pro,59
TXN002027,CUST1065,2023-04-09,Renewal,Pro,59
TXN002028,CUST1065,2023-05-09,Renewal,Pro,59
TXN002029,CUST1065,2023-06-09,Renewal,Pro,59
TXN002030,CUST1065,2023-07-09,Renewal,Pro,59
TXN002031,CUST1065,2023-08-09,Renewal,Pro,59
TXN002032,CUST1065,2023-09-09,Renewal,Pro,59
TXN002033,CUST1065,2023-10-09,Renewal,Pro,59
TXN002034,CUST1065,2023-11-09,Renewal,Pro,59
TXN002035,CUST1065,2023-12-09,Renewal,Pro,59
TXN002036,CUST1065,2024-01-09,Renewal,Pro,59
TXN002037,CUST1065,2024-02-09,Renewal,Pro,59
TXN002038,CUST1065,2024-03-09,Renewal,Pro,59
TXN002039,CUST1065,2024-04-09,Renewal,Pro,59
TXN002040,CUST1065,2024-05-09,Renewal,Pro,59
TXN002041,CUST1065,2024-06-09,Renewal,Pro,59
TXN002042,CUST1065,2024-07-09,Renewal,Pro,59
TXN002043,CUST1065,2024-08-09,Renewal,Pro,59
TXN002044,CUST1065,2024-09-09,Renewal,Pro,59
TXN002045,CUST1065,2024-10-09,Renewal,Pro,59
TXN002046,CUST1065,2024-11-09,Renewal,Pro,59
TXN002047,CUST1065,2024-12-09,Upgrade,Enterprise,149
TXN002048,CUST1065,2025-01-09,Renewal,Enterprise,149
TXN002049,CUST1065,2025-02-09,Renewal,Enterprise,149
TXN002050,CUST1065,2025-03-09,Renewal,Enterprise,149
TXN002051,CUST1065,2025-04-09,Renewal,Enterprise,149
TXN002052,CUST1065,2025-05-09,Renewal,Enterprise,149
TXN002053,CUST1065,2025-06-09,Renewal,Enterprise,149
TXN002054,CUST1065,2025-07-09,Renewal,Enterprise,149
TXN002055,CUST1065,2025-08-09,Renewal,Enterprise,149
TXN002056,CUST1065,2025-09-09,Renewal,Enterprise,149
TXN002057,CUST1065,2025-10-09,Renewal,Enterprise,149
TXN002058,CUST1065,2025-11-09,Renewal,Enterprise,149
TXN002059,CUST1065,2025-12-09,Renewal,Enterprise,149
TXN002060,CUST1065,2026-01-09,Renewal,Enterprise,149
TXN002061,CUST1065,2026-02-09,Renewal,Enterprise,149
TXN002062,CUST1065,2026-03-09,Renewal,Enterprise,149
TXN002063,CUST1065,2026-04-09,Renewal,Enterprise,149
TXN002064,CUST1065,2026-05-09,Renewal,Enterprise,149
TXN002065,CUST1065,2026-06-09,Renewal,Enterprise,149
TXN002066,CUST1065,2026-07-09,Downgrade,Pro,59
TXN002067,CUST1065,2026-08-09,Renewal,Pro,59
TXN002068,CUST1072,2021-03-14,New Subscription,Enterprise,149
TXN002069,CUST1072,2021-04-14,Renewal,Enterprise,149
TXN002070,CUST1072,2021-05-14,Renewal,Enterprise,149
TXN002071,CUST1072,2021-06-14,Renewal,Enterprise,149
TXN002072,CUST1072,2021-07-14,Renewal,Enterprise,149
TXN002073,CUST1072,2021-08-14,Renewal,Enterprise,149
TXN002074,CUST1072,2021-09-14,Renewal,Enterprise,149
TXN002075,CUST1072,2021-10-14,Renewal,Enterprise,149
TXN002076,CUST1072,2021-11-14,Renewal,Enterprise,149
TXN002077,CUST1072,2021-12-14,Renewal,Enterprise,149
TXN002078,CUST1072,2022-01-14,Renewal,Enterprise,149
TXN002079,CUST1072,2022-02-14,Renewal,Enterprise,149
TXN002080,CUST1072,2022-03-14,Renewal,Enterprise,149
TXN002081,CUST1072,2022-04-14,Renewal,Enterprise,149
TXN002082,CUST1072,2022-05-14,Renewal,Enterprise,149
TXN002083,CUST1072,2022-06-14,Renewal,Enterprise,149
TXN002084,CUST1072,2022-07-14,Renewal,Enterprise,149
TXN002085,CUST1072,2022-08-14,Renewal,Enterprise,149
TXN002086,CUST1072,2022-09-14,Renewal,Enterprise,149
TXN002087,CUST1072,2022-10-14,Renewal,Enterprise,149
TXN002088,CUST1072,2022-11-14,Renewal,Enterprise,149
TXN002089,CUST1072,2022-12-14,Renewal,Enterprise,149
TXN002090,CUST1072,2023-01-14,Renewal,Enterprise,149
TXN002091,CUST1072,2023-02-14,Renewal,Enterprise,149
TXN002092,CUST1072,2023-03-14,Renewal,Enterprise,149
TXN002093,CUST1072,2023-04-14,Renewal,Enterprise,149
TXN002094,CUST1072,2023-05-14,Renewal,Enterprise,149
TXN002095,CUST1072,2023-06-14,Renewal,Enterprise,149
TXN002096,CUST1072,2023-07-14,Renewal,Enterprise,149
TXN002097,CUST1072,2023-08-14,Renewal,Enterprise,149
TXN002098,CUST1072,2023-09-14,Renewal,Enterprise,149
TXN002099,CUST1072,2023-10-14,Renewal,Enterprise,149
TXN002100,CUST1072,2023-11-14,Renewal,Enterprise,149
TXN002101,CUST1072,2023-12-14,Renewal,Enterprise,149
TXN002102,CUST1072,2024-01-14,Renewal,Enterprise,149
TXN002103,CUST1072,2024-02-14,Renewal,Enterprise,149
TXN002104,CUST1072,2024-03-14,Renewal,Enterprise,149
TXN002105,CUST1072,2024-04-14,Renewal,Enterprise,149
TXN002106,CUST1072,2024-05-14,Renewal,Enterprise,149
TXN002107,CUST1072,2024-06-14,Renewal,Enterprise,149
TXN002108,CUST1072,2024-07-14,Renewal,Enterprise,149
TXN002109,CUST1072,2024-08-14,Renewal,Enterprise,149
TXN002110,CUST1072,2024-09-14,Renewal,Enterprise,149
TXN002111,CUST1072,2024-10-14,Renewal,Enterprise,149
TXN002112,CUST1072,2024-11-14,Renewal,Enterprise,149
TXN002113,CUST1072,2024-12-14,Renewal,Enterprise,149
TXN002114,CUST1072,2025-01-14,Renewal,Enterprise,149
TXN002115,CUST1072,2025-02-14,Renewal,Enterprise,149
TXN002116,CUST1072,2025-03-14,Renewal,Enterprise,149
TXN002117,CUST1072,2025-04-14,Renewal,Enterprise,149
TXN002118,CUST1072,2025-05-14,Renewal,Enterprise,149
TXN002119,CUST1072,2025-06-14,Renewal,Enterprise,149
TXN002120,CUST1072,2025-07-14,Renewal,Enterprise,149
TXN002121,CUST1072,2025-08-14,Renewal,Enterprise,149
TXN002122,CUST1072,2025-09-14,Renewal,Enterprise,149
TXN002123,CUST1072,2025-10-14,Downgrade,Pro,59
TXN002124,CUST1072,2025-11-14,Renewal,Pro,59
TXN002125,CUST1072,2025-12-14,Renewal,Pro,59
TXN002126,CUST1072,2026-01-14,Renewal,Pro,59
TXN002127,CUST1072,2026-02-14,Renewal,Pro,59
TXN002128,CUST1072,2026-03-14,Renewal,Pro,59
TXN002129,CUST1072,2026-04-14,Renewal,Pro,59
TXN002130,CUST1072,2026-05-14,Cancellation,Pro,0
TXN002131,CUST1038,2021-04-01,New Subscription,Basic,29
TXN002132,CUST1038,2021-05-01,Renewal,Basic,29
TXN002133,CUST1038,2021-06-01,Renewal,Basic,29
TXN002134,CUST1038,2021-07-01,Renewal,Basic,29
TXN002135,CUST1038,2021-08-01,Renewal,Basic,29
TXN002136,CUST1038,2021-09-01,Renewal,Basic,29
TXN002137,CUST1038,2021-10-01,Renewal,Basic,29
TXN002138,CUST1038,2021-11-01,Renewal,Basic,29
TXN002139,CUST1038,2021-12-01,Renewal,Basic,29
TXN002140,CUST1038,2022-01-01,Renewal,Basic,29
TXN002141,CUST1038,2022-02-01,Renewal,Basic,29
TXN002142,CUST1038,2022-03-01,Renewal,Basic,29
TXN002143,CUST1038,2022-04-01,Renewal,Basic,29
TXN002144,CUST1038,2022-05-01,Renewal,Basic,29
TXN002145,CUST1038,2022-06-01,Renewal,Basic,29
TXN002146,CUST1038,2022-07-01,Renewal,Basic,29
TXN002147,CUST1038,2022-08-01,Renewal,Basic,29
TXN002148,CUST1038,2022-09-01,Renewal,Basic,29
TXN002149,CUST1038,2022-10-01,Renewal,Basic,29
TXN002150,CUST1038,2022-11-01,Renewal,Basic,29
TXN002151,CUST1038,2022-12-01,Renewal,Basic,29
TXN002152,CUST1038,2023-01-01,Renewal,Basic,29
TXN002153,CUST1038,2023-02-01,Renewal,Basic,29
TXN002154,CUST1038,2023-03-01,Renewal,Basic,29
TXN002155,CUST1038,2023-04-01,Renewal,Basic,29
TXN002156,CUST1038,2023-05-01,Renewal,Basic,29
TXN002157,CUST1038,2023-06-01,Renewal,Basic,29
TXN002158,CUST1038,2023-07-01,Renewal,Basic,29
TXN002159,CUST1038,2023-08-01,Renewal,Basic,29
TXN002160,CUST1038,2023-09-01,Renewal,Basic,29
TXN002161,CUST1038,2023-10-01,Renewal,Basic,29
TXN002162,CUST1038,2023-11-01,Renewal,Basic,29
TXN002163,CUST1038,2023-12-01,Renewal,Basic,29
TXN002164,CUST1038,2024-01-01,Renewal,Basic,29
TXN002165,CUST1038,2024-02-01,Renewal,Basic,29
TXN002166,CUST1038,2024-03-01,Renewal,Basic,29
TXN002167,CUST1038,2024-04-01,Renewal,Basic,29
TXN002168,CUST1038,2024-05-01,Renewal,Basic,29
TXN002169,CUST1038,2024-06-01,Renewal,Basic,29
TXN002170,CUST1038,2024-07-01,Renewal,Basic,29
TXN002171,CUST1038,2024-08-01,Renewal,Basic,29
TXN002172,CUST1038,2024-09-01,Renewal,Basic,29
TXN002173,CUST1038,2024-10-01,Renewal,Basic,29
TXN002174,CUST1038,2024-11-01,Renewal,Basic,29
TXN002175,CUST1038,2024-12-01,Cancellation,Basic,0
TXN002176,CUST1037,2021-04-03,New Subscription,Basic,29
TXN002177,CUST1037,2021-05-03,Renewal,Basic,29
TXN002178,CUST1037,2021-06-03,Renewal,Basic,29
TXN002179,CUST1037,2021-07-03,Renewal,Basic,29
TXN002180,CUST1037,2021-08-03,Renewal,Basic,29
TXN002181,CUST1037,2021-09-03,Renewal,Basic,29
TXN002182,CUST1037,2021-10-03,Renewal,Basic,29
TXN002183,CUST1037,2021-11-03,Renewal,Basic,29
TXN002184,CUST1037,2021-12-03,Renewal,Basic,29
TXN002185,CUST1037,2022-01-03,Renewal,Basic,29
TXN002186,CUST1037,2022-02-03,Renewal,Basic,29
TXN002187,CUST1037,2022-03-03,Renewal,Basic,29
TXN002188,CUST1037,2022-04-03,Renewal,Basic,29
TXN002189,CUST1037,2022-05-03,Renewal,Basic,29
TXN002190,CUST1037,2022-06-03,Renewal,Basic,29
TXN002191,CUST1037,2022-07-03,Renewal,Basic,29
TXN002192,CUST1037,2022-08-03,Renewal,Basic,29
TXN002193,CUST1037,2022-09-03,Renewal,Basic,29
TXN002194,CUST1037,2022-10-03,Renewal,Basic,29
TXN002195,CUST1037,2022-11-03,Renewal,Basic,29
TXN002196,CUST1037,2022-12-03,Renewal,Basic,29
TXN002197,CUST1037,2023-01-03,Renewal,Basic,29
TXN002198,CUST1037,2023-02-03,Renewal,Basic,29
TXN002199,CUST1037,2023-03-03,Renewal,Basic,29
TXN002200,CUST1037,2023-04-03,Renewal,Basic,29
TXN002201,CUST1037,2023-05-03,Renewal,Basic,29
TXN002202,CUST1037,2023-06-03,Renewal,Basic,29
TXN002203,CUST1037,2023-07-03,Cancellation,Basic,0
TXN002204,CUST1045,2021-04-18,New Subscription,Basic,29
TXN002205,CUST1045,2021-05-18,Renewal,Basic,29
TXN002206,CUST1045,2021-06-18,Renewal,Basic,29
TXN002207,CUST1045,2021-07-18,Renewal,Basic,29
TXN002208,CUST1045,2021-08-18,Renewal,Basic,29
TXN002209,CUST1045,2021-09-18,Renewal,Basic,29
TXN002210,CUST1045,2021-10-18,Renewal,Basic,29
TXN002211,CUST1045,2021-11-18,Renewal,Basic,29
TXN002212,CUST1045,2021-12-18,Renewal,Basic,29
TXN002213,CUST1045,2022-01-18,Renewal,Basic,29
TXN002214,CUST1045,2022-02-18,Renewal,Basic,29
TXN002215,CUST1045,2022-03-18,Renewal,Basic,29
TXN002216,CUST1045,2022-04-18,Renewal,Basic,29
TXN002217,CUST1045,2022-05-18,Renewal,Basic,29
TXN002218,CUST1045,2022-06-18,Renewal,Basic,29
TXN002219,CUST1045,2022-07-18,Renewal,Basic,29
TXN002220,CUST1045,2022-08-18,Renewal,Basic,29
TXN002221,CUST1045,2022-09-18,Renewal,Basic,29
TXN002222,CUST1045,2022-10-18,Renewal,Basic,29
TXN002223,CUST1045,2022-11-18,Renewal,Basic,29
TXN002224,CUST1045,2022-12-18,Renewal,Basic,29
TXN002225,CUST1045,2023-01-18,Renewal,Basic,29
TXN002226,CUST1045,2023-02-18,Renewal,Basic,29
TXN002227,CUST1045,2023-03-18,Renewal,Basic,29
TXN002228,CUST1045,2023-04-18,Renewal,Basic,29
TXN002229,CUST1045,2023-05-18,Renewal,Basic,29
TXN002230,CUST1045,2023-06-18,Renewal,Basic,29
TXN002231,CUST1045,2023-07-18,Renewal,Basic,29
TXN002232,CUST1045,2023-08-18,Renewal,Basic,29
TXN002233,CUST1045,2023-09-18,Renewal,Basic,29
TXN002234,CUST1045,2023-10-18,Renewal,Basic,29
TXN002235,CUST1045,2023-11-18,Renewal,Basic,29
TXN002236,CUST1045,2023-12-18,Renewal,Basic,29
TXN002237,CUST1045,2024-01-18,Renewal,Basic,29
TXN002238,CUST1045,2024-02-18,Renewal,Basic,29
TXN002239,CUST1045,2024-03-18,Renewal,Basic,29
TXN002240,CUST1045,2024-04-18,Upgrade,Pro,59
TXN002241,CUST1045,2024-05-18,Renewal,Pro,59
TXN002242,CUST1045,2024-06-18,Renewal,Pro,59
TXN002243,CUST1045,2024-07-18,Renewal,Pro,59
TXN002244,CUST1045,2024-08-18,Renewal,Pro,59
TXN002245,CUST1045,2024-09-18,Renewal,Pro,59
TXN002246,CUST1045,2024-10-18,Renewal,Pro,59
TXN002247,CUST1045,2024-11-18,Renewal,Pro,59
TXN002248,CUST1045,2024-12-18,Renewal,Pro,59
TXN002249,CUST1045,2025-01-18,Renewal,Pro,59
TXN002250,CUST1045,2025-02-18,Renewal,Pro,59
TXN002251,CUST1045,2025-03-18,Renewal,Pro,59
TXN002252,CUST1045,2025-04-18,Renewal,Pro,59
TXN002253,CUST1045,2025-05-18,Renewal,Pro,59
TXN002254,CUST1045,2025-06-18,Renewal,Pro,59
TXN002255,CUST1045,2025-07-18,Renewal,Pro,59
TXN002256,CUST1045,2025-08-18,Renewal,Pro,59
TXN002257,CUST1045,2025-09-18,Renewal,Pro,59
TXN002258,CUST1045,2025-10-18,Renewal,Pro,59
TXN002259,CUST1045,2025-11-18,Renewal,Pro,59
TXN002260,CUST1045,2025-12-18,Renewal,Pro,59
TXN002261,CUST1045,2026-01-18,Renewal,Pro,59
TXN002262,CUST1045,2026-02-18,Renewal,Pro,59
TXN002263,CUST1045,2026-03-18,Renewal,Pro,59
TXN002264,CUST1045,2026-04-18,Renewal,Pro,59
TXN002265,CUST1045,2026-05-18,Renewal,Pro,59
TXN002266,CUST1045,2026-06-18,Renewal,Pro,59
TXN002267,CUST1045,2026-07-18,Renewal,Pro,59
TXN002268,CUST1058,2021-04-22,New Subscription,Basic,29
TXN002269,CUST1058,2021-05-22,Renewal,Basic,29
TXN002270,CUST1058,2021-06-22,Renewal,Basic,29
TXN002271,CUST1058,2021-07-22,Renewal,Basic,29
TXN002272,CUST1058,2021-08-22,Renewal,Basic,29
TXN002273,CUST1058,2021-09-22,Renewal,Basic,29
TXN002274,CUST1058,2021-10-22,Renewal,Basic,29
TXN002275,CUST1058,2021-11-22,Renewal,Basic,29
TXN002276,CUST1058,2021-12-22,Renewal,Basic,29
TXN002277,CUST1058,2022-01-22,Renewal,Basic,29
TXN002278,CUST1058,2022-02-22,Renewal,Basic,29
TXN002279,CUST1058,2022-03-22,Renewal,Basic,29
TXN002280,CUST1058,2022-04-22,Renewal,Basic,29
TXN002281,CUST1058,2022-05-22,Renewal,Basic,29
TXN002282,CUST1058,2022-06-22,Renewal,Basic,29
TXN002283,CUST1058,2022-07-22,Renewal,Basic,29
TXN002284,CUST1058,2022-08-22,Renewal,Basic,29
TXN002285,CUST1058,2022-09-22,Renewal,Basic,29
TXN002286,CUST1058,2022-10-22,Renewal,Basic,29
TXN002287,CUST1058,2022-11-22,Renewal,Basic,29
TXN002288,CUST1058,2022-12-22,Renewal,Basic,29
TXN002289,CUST1058,2023-01-22,Renewal,Basic,29
TXN002290,CUST1058,2023-02-22,Renewal,Basic,29
TXN002291,CUST1058,2023-03-22,Renewal,Basic,29
TXN002292,CUST1058,2023-04-22,Renewal,Basic,29
TXN002293,CUST1058,2023-05-22,Renewal,Basic,29
TXN002294,CUST1058,2023-06-22,Renewal,Basic,29
TXN002295,CUST1058,2023-07-22,Renewal,Basic,29
TXN002296,CUST1058,2023-08-22,Renewal,Basic,29
TXN002297,CUST1058,2023-09-22,Renewal,Basic,29
TXN002298,CUST1058,2023-10-22,Renewal,Basic,29
TXN002299,CUST1058,2023-11-22,Renewal,Basic,29
TXN002300,CUST1058,2023-12-22,Renewal,Basic,29
TXN002301,CUST1058,2024-01-22,Renewal,Basic,29
TXN002302,CUST1058,2024-02-22,Renewal,Basic,29
TXN002303,CUST1058,2024-03-22,Renewal,Basic,29
TXN002304,CUST1058,2024-04-22,Renewal,Basic,29
TXN002305,CUST1058,2024-05-22,Renewal,Basic,29
TXN002306,CUST1058,2024-06-22,Renewal,Basic,29
TXN002307,CUST1058,2024-07-22,Renewal,Basic,29
TXN002308,CUST1058,2024-08-22,Renewal,Basic,29
TXN002309,CUST1058,2024-09-22,Renewal,Basic,29
TXN002310,CUST1058,2024-10-22,Renewal,Basic,29
TXN002311,CUST1058,2024-11-22,Renewal,Basic,29
TXN002312,CUST1058,2024-12-22,Renewal,Basic,29
TXN002313,CUST1058,2025-01-22,Renewal,Basic,29
TXN002314,CUST1058,2025-02-22,Renewal,Basic,29
TXN002315,CUST1058,2025-03-22,Renewal,Basic,29
TXN002316,CUST1058,2025-04-22,Renewal,Basic,29
TXN002317,CUST1058,2025-05-22,Renewal,Basic,29
TXN002318,CUST1058,2025-06-22,Renewal,Basic,29
TXN002319,CUST1058,2025-07-22,Renewal,Basic,29
TXN002320,CUST1058,2025-08-22,Renewal,Basic,29
TXN002321,CUST1058,2025-09-22,Renewal,Basic,29
TXN002322,CUST1058,2025-10-22,Renewal,Basic,29
TXN002323,CUST1058,2025-11-22,Renewal,Basic,29
TXN002324,CUST1058,2025-12-22,Renewal,Basic,29
TXN002325,CUST1058,2026-01-22,Renewal,Basic,29
TXN002326,CUST1058,2026-02-22,Renewal,Basic,29
TXN002327,CUST1058,2026-03-22,Renewal,Basic,29
TXN002328,CUST1058,2026-04-22,Renewal,Basic,29
TXN002329,CUST1058,2026-05-22,Renewal,Basic,29
TXN002330,CUST1058,2026-06-22,Renewal,Basic,29
TXN002331,CUST1058,2026-07-22,Renewal,Basic,29
TXN002332,CUST1046,2021-04-28,New Subscription,Enterprise,149
TXN002333,CUST1046,2021-05-28,Renewal,Enterprise,149
TXN002334,CUST1046,2021-06-28,Renewal,Enterprise,149
TXN002335,CUST1046,2021-07-28,Renewal,Enterprise,149
TXN002336,CUST1046,2021-08-28,Renewal,Enterprise,149
TXN002337,CUST1046,2021-09-28,Renewal,Enterprise,149
TXN002338,CUST1046,2021-10-28,Renewal,Enterprise,149
TXN002339,CUST1046,2021-11-28,Renewal,Enterprise,149
TXN002340,CUST1046,2021-12-28,Renewal,Enterprise,149
TXN002341,CUST1046,2022-01-28,Renewal,Enterprise,149
TXN002342,CUST1046,2022-02-28,Renewal,Enterprise,149
TXN002343,CUST1046,2022-03-28,Renewal,Enterprise,149
TXN002344,CUST1046,2022-04-28,Renewal,Enterprise,149
TXN002345,CUST1046,2022-05-28,Renewal,Enterprise,149
TXN002346,CUST1046,2022-06-28,Downgrade,Pro,59
TXN002347,CUST1046,2022-07-28,Renewal,Pro,59
TXN002348,CUST1046,2022-08-28,Renewal,Pro,59
TXN002349,CUST1046,2022-09-28,Renewal,Pro,59
TXN002350,CUST1046,2022-10-28,Renewal,Pro,59
TXN002351,CUST1046,2022-11-28,Renewal,Pro,59
TXN002352,CUST1046,2022-12-28,Renewal,Pro,59
TXN002353,CUST1046,2023-01-28,Renewal,Pro,59
TXN002354,CUST1046,2023-02-28,Renewal,Pro,59
TXN002355,CUST1046,2023-03-28,Renewal,Pro,59
TXN002356,CUST1046,2023-04-28,Renewal,Pro,59
TXN002357,CUST1046,2023-05-28,Renewal,Pro,59
TXN002358,CUST1046,2023-06-28,Renewal,Pro,59
TXN002359,CUST1046,2023-07-28,Renewal,Pro,59
TXN002360,CUST1046,2023-08-28,Renewal,Pro,59
TXN002361,CUST1046,2023-09-28,Renewal,Pro,59
TXN002362,CUST1046,2023-10-28,Renewal,Pro,59
TXN002363,CUST1046,2023-11-28,Renewal,Pro,59
TXN002364,CUST1046,2023-12-28,Renewal,Pro,59
TXN002365,CUST1046,2024-01-28,Renewal,Pro,59
TXN002366,CUST1046,2024-02-28,Renewal,Pro,59
TXN002367,CUST1046,2024-03-28,Renewal,Pro,59
TXN002368,CUST1046,2024-04-28,Renewal,Pro,59
TXN002369,CUST1046,2024-05-28,Renewal,Pro,59
TXN002370,CUST1046,2024-06-28,Renewal,Pro,59
TXN002371,CUST1046,2024-07-28,Upgrade,Enterprise,149
TXN002372,CUST1046,2024-08-28,Renewal,Enterprise,149
TXN002373,CUST1046,2024-09-28,Renewal,Enterprise,149
TXN002374,CUST1046,2024-10-28,Renewal,Enterprise,149
TXN002375,CUST1046,2024-11-28,Renewal,Enterprise,149
TXN002376,CUST1046,2024-12-28,Renewal,Enterprise,149
TXN002377,CUST1046,2025-01-28,Renewal,Enterprise,149
TXN002378,CUST1046,2025-02-28,Renewal,Enterprise,149
TXN002379,CUST1046,2025-03-28,Renewal,Enterprise,149
TXN002380,CUST1046,2025-04-28,Renewal,Enterprise,149
TXN002381,CUST1046,2025-05-28,Renewal,Enterprise,149
TXN002382,CUST1046,2025-06-28,Renewal,Enterprise,149
TXN002383,CUST1046,2025-07-28,Renewal,Enterprise,149
TXN002384,CUST1046,2025-08-28,Renewal,Enterprise,149
TXN002385,CUST1046,2025-09-28,Renewal,Enterprise,149
TXN002386,CUST1046,2025-10-28,Renewal,Enterprise,149
TXN002387,CUST1046,2025-11-28,Renewal,Enterprise,149
TXN002388,CUST1046,2025-12-28,Renewal,Enterprise,149
TXN002389,CUST1046,2026-01-28,Renewal,Enterprise,149
TXN002390,CUST1046,2026-02-28,Renewal,Enterprise,149
TXN002391,CUST1046,2026-03-28,Renewal,Enterprise,149
TXN002392,CUST1046,2026-04-28,Renewal,Enterprise,149
TXN002393,CUST1046,2026-05-28,Renewal,Enterprise,149
TXN002394,CUST1046,2026-06-28,Renewal,Enterprise,149
TXN002395,CUST1046,2026-07-28,Renewal,Enterprise,149
TXN002396,CUST1049,2021-04-28,New Subscription,Basic,29
TXN002397,CUST1049,2021-05-28,Renewal,Basic,29
TXN002398,CUST1049,2021-06-28,Renewal,Basic,29
TXN002399,CUST1049,2021-07-28,Renewal,Basic,29
TXN002400,CUST1049,2021-08-28,Renewal,Basic,29
TXN002401,CUST1049,2021-09-28,Renewal,Basic,29
TXN002402,CUST1049,2021-10-28,Renewal,Basic,29
TXN002403,CUST1049,2021-11-28,Renewal,Basic,29
TXN002404,CUST1049,2021-12-28,Renewal,Basic,29
TXN002405,CUST1049,2022-01-28,Renewal,Basic,29
TXN002406,CUST1049,2022-02-28,Renewal,Basic,29
TXN002407,CUST1049,2022-03-28,Renewal,Basic,29
TXN002408,CUST1049,2022-04-28,Renewal,Basic,29
TXN002409,CUST1049,2022-05-28,Renewal,Basic,29
TXN002410,CUST1049,2022-06-28,Renewal,Basic,29
TXN002411,CUST1049,2022-07-28,Renewal,Basic,29
TXN002412,CUST1049,2022-08-28,Renewal,Basic,29
TXN002413,CUST1049,2022-09-28,Renewal,Basic,29
TXN002414,CUST1049,2022-10-28,Renewal,Basic,29
TXN002415,CUST1049,2022-11-28,Renewal,Basic,29
TXN002416,CUST1049,2022-12-28,Renewal,Basic,29
TXN002417,CUST1049,2023-01-28,Renewal,Basic,29
TXN002418,CUST1049,2023-02-28,Renewal,Basic,29
TXN002419,CUST1049,2023-03-28,Renewal,Basic,29
TXN002420,CUST1049,2023-04-28,Renewal,Basic,29
TXN002421,CUST1049,2023-05-28,Renewal,Basic,29
TXN002422,CUST1049,2023-06-28,Renewal,Basic,29
TXN002423,CUST1049,2023-07-28,Renewal,Basic,29
TXN002424,CUST1049,2023-08-28,Renewal,Basic,29
TXN002425,CUST1049,2023-09-28,Renewal,Basic,29
TXN002426,CUST1049,2023-10-28,Renewal,Basic,29
TXN002427,CUST1049,2023-11-28,Renewal,Basic,29
TXN002428,CUST1049,2023-12-28,Renewal,Basic,29
TXN002429,CUST1049,2024-01-28,Renewal,Basic,29
TXN002430,CUST1049,2024-02-28,Renewal,Basic,29
TXN002431,CUST1049,2024-03-28,Renewal,Basic,29
TXN002432,CUST1049,2024-04-28,Renewal,Basic,29
TXN002433,CUST1049,2024-05-28,Renewal,Basic,29
TXN002434,CUST1049,2024-06-28,Renewal,Basic,29
TXN002435,CUST1049,2024-07-28,Renewal,Basic,29
TXN002436,CUST1049,2024-08-28,Renewal,Basic,29
TXN002437,CUST1049,2024-09-28,Renewal,Basic,29
TXN002438,CUST1049,2024-10-28,Renewal,Basic,29
TXN002439,CUST1049,2024-11-28,Renewal,Basic,29
TXN002440,CUST1049,2024-12-28,Renewal,Basic,29
TXN002441,CUST1049,2025-01-28,Renewal,Basic,29
TXN002442,CUST1049,2025-02-28,Renewal,Basic,29
TXN002443,CUST1049,2025-03-28,Renewal,Basic,29
TXN002444,CUST1049,2025-04-28,Renewal,Basic,29
TXN002445,CUST1049,2025-05-28,Renewal,Basic,29
TXN002446,CUST1049,2025-06-28,Renewal,Basic,29
TXN002447,CUST1049,2025-07-28,Renewal,Basic,29
TXN002448,CUST1049,2025-08-28,Renewal,Basic,29
TXN002449,CUST1049,2025-09-28,Renewal,Basic,29
TXN002450,CUST1049,2025-10-28,Renewal,Basic,29
TXN002451,CUST1049,2025-11-28,Renewal,Basic,29
TXN002452,CUST1049,2025-12-28,Renewal,Basic,29
TXN002453,CUST1049,2026-01-28,Renewal,Basic,29
TXN002454,CUST1049,2026-02-28,Renewal,Basic,29
TXN002455,CUST1049,2026-03-28,Renewal,Basic,29
TXN002456,CUST1049,2026-04-28,Renewal,Basic,29
TXN002457,CUST1049,2026-05-28,Renewal,Basic,29
TXN002458,CUST1049,2026-06-28,Renewal,Basic,29
TXN002459,CUST1049,2026-07-28,Upgrade,Pro,59
TXN002460,CUST1075,2021-04-28,New Subscription,Basic,29
TXN002461,CUST1075,2021-05-28,Renewal,Basic,29
TXN002462,CUST1075,2021-06-28,Renewal,Basic,29
TXN002463,CUST1075,2021-07-28,Renewal,Basic,29
TXN002464,CUST1075,2021-08-28,Renewal,Basic,29
TXN002465,CUST1075,2021-09-28,Renewal,Basic,29
TXN002466,CUST1075,2021-10-28,Renewal,Basic,29
TXN002467,CUST1075,2021-11-28,Renewal,Basic,29
TXN002468,CUST1075,2021-12-28,Renewal,Basic,29
TXN002469,CUST1075,2022-01-28,Renewal,Basic,29
TXN002470,CUST1075,2022-02-28,Renewal,Basic,29
TXN002471,CUST1075,2022-03-28,Renewal,Basic,29
TXN002472,CUST1075,2022-04-28,Renewal,Basic,29
TXN002473,CUST1075,2022-05-28,Renewal,Basic,29
TXN002474,CUST1075,2022-06-28,Renewal,Basic,29
TXN002475,CUST1075,2022-07-28,Renewal,Basic,29
TXN002476,CUST1075,2022-08-28,Renewal,Basic,29
TXN002477,CUST1075,2022-09-28,Renewal,Basic,29
TXN002478,CUST1075,2022-10-28,Renewal,Basic,29
TXN002479,CUST1075,2022-11-28,Renewal,Basic,29
TXN002480,CUST1075,2022-12-28,Renewal,Basic,29
TXN002481,CUST1075,2023-01-28,Renewal,Basic,29
TXN002482,CUST1075,2023-02-28,Renewal,Basic,29
TXN002483,CUST1075,2023-03-28,Renewal,Basic,29
TXN002484,CUST1075,2023-04-28,Renewal,Basic,29
TXN002485,CUST1075,2023-05-28,Renewal,Basic,29
TXN002486,CUST1075,2023-06-28,Renewal,Basic,29
TXN002487,CUST1075,2023-07-28,Renewal,Basic,29
TXN002488,CUST1075,2023-08-28,Renewal,Basic,29
TXN002489,CUST1075,2023-09-28,Renewal,Basic,29
TXN002490,CUST1075,2023-10-28,Renewal,Basic,29
TXN002491,CUST1075,2023-11-28,Renewal,Basic,29
TXN002492,CUST1075,2023-12-28,Renewal,Basic,29
TXN002493,CUST1075,2024-01-28,Renewal,Basic,29
TXN002494,CUST1075,2024-02-28,Renewal,Basic,29
TXN002495,CUST1075,2024-03-28,Renewal,Basic,29
TXN002496,CUST1075,2024-04-28,Renewal,Basic,29
TXN002497,CUST1075,2024-05-28,Renewal,Basic,29
TXN002498,CUST1075,2024-06-28,Renewal,Basic,29
TXN002499,CUST1075,2024-07-28,Renewal,Basic,29
TXN002500,CUST1075,2024-08-28,Renewal,Basic,29
TXN002501,CUST1075,2024-09-28,Renewal,Basic,29
TXN002502,CUST1075,2024-10-28,Renewal,Basic,29
TXN002503,CUST1075,2024-11-28,Renewal,Basic,29
TXN002504,CUST1075,2024-12-28,Renewal,Basic,29
TXN002505,CUST1075,2025-01-28,Renewal,Basic,29
TXN002506,CUST1075,2025-02-28,Renewal,Basic,29
TXN002507,CUST1075,2025-03-28,Renewal,Basic,29
TXN002508,CUST1075,2025-04-28,Renewal,Basic,29
TXN002509,CUST1075,2025-05-28,Renewal,Basic,29
TXN002510,CUST1075,2025-06-28,Renewal,Basic,29
TXN002511,CUST1075,2025-07-28,Renewal,Basic,29
TXN002512,CUST1075,2025-08-28,Upgrade,Pro,59
TXN002513,CUST1075,2025-09-28,Renewal,Pro,59
TXN002514,CUST1075,2025-10-28,Renewal,Pro,59
TXN002515,CUST1075,2025-11-28,Renewal,Pro,59
TXN002516,CUST1075,2025-12-28,Renewal,Pro,59
TXN002517,CUST1075,2026-01-28,Renewal,Pro,59
TXN002518,CUST1075,2026-02-28,Renewal,Pro,59
TXN002519,CUST1075,2026-03-28,Renewal,Pro,59
TXN002520,CUST1075,2026-04-28,Renewal,Pro,59
TXN002521,CUST1075,2026-05-28,Renewal,Pro,59
TXN002522,CUST1075,2026-06-28,Renewal,Pro,59
TXN002523,CUST1075,2026-07-28,Renewal,Pro,59
TXN002524,CUST1031,2021-05-08,New Subscription,Enterprise,149
TXN002525,CUST1031,2021-06-08,Renewal,Enterprise,149
TXN002526,CUST1031,2021-07-08,Renewal,Enterprise,149
TXN002527,CUST1031,2021-08-08,Renewal,Enterprise,149
TXN002528,CUST1031,2021-09-08,Renewal,Enterprise,149
TXN002529,CUST1031,2021-10-08,Renewal,Enterprise,149
TXN002530,CUST1031,2021-11-08,Renewal,Enterprise,149
TXN002531,CUST1031,2021-12-08,Renewal,Enterprise,149
TXN002532,CUST1031,2022-01-08,Renewal,Enterprise,149
TXN002533,CUST1031,2022-02-08,Renewal,Enterprise,149
TXN002534,CUST1031,2022-03-08,Renewal,Enterprise,149
TXN002535,CUST1031,2022-04-08,Renewal,Enterprise,149
TXN002536,CUST1031,2022-05-08,Renewal,Enterprise,149
TXN002537,CUST1031,2022-06-08,Renewal,Enterprise,149
TXN002538,CUST1031,2022-07-08,Renewal,Enterprise,149
TXN002539,CUST1031,2022-08-08,Renewal,Enterprise,149
TXN002540,CUST1031,2022-09-08,Renewal,Enterprise,149
TXN002541,CUST1031,2022-10-08,Renewal,Enterprise,149
TXN002542,CUST1031,2022-11-08,Renewal,Enterprise,149
TXN002543,CUST1031,2022-12-08,Renewal,Enterprise,149
TXN002544,CUST1031,2023-01-08,Renewal,Enterprise,149
TXN002545,CUST1031,2023-02-08,Renewal,Enterprise,149
TXN002546,CUST1031,2023-03-08,Renewal,Enterprise,149
TXN002547,CUST1031,2023-04-08,Renewal,Enterprise,149
TXN002548,CUST1031,2023-05-08,Renewal,Enterprise,149
TXN002549,CUST1031,2023-06-08,Renewal,Enterprise,149
TXN002550,CUST1031,2023-07-08,Renewal,Enterprise,149
TXN002551,CUST1031,2023-08-08,Renewal,Enterprise,149
TXN002552,CUST1031,2023-09-08,Renewal,Enterprise,149
TXN002553,CUST1031,2023-10-08,Renewal,Enterprise,149
TXN002554,CUST1031,2023-11-08,Renewal,Enterprise,149
TXN002555,CUST1031,2023-12-08,Renewal,Enterprise,149
TXN002556,CUST1031,2024-01-08,Renewal,Enterprise,149
TXN002557,CUST1031,2024-02-08,Renewal,Enterprise,149
TXN002558,CUST1031,2024-03-08,Renewal,Enterprise,149
TXN002559,CUST1031,2024-04-08,Renewal,Enterprise,149
TXN002560,CUST1031,2024-05-08,Renewal,Enterprise,149
TXN002561,CUST1031,2024-06-08,Renewal,Enterprise,149
TXN002562,CUST1031,2024-07-08,Renewal,Enterprise,149
TXN002563,CUST1031,2024-08-08,Downgrade,Pro,59
TXN002564,CUST1031,2024-09-08,Renewal,Pro,59
TXN002565,CUST1031,2024-10-08,Renewal,Pro,59
TXN002566,CUST1031,2024-11-08,Renewal,Pro,59
TXN002567,CUST1031,2024-12-08,Renewal,Pro,59
TXN002568,CUST1031,2025-01-08,Renewal,Pro,59
TXN002569,CUST1031,2025-02-08,Renewal,Pro,59
TXN002570,CUST1031,2025-03-08,Renewal,Pro,59
TXN002571,CUST1031,2025-04-08,Renewal,Pro,59
TXN002572,CUST1031,2025-05-08,Renewal,Pro,59
TXN002573,CUST1031,2025-06-08,Renewal,Pro,59
TXN002574,CUST1031,2025-07-08,Renewal,Pro,59
TXN002575,CUST1031,2025-08-08,Renewal,Pro,59
TXN002576,CUST1031,2025-09-08,Renewal,Pro,59
TXN002577,CUST1031,2025-10-08,Renewal,Pro,59
TXN002578,CUST1031,2025-11-08,Renewal,Pro,59
TXN002579,CUST1031,2025-12-08,Upgrade,Enterprise,149
TXN002580,CUST1031,2026-01-08,Renewal,Enterprise,149
TXN002581,CUST1031,2026-02-08,Renewal,Enterprise,149
TXN002582,CUST1031,2026-03-08,Renewal,Enterprise,149
TXN002583,CUST1031,2026-04-08,Renewal,Enterprise,149
TXN002584,CUST1031,2026-05-08,Renewal,Enterprise,149
TXN002585,CUST1031,2026-06-08,Downgrade,Pro,59
TXN002586,CUST1031,2026-07-08,Renewal,Pro,59
TXN002587,CUST1031,2026-08-08,Renewal,Pro,59
TXN002588,CUST1066,2021-05-10,New Subscription,Basic,29
TXN002589,CUST1066,2021-06-10,Renewal,Basic,29
TXN002590,CUST1066,2021-07-10,Renewal,Basic,29
TXN002591,CUST1066,2021-08-10,Renewal,Basic,29
TXN002592,CUST1066,2021-09-10,Renewal,Basic,29
TXN002593,CUST1066,2021-10-10,Renewal,Basic,29
TXN002594,CUST1066,2021-11-10,Renewal,Basic,29
TXN002595,CUST1066,2021-12-10,Renewal,Basic,29
TXN002596,CUST1066,2022-01-10,Renewal,Basic,29
TXN002597,CUST1066,2022-02-10,Renewal,Basic,29
TXN002598,CUST1066,2022-03-10,Renewal,Basic,29
TXN002599,CUST1066,2022-04-10,Renewal,Basic,29
TXN002600,CUST1066,2022-05-10,Cancellation,Basic,0
TXN002601,CUST1069,2021-06-25,New Subscription,Basic,29
TXN002602,CUST1069,2021-07-25,Renewal,Basic,29
TXN002603,CUST1069,2021-08-25,Renewal,Basic,29
TXN002604,CUST1069,2021-09-25,Renewal,Basic,29
TXN002605,CUST1069,2021-10-25,Renewal,Basic,29
TXN002606,CUST1069,2021-11-25,Renewal,Basic,29
TXN002607,CUST1069,2021-12-25,Renewal,Basic,29
TXN002608,CUST1069,2022-01-25,Renewal,Basic,29
TXN002609,CUST1069,2022-02-25,Renewal,Basic,29
TXN002610,CUST1069,2022-03-25,Renewal,Basic,29
TXN002611,CUST1069,2022-04-25,Renewal,Basic,29
TXN002612,CUST1069,2022-05-25,Renewal,Basic,29
TXN002613,CUST1069,2022-06-25,Renewal,Basic,29
TXN002614,CUST1069,2022-07-25,Renewal,Basic,29
TXN002615,CUST1069,2022-08-25,Renewal,Basic,29
TXN002616,CUST1069,2022-09-25,Renewal,Basic,29
TXN002617,CUST1069,2022-10-25,Renewal,Basic,29
TXN002618,CUST1069,2022-11-25,Renewal,Basic,29
TXN002619,CUST1069,2022-12-25,Renewal,Basic,29
TXN002620,CUST1069,2023-01-25,Renewal,Basic,29
TXN002621,CUST1069,2023-02-25,Renewal,Basic,29
TXN002622,CUST1069,2023-03-25,Renewal,Basic,29
TXN002623,CUST1069,2023-04-25,Renewal,Basic,29
TXN002624,CUST1069,2023-05-25,Renewal,Basic,29
TXN002625,CUST1069,2023-06-25,Renewal,Basic,29
TXN002626,CUST1069,2023-07-25,Renewal,Basic,29
TXN002627,CUST1069,2023-08-25,Renewal,Basic,29
TXN002628,CUST1069,2023-09-25,Renewal,Basic,29
TXN002629,CUST1069,2023-10-25,Renewal,Basic,29
TXN002630,CUST1069,2023-11-25,Renewal,Basic,29
TXN002631,CUST1069,2023-12-25,Renewal,Basic,29
TXN002632,CUST1069,2024-01-25,Renewal,Basic,29
TXN002633,CUST1069,2024-02-25,Renewal,Basic,29
TXN002634,CUST1069,2024-03-25,Renewal,Basic,29
TXN002635,CUST1069,2024-04-25,Renewal,Basic,29
TXN002636,CUST1069,2024-05-25,Renewal,Basic,29
TXN002637,CUST1069,2024-06-25,Renewal,Basic,29
TXN002638,CUST1069,2024-07-25,Renewal,Basic,29
TXN002639,CUST1069,2024-08-25,Renewal,Basic,29
TXN002640,CUST1069,2024-09-25,Renewal,Basic,29
TXN002641,CUST1069,2024-10-25,Renewal,Basic,29
TXN002642,CUST1069,2024-11-25,Renewal,Basic,29
TXN002643,CUST1069,2024-12-25,Renewal,Basic,29
TXN002644,CUST1069,2025-01-25,Renewal,Basic,29
TXN002645,CUST1069,2025-02-25,Renewal,Basic,29
TXN002646,CUST1069,2025-03-25,Renewal,Basic,29
TXN002647,CUST1069,2025-04-25,Renewal,Basic,29
TXN002648,CUST1069,2025-05-25,Renewal,Basic,29
TXN002649,CUST1069,2025-06-25,Renewal,Basic,29
TXN002650,CUST1069,2025-07-25,Renewal,Basic,29
TXN002651,CUST1069,2025-08-25,Renewal,Basic,29
TXN002652,CUST1069,2025-09-25,Renewal,Basic,29
TXN002653,CUST1069,2025-10-25,Renewal,Basic,29
TXN002654,CUST1069,2025-11-25,Upgrade,Pro,59
TXN002655,CUST1069,2025-12-25,Renewal,Pro,59
TXN002656,CUST1069,2026-01-25,Renewal,Pro,59
TXN002657,CUST1069,2026-02-25,Renewal,Pro,59
TXN002658,CUST1069,2026-03-25,Renewal,Pro,59
TXN002659,CUST1069,2026-04-25,Renewal,Pro,59
TXN002660,CUST1069,2026-05-25,Renewal,Pro,59
TXN002661,CUST1069,2026-06-25,Renewal,Pro,59
TXN002662,CUST1069,2026-07-25,Renewal,Pro,59
TXN002663,CUST1050,2021-07-09,New Subscription,Basic,29
TXN002664,CUST1050,2021-08-09,Renewal,Basic,29
TXN002665,CUST1050,2021-09-09,Renewal,Basic,29
TXN002666,CUST1050,2021-10-09,Renewal,Basic,29
TXN002667,CUST1050,2021-11-09,Cancellation,Basic,0
TXN002668,CUST1057,2021-07-22,New Subscription,Enterprise,149
TXN002669,CUST1057,2021-08-22,Renewal,Enterprise,149
TXN002670,CUST1057,2021-09-22,Renewal,Enterprise,149
TXN002671,CUST1057,2021-10-22,Renewal,Enterprise,149
TXN002672,CUST1057,2021-11-22,Renewal,Enterprise,149
TXN002673,CUST1057,2021-12-22,Renewal,Enterprise,149
TXN002674,CUST1057,2022-01-22,Renewal,Enterprise,149
TXN002675,CUST1057,2022-02-22,Renewal,Enterprise,149
TXN002676,CUST1057,2022-03-22,Renewal,Enterprise,149
TXN002677,CUST1057,2022-04-22,Renewal,Enterprise,149
TXN002678,CUST1057,2022-05-22,Renewal,Enterprise,149
TXN002679,CUST1057,2022-06-22,Renewal,Enterprise,149
TXN002680,CUST1057,2022-07-22,Renewal,Enterprise,149
TXN002681,CUST1057,2022-08-22,Renewal,Enterprise,149
TXN002682,CUST1057,2022-09-22,Renewal,Enterprise,149
TXN002683,CUST1057,2022-10-22,Renewal,Enterprise,149
TXN002684,CUST1057,2022-11-22,Renewal,Enterprise,149
TXN002685,CUST1057,2022-12-22,Renewal,Enterprise,149
TXN002686,CUST1057,2023-01-22,Renewal,Enterprise,149
TXN002687,CUST1057,2023-02-22,Renewal,Enterprise,149
TXN002688,CUST1057,2023-03-22,Renewal,Enterprise,149
TXN002689,CUST1057,2023-04-22,Renewal,Enterprise,149
TXN002690,CUST1057,2023-05-22,Renewal,Enterprise,149
TXN002691,CUST1057,2023-06-22,Renewal,Enterprise,149
TXN002692,CUST1057,2023-07-22,Renewal,Enterprise,149
TXN002693,CUST1057,2023-08-22,Renewal,Enterprise,149
TXN002694,CUST1057,2023-09-22,Renewal,Enterprise,149
TXN002695,CUST1057,2023-10-22,Renewal,Enterprise,149
TXN002696,CUST1057,2023-11-22,Renewal,Enterprise,149
TXN002697,CUST1057,2023-12-22,Renewal,Enterprise,149
TXN002698,CUST1057,2024-01-22,Renewal,Enterprise,149
TXN002699,CUST1057,2024-02-22,Renewal,Enterprise,149
TXN002700,CUST1057,2024-03-22,Renewal,Enterprise,149
TXN002701,CUST1057,2024-04-22,Renewal,Enterprise,149
TXN002702,CUST1057,2024-05-22,Renewal,Enterprise,149
TXN002703,CUST1057,2024-06-22,Renewal,Enterprise,149
TXN002704,CUST1057,2024-07-22,Renewal,Enterprise,149
TXN002705,CUST1057,2024-08-22,Renewal,Enterprise,149
TXN002706,CUST1057,2024-09-22,Renewal,Enterprise,149
TXN002707,CUST1057,2024-10-22,Renewal,Enterprise,149
TXN002708,CUST1057,2024-11-22,Renewal,Enterprise,149
TXN002709,CUST1057,2024-12-22,Renewal,Enterprise,149
TXN002710,CUST1057,2025-01-22,Renewal,Enterprise,149
TXN002711,CUST1057,2025-02-22,Renewal,Enterprise,149
TXN002712,CUST1057,2025-03-22,Renewal,Enterprise,149
TXN002713,CUST1057,2025-04-22,Renewal,Enterprise,149
TXN002714,CUST1057,2025-05-22,Renewal,Enterprise,149
TXN002715,CUST1057,2025-06-22,Renewal,Enterprise,149
TXN002716,CUST1057,2025-07-22,Renewal,Enterprise,149
TXN002717,CUST1057,2025-08-22,Renewal,Enterprise,149
TXN002718,CUST1057,2025-09-22,Renewal,Enterprise,149
TXN002719,CUST1057,2025-10-22,Renewal,Enterprise,149
TXN002720,CUST1057,2025-11-22,Renewal,Enterprise,149
TXN002721,CUST1057,2025-12-22,Renewal,Enterprise,149
TXN002722,CUST1057,2026-01-22,Renewal,Enterprise,149
TXN002723,CUST1057,2026-02-22,Renewal,Enterprise,149
TXN002724,CUST1057,2026-03-22,Renewal,Enterprise,149
TXN002725,CUST1057,2026-04-22,Renewal,Enterprise,149
TXN002726,CUST1057,2026-05-22,Renewal,Enterprise,149
TXN002727,CUST1057,2026-06-22,Renewal,Enterprise,149
TXN002728,CUST1057,2026-07-22,Renewal,Enterprise,149
TXN002729,CUST1044,2021-07-24,New Subscription,Basic,29
TXN002730,CUST1044,2021-08-24,Renewal,Basic,29
TXN002731,CUST1044,2021-09-24,Renewal,Basic,29
TXN002732,CUST1044,2021-10-24,Renewal,Basic,29
TXN002733,CUST1044,2021-11-24,Renewal,Basic,29
TXN002734,CUST1044,2021-12-24,Renewal,Basic,29
TXN002735,CUST1044,2022-01-24,Renewal,Basic,29
TXN002736,CUST1044,2022-02-24,Renewal,Basic,29
TXN002737,CUST1044,2022-03-24,Renewal,Basic,29
TXN002738,CUST1044,2022-04-24,Renewal,Basic,29
TXN002739,CUST1044,2022-05-24,Renewal,Basic,29
TXN002740,CUST1044,2022-06-24,Renewal,Basic,29
TXN002741,CUST1044,2022-07-24,Renewal,Basic,29
TXN002742,CUST1044,2022-08-24,Renewal,Basic,29
TXN002743,CUST1044,2022-09-24,Renewal,Basic,29
TXN002744,CUST1044,2022-10-24,Renewal,Basic,29
TXN002745,CUST1044,2022-11-24,Renewal,Basic,29
TXN002746,CUST1044,2022-12-24,Renewal,Basic,29
TXN002747,CUST1044,2023-01-24,Renewal,Basic,29
TXN002748,CUST1044,2023-02-24,Renewal,Basic,29
TXN002749,CUST1044,2023-03-24,Renewal,Basic,29
TXN002750,CUST1044,2023-04-24,Renewal,Basic,29
TXN002751,CUST1044,2023-05-24,Upgrade,Pro,59
TXN002752,CUST1044,2023-06-24,Renewal,Pro,59
TXN002753,CUST1044,2023-07-24,Renewal,Pro,59
TXN002754,CUST1044,2023-08-24,Renewal,Pro,59
TXN002755,CUST1044,2023-09-24,Renewal,Pro,59
TXN002756,CUST1044,2023-10-24,Renewal,Pro,59
TXN002757,CUST1044,2023-11-24,Renewal,Pro,59
TXN002758,CUST1044,2023-12-24,Renewal,Pro,59
TXN002759,CUST1044,2024-01-24,Renewal,Pro,59
TXN002760,CUST1044,2024-02-24,Renewal,Pro,59
TXN002761,CUST1044,2024-03-24,Renewal,Pro,59
TXN002762,CUST1044,2024-04-24,Renewal,Pro,59
TXN002763,CUST1044,2024-05-24,Renewal,Pro,59
TXN002764,CUST1044,2024-06-24,Renewal,Pro,59
TXN002765,CUST1044,2024-07-24,Downgrade,Basic,29
TXN002766,CUST1044,2024-08-24,Renewal,Basic,29
TXN002767,CUST1044,2024-09-24,Renewal,Basic,29
TXN002768,CUST1044,2024-10-24,Renewal,Basic,29
TXN002769,CUST1044,2024-11-24,Renewal,Basic,29
TXN002770,CUST1044,2024-12-24,Renewal,Basic,29
TXN002771,CUST1044,2025-01-24,Renewal,Basic,29
TXN002772,CUST1044,2025-02-24,Renewal,Basic,29
TXN002773,CUST1044,2025-03-24,Renewal,Basic,29
TXN002774,CUST1044,2025-04-24,Renewal,Basic,29
TXN002775,CUST1044,2025-05-24,Renewal,Basic,29
TXN002776,CUST1044,2025-06-24,Renewal,Basic,29
TXN002777,CUST1044,2025-07-24,Renewal,Basic,29
TXN002778,CUST1044,2025-08-24,Renewal,Basic,29
TXN002779,CUST1044,2025-09-24,Renewal,Basic,29
TXN002780,CUST1044,2025-10-24,Renewal,Basic,29
TXN002781,CUST1044,2025-11-24,Renewal,Basic,29
TXN002782,CUST1044,2025-12-24,Renewal,Basic,29
TXN002783,CUST1044,2026-01-24,Renewal,Basic,29
TXN002784,CUST1044,2026-02-24,Renewal,Basic,29
TXN002785,CUST1044,2026-03-24,Renewal,Basic,29
TXN002786,CUST1044,2026-04-24,Upgrade,Pro,59
TXN002787,CUST1044,2026-05-24,Renewal,Pro,59
TXN002788,CUST1044,2026-06-24,Renewal,Pro,59
TXN002789,CUST1044,2026-07-24,Cancellation,Pro,0
TXN002790,CUST1040,2021-08-07,New Subscription,Enterprise,149
TXN002791,CUST1040,2021-09-07,Renewal,Enterprise,149
TXN002792,CUST1040,2021-10-07,Renewal,Enterprise,149
TXN002793,CUST1040,2021-11-07,Renewal,Enterprise,149
TXN002794,CUST1040,2021-12-07,Renewal,Enterprise,149
TXN002795,CUST1040,2022-01-07,Renewal,Enterprise,149
TXN002796,CUST1040,2022-02-07,Renewal,Enterprise,149
TXN002797,CUST1040,2022-03-07,Renewal,Enterprise,149
TXN002798,CUST1040,2022-04-07,Renewal,Enterprise,149
TXN002799,CUST1040,2022-05-07,Renewal,Enterprise,149
TXN002800,CUST1040,2022-06-07,Renewal,Enterprise,149
TXN002801,CUST1040,2022-07-07,Renewal,Enterprise,149
TXN002802,CUST1040,2022-08-07,Renewal,Enterprise,149
TXN002803,CUST1040,2022-09-07,Renewal,Enterprise,149
TXN002804,CUST1040,2022-10-07,Renewal,Enterprise,149
TXN002805,CUST1040,2022-11-07,Renewal,Enterprise,149
TXN002806,CUST1040,2022-12-07,Downgrade,Pro,59
TXN002807,CUST1040,2023-01-07,Renewal,Pro,59
TXN002808,CUST1040,2023-02-07,Cancellation,Pro,0
TXN002809,CUST1070,2021-08-18,New Subscription,Basic,29
TXN002810,CUST1070,2021-09-18,Renewal,Basic,29
TXN002811,CUST1070,2021-10-18,Renewal,Basic,29
TXN002812,CUST1070,2021-11-18,Renewal,Basic,29
TXN002813,CUST1070,2021-12-18,Renewal,Basic,29
TXN002814,CUST1070,2022-01-18,Renewal,Basic,29
TXN002815,CUST1070,2022-02-18,Renewal,Basic,29
TXN002816,CUST1070,2022-03-18,Renewal,Basic,29
TXN002817,CUST1070,2022-04-18,Renewal,Basic,29
TXN002818,CUST1070,2022-05-18,Renewal,Basic,29
TXN002819,CUST1070,2022-06-18,Renewal,Basic,29
TXN002820,CUST1070,2022-07-18,Upgrade,Pro,59
TXN002821,CUST1070,2022-08-18,Renewal,Pro,59
TXN002822,CUST1070,2022-09-18,Renewal,Pro,59
TXN002823,CUST1070,2022-10-18,Renewal,Pro,59
TXN002824,CUST1070,2022-11-18,Renewal,Pro,59
TXN002825,CUST1070,2022-12-18,Renewal,Pro,59
TXN002826,CUST1070,2023-01-18,Renewal,Pro,59
TXN002827,CUST1070,2023-02-18,Renewal,Pro,59
TXN002828,CUST1070,2023-03-18,Renewal,Pro,59
TXN002829,CUST1070,2023-04-18,Renewal,Pro,59
TXN002830,CUST1070,2023-05-18,Renewal,Pro,59
TXN002831,CUST1070,2023-06-18,Renewal,Pro,59
TXN002832,CUST1070,2023-07-18,Renewal,Pro,59
TXN002833,CUST1070,2023-08-18,Renewal,Pro,59
TXN002834,CUST1070,2023-09-18,Renewal,Pro,59
TXN002835,CUST1070,2023-10-18,Renewal,Pro,59
TXN002836,CUST1070,2023-11-18,Renewal,Pro,59
TXN002837,CUST1070,2023-12-18,Renewal,Pro,59
TXN002838,CUST1070,2024-01-18,Renewal,Pro,59
TXN002839,CUST1070,2024-02-18,Renewal,Pro,59
TXN002840,CUST1070,2024-03-18,Renewal,Pro,59
TXN002841,CUST1070,2024-04-18,Renewal,Pro,59
TXN002842,CUST1070,2024-05-18,Renewal,Pro,59
TXN002843,CUST1070,2024-06-18,Renewal,Pro,59
TXN002844,CUST1070,2024-07-18,Renewal,Pro,59
TXN002845,CUST1070,2024-08-18,Renewal,Pro,59
TXN002846,CUST1070,2024-09-18,Renewal,Pro,59
TXN002847,CUST1070,2024-10-18,Renewal,Pro,59
TXN002848,CUST1070,2024-11-18,Renewal,Pro,59
TXN002849,CUST1070,2024-12-18,Renewal,Pro,59
TXN002850,CUST1070,2025-01-18,Renewal,Pro,59
TXN002851,CUST1070,2025-02-18,Renewal,Pro,59
TXN002852,CUST1070,2025-03-18,Upgrade,Enterprise,149
TXN002853,CUST1070,2025-04-18,Renewal,Enterprise,149
TXN002854,CUST1070,2025-05-18,Downgrade,Pro,59
TXN002855,CUST1070,2025-06-18,Renewal,Pro,59
TXN002856,CUST1070,2025-07-18,Renewal,Pro,59
TXN002857,CUST1070,2025-08-18,Renewal,Pro,59
TXN002858,CUST1070,2025-09-18,Renewal,Pro,59
TXN002859,CUST1070,2025-10-18,Renewal,Pro,59
TXN002860,CUST1070,2025-11-18,Renewal,Pro,59
TXN002861,CUST1070,2025-12-18,Renewal,Pro,59
TXN002862,CUST1070,2026-01-18,Renewal,Pro,59
TXN002863,CUST1070,2026-02-18,Renewal,Pro,59
TXN002864,CUST1070,2026-03-18,Renewal,Pro,59
TXN002865,CUST1070,2026-04-18,Renewal,Pro,59
TXN002866,CUST1070,2026-05-18,Renewal,Pro,59
TXN002867,CUST1070,2026-06-18,Renewal,Pro,59
TXN002868,CUST1070,2026-07-18,Renewal,Pro,59
TXN002869,CUST1053,2021-09-02,New Subscription,Pro,59
TXN002870,CUST1053,2021-10-02,Cancellation,Pro,0
TXN002871,CUST1047,2021-09-04,New Subscription,Pro,59
TXN002872,CUST1047,2021-10-04,Renewal,Pro,59
TXN002873,CUST1047,2021-11-04,Renewal,Pro,59
TXN002874,CUST1047,2021-12-04,Renewal,Pro,59
TXN002875,CUST1047,2022-01-04,Renewal,Pro,59
TXN002876,CUST1047,2022-02-04,Renewal,Pro,59
TXN002877,CUST1047,2022-03-04,Renewal,Pro,59
TXN002878,CUST1047,2022-04-04,Renewal,Pro,59
TXN002879,CUST1047,2022-05-04,Renewal,Pro,59
TXN002880,CUST1047,2022-06-04,Upgrade,Enterprise,149
TXN002881,CUST1047,2022-07-04,Renewal,Enterprise,149
TXN002882,CUST1047,2022-08-04,Renewal,Enterprise,149
TXN002883,CUST1047,2022-09-04,Renewal,Enterprise,149
TXN002884,CUST1047,2022-10-04,Renewal,Enterprise,149
TXN002885,CUST1047,2022-11-04,Renewal,Enterprise,149
TXN002886,CUST1047,2022-12-04,Renewal,Enterprise,149
TXN002887,CUST1047,2023-01-04,Renewal,Enterprise,149
TXN002888,CUST1047,2023-02-04,Renewal,Enterprise,149
TXN002889,CUST1047,2023-03-04,Renewal,Enterprise,149
TXN002890,CUST1047,2023-04-04,Renewal,Enterprise,149
TXN002891,CUST1047,2023-05-04,Renewal,Enterprise,149
TXN002892,CUST1047,2023-06-04,Renewal,Enterprise,149
TXN002893,CUST1047,2023-07-04,Renewal,Enterprise,149
TXN002894,CUST1047,2023-08-04,Renewal,Enterprise,149
TXN002895,CUST1047,2023-09-04,Renewal,Enterprise,149
TXN002896,CUST1047,2023-10-04,Renewal,Enterprise,149
TXN002897,CUST1047,2023-11-04,Renewal,Enterprise,149
TXN002898,CUST1047,2023-12-04,Downgrade,Pro,59
TXN002899,CUST1047,2024-01-04,Renewal,Pro,59
TXN002900,CUST1047,2024-02-04,Renewal,Pro,59
TXN002901,CUST1047,2024-03-04,Renewal,Pro,59
TXN002902,CUST1047,2024-04-04,Renewal,Pro,59
TXN002903,CUST1047,2024-05-04,Renewal,Pro,59
TXN002904,CUST1047,2024-06-04,Renewal,Pro,59
TXN002905,CUST1047,2024-07-04,Renewal,Pro,59
TXN002906,CUST1047,2024-08-04,Renewal,Pro,59
TXN002907,CUST1047,2024-09-04,Renewal,Pro,59
TXN002908,CUST1047,2024-10-04,Renewal,Pro,59
TXN002909,CUST1047,2024-11-04,Renewal,Pro,59
TXN002910,CUST1047,2024-12-04,Renewal,Pro,59
TXN002911,CUST1047,2025-01-04,Renewal,Pro,59
TXN002912,CUST1047,2025-02-04,Cancellation,Pro,0
TXN002913,CUST1034,2021-09-28,New Subscription,Enterprise,149
TXN002914,CUST1034,2021-10-28,Renewal,Enterprise,149
TXN002915,CUST1034,2021-11-28,Renewal,Enterprise,149
TXN002916,CUST1034,2021-12-28,Renewal,Enterprise,149
TXN002917,CUST1034,2022-01-28,Renewal,Enterprise,149
TXN002918,CUST1034,2022-02-28,Renewal,Enterprise,149
TXN002919,CUST1034,2022-03-28,Renewal,Enterprise,149
TXN002920,CUST1034,2022-04-28,Renewal,Enterprise,149
TXN002921,CUST1034,2022-05-28,Renewal,Enterprise,149
TXN002922,CUST1034,2022-06-28,Renewal,Enterprise,149
TXN002923,CUST1034,2022-07-28,Downgrade,Pro,59
TXN002924,CUST1034,2022-08-28,Renewal,Pro,59
TXN002925,CUST1034,2022-09-28,Renewal,Pro,59
TXN002926,CUST1034,2022-10-28,Renewal,Pro,59
TXN002927,CUST1034,2022-11-28,Upgrade,Enterprise,149
TXN002928,CUST1034,2022-12-28,Renewal,Enterprise,149
TXN002929,CUST1034,2023-01-28,Renewal,Enterprise,149
TXN002930,CUST1034,2023-02-28,Renewal,Enterprise,149
TXN002931,CUST1034,2023-03-28,Renewal,Enterprise,149
TXN002932,CUST1034,2023-04-28,Renewal,Enterprise,149
TXN002933,CUST1034,2023-05-28,Renewal,Enterprise,149
TXN002934,CUST1034,2023-06-28,Renewal,Enterprise,149
TXN002935,CUST1034,2023-07-28,Renewal,Enterprise,149
TXN002936,CUST1034,2023-08-28,Renewal,Enterprise,149
TXN002937,CUST1034,2023-09-28,Renewal,Enterprise,149
TXN002938,CUST1034,2023-10-28,Renewal,Enterprise,149
TXN002939,CUST1034,2023-11-28,Renewal,Enterprise,149
TXN002940,CUST1034,2023-12-28,Renewal,Enterprise,149
TXN002941,CUST1034,2024-01-28,Renewal,Enterprise,149
TXN002942,CUST1034,2024-02-28,Renewal,Enterprise,149
TXN002943,CUST1034,2024-03-28,Renewal,Enterprise,149
TXN002944,CUST1034,2024-04-28,Renewal,Enterprise,149
TXN002945,CUST1034,2024-05-28,Renewal,Enterprise,149
TXN002946,CUST1034,2024-06-28,Renewal,Enterprise,149
TXN002947,CUST1034,2024-07-28,Renewal,Enterprise,149
TXN002948,CUST1034,2024-08-28,Renewal,Enterprise,149
TXN002949,CUST1034,2024-09-28,Renewal,Enterprise,149
TXN002950,CUST1034,2024-10-28,Renewal,Enterprise,149
TXN002951,CUST1034,2024-11-28,Renewal,Enterprise,149
TXN002952,CUST1034,2024-12-28,Renewal,Enterprise,149
TXN002953,CUST1034,2025-01-28,Renewal,Enterprise,149
TXN002954,CUST1034,2025-02-28,Renewal,Enterprise,149
TXN002955,CUST1034,2025-03-28,Renewal,Enterprise,149
TXN002956,CUST1034,2025-04-28,Renewal,Enterprise,149
TXN002957,CUST1034,2025-05-28,Downgrade,Pro,59
TXN002958,CUST1034,2025-06-28,Renewal,Pro,59
TXN002959,CUST1034,2025-07-28,Renewal,Pro,59
TXN002960,CUST1034,2025-08-28,Renewal,Pro,59
TXN002961,CUST1034,2025-09-28,Renewal,Pro,59
TXN002962,CUST1034,2025-10-28,Renewal,Pro,59
TXN002963,CUST1034,2025-11-28,Renewal,Pro,59
TXN002964,CUST1034,2025-12-28,Renewal,Pro,59
TXN002965,CUST1034,2026-01-28,Renewal,Pro,59
TXN002966,CUST1034,2026-02-28,Renewal,Pro,59
TXN002967,CUST1034,2026-03-28,Renewal,Pro,59
TXN002968,CUST1034,2026-04-28,Renewal,Pro,59
TXN002969,CUST1034,2026-05-28,Renewal,Pro,59
TXN002970,CUST1034,2026-06-28,Renewal,Pro,59
TXN002971,CUST1034,2026-07-28,Renewal,Pro,59
TXN002972,CUST1054,2021-09-28,New Subscription,Pro,59
TXN002973,CUST1054,2021-10-28,Renewal,Pro,59
TXN002974,CUST1054,2021-11-28,Renewal,Pro,59
TXN002975,CUST1054,2021-12-28,Renewal,Pro,59
TXN002976,CUST1054,2022-01-28,Renewal,Pro,59
TXN002977,CUST1054,2022-02-28,Renewal,Pro,59
TXN002978,CUST1054,2022-03-28,Renewal,Pro,59
TXN002979,CUST1054,2022-04-28,Renewal,Pro,59
TXN002980,CUST1054,2022-05-28,Renewal,Pro,59
TXN002981,CUST1054,2022-06-28,Renewal,Pro,59
TXN002982,CUST1054,2022-07-28,Renewal,Pro,59
TXN002983,CUST1054,2022-08-28,Cancellation,Pro,0
TXN002984,CUST1074,2021-09-28,New Subscription,Basic,29
TXN002985,CUST1074,2021-10-28,Renewal,Basic,29
TXN002986,CUST1074,2021-11-28,Renewal,Basic,29
TXN002987,CUST1074,2021-12-28,Renewal,Basic,29
TXN002988,CUST1074,2022-01-28,Renewal,Basic,29
TXN002989,CUST1074,2022-02-28,Renewal,Basic,29
TXN002990,CUST1074,2022-03-28,Renewal,Basic,29
TXN002991,CUST1074,2022-04-28,Renewal,Basic,29
TXN002992,CUST1074,2022-05-28,Renewal,Basic,29
TXN002993,CUST1074,2022-06-28,Renewal,Basic,29
TXN002994,CUST1074,2022-07-28,Renewal,Basic,29
TXN002995,CUST1074,2022-08-28,Renewal,Basic,29
TXN002996,CUST1074,2022-09-28,Renewal,Basic,29
TXN002997,CUST1074,2022-10-28,Renewal,Basic,29
TXN002998,CUST1074,2022-11-28,Renewal,Basic,29
TXN002999,CUST1074,2022-12-28,Renewal,Basic,29
TXN003000,CUST1074,2023-01-28,Upgrade,Pro,59
TXN003001,CUST1074,2023-02-28,Renewal,Pro,59
TXN003002,CUST1074,2023-03-28,Renewal,Pro,59
TXN003003,CUST1074,2023-04-28,Renewal,Pro,59
TXN003004,CUST1074,2023-05-28,Renewal,Pro,59
TXN003005,CUST1074,2023-06-28,Upgrade,Enterprise,149
TXN003006,CUST1074,2023-07-28,Renewal,Enterprise,149
TXN003007,CUST1074,2023-08-28,Renewal,Enterprise,149
TXN003008,CUST1074,2023-09-28,Renewal,Enterprise,149
TXN003009,CUST1074,2023-10-28,Renewal,Enterprise,149
TXN003010,CUST1074,2023-11-28,Renewal,Enterprise,149
TXN003011,CUST1074,2023-12-28,Renewal,Enterprise,149
TXN003012,CUST1074,2024-01-28,Renewal,Enterprise,149
TXN003013,CUST1074,2024-02-28,Renewal,Enterprise,149
TXN003014,CUST1074,2024-03-28,Renewal,Enterprise,149
TXN003015,CUST1074,2024-04-28,Renewal,Enterprise,149
TXN003016,CUST1074,2024-05-28,Downgrade,Pro,59
TXN003017,CUST1074,2024-06-28,Renewal,Pro,59
TXN003018,CUST1074,2024-07-28,Renewal,Pro,59
TXN003019,CUST1074,2024-08-28,Renewal,Pro,59
TXN003020,CUST1074,2024-09-28,Renewal,Pro,59
TXN003021,CUST1074,2024-10-28,Renewal,Pro,59
TXN003022,CUST1074,2024-11-28,Renewal,Pro,59
TXN003023,CUST1074,2024-12-28,Renewal,Pro,59
TXN003024,CUST1074,2025-01-28,Renewal,Pro,59
TXN003025,CUST1074,2025-02-28,Renewal,Pro,59
TXN003026,CUST1074,2025-03-28,Renewal,Pro,59
TXN003027,CUST1074,2025-04-28,Renewal,Pro,59
TXN003028,CUST1074,2025-05-28,Renewal,Pro,59
TXN003029,CUST1074,2025-06-28,Renewal,Pro,59
TXN003030,CUST1074,2025-07-28,Renewal,Pro,59
TXN003031,CUST1074,2025-08-28,Renewal,Pro,59
TXN003032,CUST1074,2025-09-28,Renewal,Pro,59
TXN003033,CUST1074,2025-10-28,Cancellation,Pro,0
TXN003034,CUST1041,2021-10-16,New Subscription,Basic,29
TXN003035,CUST1041,2021-11-16,Renewal,Basic,29
TXN003036,CUST1041,2021-12-16,Renewal,Basic,29
TXN003037,CUST1041,2022-01-16,Renewal,Basic,29
TXN003038,CUST1041,2022-02-16,Renewal,Basic,29
TXN003039,CUST1041,2022-03-16,Renewal,Basic,29
TXN003040,CUST1041,2022-04-16,Renewal,Basic,29
TXN003041,CUST1041,2022-05-16,Renewal,Basic,29
TXN003042,CUST1041,2022-06-16,Renewal,Basic,29
TXN003043,CUST1041,2022-07-16,Renewal,Basic,29
TXN003044,CUST1041,2022-08-16,Renewal,Basic,29
TXN003045,CUST1041,2022-09-16,Renewal,Basic,29
TXN003046,CUST1041,2022-10-16,Renewal,Basic,29
TXN003047,CUST1041,2022-11-16,Renewal,Basic,29
TXN003048,CUST1041,2022-12-16,Renewal,Basic,29
TXN003049,CUST1041,2023-01-16,Renewal,Basic,29
TXN003050,CUST1041,2023-02-16,Renewal,Basic,29
TXN003051,CUST1041,2023-03-16,Renewal,Basic,29
TXN003052,CUST1041,2023-04-16,Renewal,Basic,29
TXN003053,CUST1041,2023-05-16,Renewal,Basic,29
TXN003054,CUST1041,2023-06-16,Renewal,Basic,29
TXN003055,CUST1041,2023-07-16,Renewal,Basic,29
TXN003056,CUST1041,2023-08-16,Renewal,Basic,29
TXN003057,CUST1041,2023-09-16,Renewal,Basic,29
TXN003058,CUST1041,2023-10-16,Renewal,Basic,29
TXN003059,CUST1041,2023-11-16,Renewal,Basic,29
TXN003060,CUST1041,2023-12-16,Renewal,Basic,29
TXN003061,CUST1041,2024-01-16,Renewal,Basic,29
TXN003062,CUST1041,2024-02-16,Upgrade,Pro,59
TXN003063,CUST1041,2024-03-16,Renewal,Pro,59
TXN003064,CUST1041,2024-04-16,Renewal,Pro,59
TXN003065,CUST1041,2024-05-16,Renewal,Pro,59
TXN003066,CUST1041,2024-06-16,Renewal,Pro,59
TXN003067,CUST1041,2024-07-16,Renewal,Pro,59
TXN003068,CUST1041,2024-08-16,Renewal,Pro,59
TXN003069,CUST1041,2024-09-16,Upgrade,Enterprise,149
TXN003070,CUST1041,2024-10-16,Renewal,Enterprise,149
TXN003071,CUST1041,2024-11-16,Renewal,Enterprise,149
TXN003072,CUST1041,2024-12-16,Renewal,Enterprise,149
TXN003073,CUST1041,2025-01-16,Renewal,Enterprise,149
TXN003074,CUST1041,2025-02-16,Renewal,Enterprise,149
TXN003075,CUST1041,2025-03-16,Renewal,Enterprise,149
TXN003076,CUST1041,2025-04-16,Renewal,Enterprise,149
TXN003077,CUST1041,2025-05-16,Renewal,Enterprise,149
TXN003078,CUST1041,2025-06-16,Renewal,Enterprise,149
TXN003079,CUST1041,2025-07-16,Renewal,Enterprise,149
TXN003080,CUST1041,2025-08-16,Renewal,Enterprise,149
TXN003081,CUST1041,2025-09-16,Cancellation,Enterprise,0
TXN003082,CUST1036,2021-11-12,New Subscription,Basic,29
TXN003083,CUST1036,2021-12-12,Renewal,Basic,29
TXN003084,CUST1036,2022-01-12,Renewal,Basic,29
TXN003085,CUST1036,2022-02-12,Renewal,Basic,29
TXN003086,CUST1036,2022-03-12,Renewal,Basic,29
TXN003087,CUST1036,2022-04-12,Renewal,Basic,29
TXN003088,CUST1036,2022-05-12,Renewal,Basic,29
TXN003089,CUST1036,2022-06-12,Renewal,Basic,29
TXN003090,CUST1036,2022-07-12,Renewal,Basic,29
TXN003091,CUST1036,2022-08-12,Renewal,Basic,29
TXN003092,CUST1036,2022-09-12,Renewal,Basic,29
TXN003093,CUST1036,2022-10-12,Renewal,Basic,29
TXN003094,CUST1036,2022-11-12,Renewal,Basic,29
TXN003095,CUST1036,2022-12-12,Renewal,Basic,29
TXN003096,CUST1036,2023-01-12,Renewal,Basic,29
TXN003097,CUST1036,2023-02-12,Renewal,Basic,29
TXN003098,CUST1036,2023-03-12,Renewal,Basic,29
TXN003099,CUST1036,2023-04-12,Renewal,Basic,29
TXN003100,CUST1036,2023-05-12,Renewal,Basic,29
TXN003101,CUST1036,2023-06-12,Renewal,Basic,29
TXN003102,CUST1036,2023-07-12,Renewal,Basic,29
TXN003103,CUST1036,2023-08-12,Renewal,Basic,29
TXN003104,CUST1036,2023-09-12,Renewal,Basic,29
TXN003105,CUST1036,2023-10-12,Renewal,Basic,29
TXN003106,CUST1036,2023-11-12,Renewal,Basic,29
TXN003107,CUST1036,2023-12-12,Renewal,Basic,29
TXN003108,CUST1036,2024-01-12,Renewal,Basic,29
TXN003109,CUST1036,2024-02-12,Renewal,Basic,29
TXN003110,CUST1036,2024-03-12,Renewal,Basic,29
TXN003111,CUST1036,2024-04-12,Renewal,Basic,29
TXN003112,CUST1036,2024-05-12,Renewal,Basic,29
TXN003113,CUST1036,2024-06-12,Renewal,Basic,29
TXN003114,CUST1036,2024-07-12,Renewal,Basic,29
TXN003115,CUST1036,2024-08-12,Renewal,Basic,29
TXN003116,CUST1036,2024-09-12,Renewal,Basic,29
TXN003117,CUST1036,2024-10-12,Renewal,Basic,29
TXN003118,CUST1036,2024-11-12,Renewal,Basic,29
TXN003119,CUST1036,2024-12-12,Renewal,Basic,29
TXN003120,CUST1036,2025-01-12,Renewal,Basic,29
TXN003121,CUST1036,2025-02-12,Renewal,Basic,29
TXN003122,CUST1036,2025-03-12,Renewal,Basic,29
TXN003123,CUST1036,2025-04-12,Renewal,Basic,29
TXN003124,CUST1036,2025-05-12,Renewal,Basic,29
TXN003125,CUST1036,2025-06-12,Renewal,Basic,29
TXN003126,CUST1036,2025-07-12,Renewal,Basic,29
TXN003127,CUST1036,2025-08-12,Renewal,Basic,29
TXN003128,CUST1036,2025-09-12,Renewal,Basic,29
TXN003129,CUST1036,2025-10-12,Renewal,Basic,29
TXN003130,CUST1036,2025-11-12,Renewal,Basic,29
TXN003131,CUST1036,2025-12-12,Renewal,Basic,29
TXN003132,CUST1036,2026-01-12,Renewal,Basic,29
TXN003133,CUST1036,2026-02-12,Renewal,Basic,29
TXN003134,CUST1036,2026-03-12,Renewal,Basic,29
TXN003135,CUST1036,2026-04-12,Renewal,Basic,29
TXN003136,CUST1036,2026-05-12,Cancellation,Basic,0
TXN003137,CUST1059,2021-11-21,New Subscription,Pro,59
TXN003138,CUST1059,2021-12-21,Renewal,Pro,59
TXN003139,CUST1059,2022-01-21,Renewal,Pro,59
TXN003140,CUST1059,2022-02-21,Renewal,Pro,59
TXN003141,CUST1059,2022-03-21,Renewal,Pro,59
TXN003142,CUST1059,2022-04-21,Renewal,Pro,59
TXN003143,CUST1059,2022-05-21,Renewal,Pro,59
TXN003144,CUST1059,2022-06-21,Renewal,Pro,59
TXN003145,CUST1059,2022-07-21,Renewal,Pro,59
TXN003146,CUST1059,2022-08-21,Renewal,Pro,59
TXN003147,CUST1059,2022-09-21,Renewal,Pro,59
TXN003148,CUST1059,2022-10-21,Renewal,Pro,59
TXN003149,CUST1059,2022-11-21,Renewal,Pro,59
TXN003150,CUST1059,2022-12-21,Renewal,Pro,59
TXN003151,CUST1059,2023-01-21,Renewal,Pro,59
TXN003152,CUST1059,2023-02-21,Renewal,Pro,59
TXN003153,CUST1059,2023-03-21,Renewal,Pro,59
TXN003154,CUST1059,2023-04-21,Renewal,Pro,59
TXN003155,CUST1059,2023-05-21,Renewal,Pro,59
TXN003156,CUST1059,2023-06-21,Renewal,Pro,59
TXN003157,CUST1059,2023-07-21,Renewal,Pro,59
TXN003158,CUST1059,2023-08-21,Renewal,Pro,59
TXN003159,CUST1059,2023-09-21,Renewal,Pro,59
TXN003160,CUST1059,2023-10-21,Renewal,Pro,59
TXN003161,CUST1059,2023-11-21,Renewal,Pro,59
TXN003162,CUST1059,2023-12-21,Renewal,Pro,59
TXN003163,CUST1059,2024-01-21,Renewal,Pro,59
TXN003164,CUST1059,2024-02-21,Renewal,Pro,59
TXN003165,CUST1059,2024-03-21,Renewal,Pro,59
TXN003166,CUST1059,2024-04-21,Renewal,Pro,59
TXN003167,CUST1059,2024-05-21,Renewal,Pro,59
TXN003168,CUST1059,2024-06-21,Renewal,Pro,59
TXN003169,CUST1059,2024-07-21,Renewal,Pro,59
TXN003170,CUST1059,2024-08-21,Renewal,Pro,59
TXN003171,CUST1059,2024-09-21,Renewal,Pro,59
TXN003172,CUST1059,2024-10-21,Renewal,Pro,59
TXN003173,CUST1059,2024-11-21,Renewal,Pro,59
TXN003174,CUST1059,2024-12-21,Renewal,Pro,59
TXN003175,CUST1059,2025-01-21,Renewal,Pro,59
TXN003176,CUST1059,2025-02-21,Renewal,Pro,59
TXN003177,CUST1059,2025-03-21,Downgrade,Basic,29
TXN003178,CUST1059,2025-04-21,Renewal,Basic,29
TXN003179,CUST1059,2025-05-21,Renewal,Basic,29
TXN003180,CUST1059,2025-06-21,Renewal,Basic,29
TXN003181,CUST1059,2025-07-21,Renewal,Basic,29
TXN003182,CUST1059,2025-08-21,Renewal,Basic,29
TXN003183,CUST1059,2025-09-21,Renewal,Basic,29
TXN003184,CUST1059,2025-10-21,Cancellation,Basic,0
TXN003185,CUST1067,2021-11-28,New Subscription,Enterprise,149
TXN003186,CUST1067,2021-12-28,Renewal,Enterprise,149
TXN003187,CUST1067,2022-01-28,Renewal,Enterprise,149
TXN003188,CUST1067,2022-02-28,Renewal,Enterprise,149
TXN003189,CUST1067,2022-03-28,Renewal,Enterprise,149
TXN003190,CUST1067,2022-04-28,Renewal,Enterprise,149
TXN003191,CUST1067,2022-05-28,Renewal,Enterprise,149
TXN003192,CUST1067,2022-06-28,Renewal,Enterprise,149
TXN003193,CUST1067,2022-07-28,Renewal,Enterprise,149
TXN003194,CUST1067,2022-08-28,Renewal,Enterprise,149
TXN003195,CUST1067,2022-09-28,Renewal,Enterprise,149
TXN003196,CUST1067,2022-10-28,Renewal,Enterprise,149
TXN003197,CUST1067,2022-11-28,Renewal,Enterprise,149
TXN003198,CUST1067,2022-12-28,Renewal,Enterprise,149
TXN003199,CUST1067,2023-01-28,Renewal,Enterprise,149
TXN003200,CUST1067,2023-02-28,Downgrade,Pro,59
TXN003201,CUST1067,2023-03-28,Renewal,Pro,59
TXN003202,CUST1067,2023-04-28,Renewal,Pro,59
TXN003203,CUST1067,2023-05-28,Renewal,Pro,59
TXN003204,CUST1067,2023-06-28,Renewal,Pro,59
TXN003205,CUST1067,2023-07-28,Renewal,Pro,59
TXN003206,CUST1067,2023-08-28,Renewal,Pro,59
TXN003207,CUST1067,2023-09-28,Renewal,Pro,59
TXN003208,CUST1067,2023-10-28,Renewal,Pro,59
TXN003209,CUST1067,2023-11-28,Renewal,Pro,59
TXN003210,CUST1067,2023-12-28,Renewal,Pro,59
TXN003211,CUST1067,2024-01-28,Renewal,Pro,59
TXN003212,CUST1067,2024-02-28,Renewal,Pro,59
TXN003213,CUST1067,2024-03-28,Renewal,Pro,59
TXN003214,CUST1067,2024-04-28,Renewal,Pro,59
TXN003215,CUST1067,2024-05-28,Renewal,Pro,59
TXN003216,CUST1067,2024-06-28,Renewal,Pro,59
TXN003217,CUST1067,2024-07-28,Renewal,Pro,59
TXN003218,CUST1067,2024-08-28,Cancellation,Pro,0
TXN003219,CUST1043,2021-12-02,New Subscription,Basic,29
TXN003220,CUST1043,2022-01-02,Renewal,Basic,29
TXN003221,CUST1043,2022-02-02,Upgrade,Pro,59
TXN003222,CUST1043,2022-03-02,Renewal,Pro,59
TXN003223,CUST1043,2022-04-02,Renewal,Pro,59
TXN003224,CUST1043,2022-05-02,Renewal,Pro,59
TXN003225,CUST1043,2022-06-02,Renewal,Pro,59
TXN003226,CUST1043,2022-07-02,Renewal,Pro,59
TXN003227,CUST1043,2022-08-02,Renewal,Pro,59
TXN003228,CUST1043,2022-09-02,Renewal,Pro,59
TXN003229,CUST1043,2022-10-02,Renewal,Pro,59
TXN003230,CUST1043,2022-11-02,Renewal,Pro,59
TXN003231,CUST1043,2022-12-02,Renewal,Pro,59
TXN003232,CUST1043,2023-01-02,Renewal,Pro,59
TXN003233,CUST1043,2023-02-02,Renewal,Pro,59
TXN003234,CUST1043,2023-03-02,Renewal,Pro,59
TXN003235,CUST1043,2023-04-02,Renewal,Pro,59
TXN003236,CUST1043,2023-05-02,Renewal,Pro,59
TXN003237,CUST1043,2023-06-02,Renewal,Pro,59
TXN003238,CUST1043,2023-07-02,Renewal,Pro,59
TXN003239,CUST1043,2023-08-02,Renewal,Pro,59
TXN003240,CUST1043,2023-09-02,Upgrade,Enterprise,149
TXN003241,CUST1043,2023-10-02,Renewal,Enterprise,149
TXN003242,CUST1043,2023-11-02,Renewal,Enterprise,149
TXN003243,CUST1043,2023-12-02,Renewal,Enterprise,149
TXN003244,CUST1043,2024-01-02,Renewal,Enterprise,149
TXN003245,CUST1043,2024-02-02,Renewal,Enterprise,149
TXN003246,CUST1043,2024-03-02,Renewal,Enterprise,149
TXN003247,CUST1043,2024-04-02,Renewal,Enterprise,149
TXN003248,CUST1043,2024-05-02,Renewal,Enterprise,149
TXN003249,CUST1043,2024-06-02,Renewal,Enterprise,149
TXN003250,CUST1043,2024-07-02,Renewal,Enterprise,149
TXN003251,CUST1043,2024-08-02,Renewal,Enterprise,149
TXN003252,CUST1043,2024-09-02,Renewal,Enterprise,149
TXN003253,CUST1043,2024-10-02,Renewal,Enterprise,149
TXN003254,CUST1043,2024-11-02,Renewal,Enterprise,149
TXN003255,CUST1043,2024-12-02,Renewal,Enterprise,149
TXN003256,CUST1043,2025-01-02,Renewal,Enterprise,149
TXN003257,CUST1043,2025-02-02,Renewal,Enterprise,149
TXN003258,CUST1043,2025-03-02,Renewal,Enterprise,149
TXN003259,CUST1043,2025-04-02,Renewal,Enterprise,149
TXN003260,CUST1043,2025-05-02,Renewal,Enterprise,149
TXN003261,CUST1043,2025-06-02,Renewal,Enterprise,149
TXN003262,CUST1043,2025-07-02,Renewal,Enterprise,149
TXN003263,CUST1043,2025-08-02,Renewal,Enterprise,149
TXN003264,CUST1043,2025-09-02,Renewal,Enterprise,149
TXN003265,CUST1043,2025-10-02,Renewal,Enterprise,149
TXN003266,CUST1043,2025-11-02,Renewal,Enterprise,149
TXN003267,CUST1043,2025-12-02,Renewal,Enterprise,149
TXN003268,CUST1043,2026-01-02,Renewal,Enterprise,149
TXN003269,CUST1043,2026-02-02,Renewal,Enterprise,149
TXN003270,CUST1043,2026-03-02,Renewal,Enterprise,149
TXN003271,CUST1043,2026-04-02,Renewal,Enterprise,149
TXN003272,CUST1043,2026-05-02,Renewal,Enterprise,149
TXN003273,CUST1043,2026-06-02,Renewal,Enterprise,149
TXN003274,CUST1043,2026-07-02,Renewal,Enterprise,149
TXN003275,CUST1043,2026-08-02,Renewal,Enterprise,149
TXN003276,CUST1071,2021-12-05,New Subscription,Pro,59
TXN003277,CUST1071,2022-01-05,Renewal,Pro,59
TXN003278,CUST1071,2022-02-05,Renewal,Pro,59
TXN003279,CUST1071,2022-03-05,Renewal,Pro,59
TXN003280,CUST1071,2022-04-05,Renewal,Pro,59
TXN003281,CUST1071,2022-05-05,Cancellation,Pro,0
TXN003282,CUST1071,2022-11-05,Reactivation,Pro,59
TXN003283,CUST1071,2022-12-05,Renewal,Pro,59
TXN003284,CUST1071,2023-01-05,Renewal,Pro,59
TXN003285,CUST1071,2023-02-05,Renewal,Pro,59
TXN003286,CUST1071,2023-03-05,Renewal,Pro,59
TXN003287,CUST1071,2023-04-05,Renewal,Pro,59
TXN003288,CUST1071,2023-05-05,Cancellation,Pro,0
TXN003289,CUST1071,2023-06-05,Reactivation,Pro,59
TXN003290,CUST1071,2023-07-05,Renewal,Pro,59
TXN003291,CUST1071,2023-08-05,Renewal,Pro,59
TXN003292,CUST1071,2023-09-05,Renewal,Pro,59
TXN003293,CUST1071,2023-10-05,Renewal,Pro,59
TXN003294,CUST1071,2023-11-05,Renewal,Pro,59
TXN003295,CUST1071,2023-12-05,Downgrade,Basic,29
TXN003296,CUST1071,2024-01-05,Renewal,Basic,29
TXN003297,CUST1071,2024-02-05,Renewal,Basic,29
TXN003298,CUST1071,2024-03-05,Renewal,Basic,29
TXN003299,CUST1071,2024-04-05,Renewal,Basic,29
TXN003300,CUST1071,2024-05-05,Renewal,Basic,29
TXN003301,CUST1071,2024-06-05,Renewal,Basic,29
TXN003302,CUST1071,2024-07-05,Renewal,Basic,29
TXN003303,CUST1071,2024-08-05,Renewal,Basic,29
TXN003304,CUST1071,2024-09-05,Renewal,Basic,29
TXN003305,CUST1071,2024-10-05,Renewal,Basic,29
TXN003306,CUST1071,2024-11-05,Renewal,Basic,29
TXN003307,CUST1071,2024-12-05,Renewal,Basic,29
TXN003308,CUST1071,2025-01-05,Renewal,Basic,29
TXN003309,CUST1071,2025-02-05,Renewal,Basic,29
TXN003310,CUST1071,2025-03-05,Renewal,Basic,29
TXN003311,CUST1071,2025-04-05,Renewal,Basic,29
TXN003312,CUST1071,2025-05-05,Renewal,Basic,29
TXN003313,CUST1071,2025-06-05,Renewal,Basic,29
TXN003314,CUST1071,2025-07-05,Renewal,Basic,29
TXN003315,CUST1071,2025-08-05,Renewal,Basic,29
TXN003316,CUST1071,2025-09-05,Renewal,Basic,29
TXN003317,CUST1071,2025-10-05,Renewal,Basic,29
TXN003318,CUST1071,2025-11-05,Renewal,Basic,29
TXN003319,CUST1071,2025-12-05,Renewal,Basic,29
TXN003320,CUST1071,2026-01-05,Renewal,Basic,29
TXN003321,CUST1071,2026-02-05,Renewal,Basic,29
TXN003322,CUST1071,2026-03-05,Renewal,Basic,29
TXN003323,CUST1071,2026-04-05,Renewal,Basic,29
TXN003324,CUST1071,2026-05-05,Renewal,Basic,29
TXN003325,CUST1071,2026-06-05,Renewal,Basic,29
TXN003326,CUST1071,2026-07-05,Renewal,Basic,29
TXN003327,CUST1071,2026-08-05,Renewal,Basic,29
TXN003328,CUST1063,2021-12-10,New Subscription,Pro,59
TXN003329,CUST1063,2022-01-10,Renewal,Pro,59
TXN003330,CUST1063,2022-02-10,Renewal,Pro,59
TXN003331,CUST1063,2022-03-10,Renewal,Pro,59
TXN003332,CUST1063,2022-04-10,Renewal,Pro,59
TXN003333,CUST1063,2022-05-10,Renewal,Pro,59
TXN003334,CUST1063,2022-06-10,Renewal,Pro,59
TXN003335,CUST1063,2022-07-10,Renewal,Pro,59
TXN003336,CUST1063,2022-08-10,Renewal,Pro,59
TXN003337,CUST1063,2022-09-10,Renewal,Pro,59
TXN003338,CUST1063,2022-10-10,Renewal,Pro,59
TXN003339,CUST1063,2022-11-10,Renewal,Pro,59
TXN003340,CUST1063,2022-12-10,Renewal,Pro,59
TXN003341,CUST1063,2023-01-10,Renewal,Pro,59
TXN003342,CUST1063,2023-02-10,Renewal,Pro,59
TXN003343,CUST1063,2023-03-10,Renewal,Pro,59
TXN003344,CUST1063,2023-04-10,Renewal,Pro,59
TXN003345,CUST1063,2023-05-10,Renewal,Pro,59
TXN003346,CUST1063,2023-06-10,Renewal,Pro,59
TXN003347,CUST1063,2023-07-10,Renewal,Pro,59
TXN003348,CUST1063,2023-08-10,Renewal,Pro,59
TXN003349,CUST1063,2023-09-10,Renewal,Pro,59
TXN003350,CUST1063,2023-10-10,Renewal,Pro,59
TXN003351,CUST1063,2023-11-10,Renewal,Pro,59
TXN003352,CUST1063,2023-12-10,Renewal,Pro,59
TXN003353,CUST1063,2024-01-10,Renewal,Pro,59
TXN003354,CUST1063,2024-02-10,Renewal,Pro,59
TXN003355,CUST1063,2024-03-10,Renewal,Pro,59
TXN003356,CUST1063,2024-04-10,Renewal,Pro,59
TXN003357,CUST1063,2024-05-10,Renewal,Pro,59
TXN003358,CUST1063,2024-06-10,Renewal,Pro,59
TXN003359,CUST1063,2024-07-10,Renewal,Pro,59
TXN003360,CUST1063,2024-08-10,Cancellation,Pro,0
TXN003361,CUST1035,2021-12-23,New Subscription,Enterprise,149
TXN003362,CUST1035,2022-01-23,Renewal,Enterprise,149
TXN003363,CUST1035,2022-02-23,Renewal,Enterprise,149
TXN003364,CUST1035,2022-03-23,Renewal,Enterprise,149
TXN003365,CUST1035,2022-04-23,Renewal,Enterprise,149
TXN003366,CUST1035,2022-05-23,Renewal,Enterprise,149
TXN003367,CUST1035,2022-06-23,Renewal,Enterprise,149
TXN003368,CUST1035,2022-07-23,Renewal,Enterprise,149
TXN003369,CUST1035,2022-08-23,Renewal,Enterprise,149
TXN003370,CUST1035,2022-09-23,Renewal,Enterprise,149
TXN003371,CUST1035,2022-10-23,Renewal,Enterprise,149
TXN003372,CUST1035,2022-11-23,Renewal,Enterprise,149
TXN003373,CUST1035,2022-12-23,Renewal,Enterprise,149
TXN003374,CUST1035,2023-01-23,Renewal,Enterprise,149
TXN003375,CUST1035,2023-02-23,Renewal,Enterprise,149
TXN003376,CUST1035,2023-03-23,Renewal,Enterprise,149
TXN003377,CUST1035,2023-04-23,Renewal,Enterprise,149
TXN003378,CUST1035,2023-05-23,Renewal,Enterprise,149
TXN003379,CUST1035,2023-06-23,Renewal,Enterprise,149
TXN003380,CUST1035,2023-07-23,Renewal,Enterprise,149
TXN003381,CUST1035,2023-08-23,Renewal,Enterprise,149
TXN003382,CUST1035,2023-09-23,Renewal,Enterprise,149
TXN003383,CUST1035,2023-10-23,Renewal,Enterprise,149
TXN003384,CUST1035,2023-11-23,Renewal,Enterprise,149
TXN003385,CUST1035,2023-12-23,Renewal,Enterprise,149
TXN003386,CUST1035,2024-01-23,Renewal,Enterprise,149
TXN003387,CUST1035,2024-02-23,Renewal,Enterprise,149
TXN003388,CUST1035,2024-03-23,Renewal,Enterprise,149
TXN003389,CUST1035,2024-04-23,Renewal,Enterprise,149
TXN003390,CUST1035,2024-05-23,Renewal,Enterprise,149
TXN003391,CUST1035,2024-06-23,Renewal,Enterprise,149
TXN003392,CUST1035,2024-07-23,Renewal,Enterprise,149
TXN003393,CUST1035,2024-08-23,Renewal,Enterprise,149
TXN003394,CUST1035,2024-09-23,Renewal,Enterprise,149
TXN003395,CUST1035,2024-10-23,Renewal,Enterprise,149
TXN003396,CUST1035,2024-11-23,Renewal,Enterprise,149
TXN003397,CUST1035,2024-12-23,Renewal,Enterprise,149
TXN003398,CUST1035,2025-01-23,Renewal,Enterprise,149
TXN003399,CUST1035,2025-02-23,Renewal,Enterprise,149
TXN003400,CUST1035,2025-03-23,Renewal,Enterprise,149
TXN003401,CUST1035,2025-04-23,Renewal,Enterprise,149
TXN003402,CUST1035,2025-05-23,Renewal,Enterprise,149
TXN003403,CUST1035,2025-06-23,Renewal,Enterprise,149
TXN003404,CUST1035,2025-07-23,Renewal,Enterprise,149
TXN003405,CUST1035,2025-08-23,Renewal,Enterprise,149
TXN003406,CUST1035,2025-09-23,Renewal,Enterprise,149
TXN003407,CUST1035,2025-10-23,Renewal,Enterprise,149
TXN003408,CUST1035,2025-11-23,Renewal,Enterprise,149
TXN003409,CUST1035,2025-12-23,Renewal,Enterprise,149
TXN003410,CUST1035,2026-01-23,Renewal,Enterprise,149
TXN003411,CUST1035,2026-02-23,Renewal,Enterprise,149
TXN003412,CUST1035,2026-03-23,Renewal,Enterprise,149
TXN003413,CUST1035,2026-04-23,Renewal,Enterprise,149
TXN003414,CUST1035,2026-05-23,Renewal,Enterprise,149
TXN003415,CUST1035,2026-06-23,Renewal,Enterprise,149
TXN003416,CUST1035,2026-07-23,Renewal,Enterprise,149
TXN003417,CUST1051,2021-12-24,New Subscription,Pro,59
TXN003418,CUST1051,2022-01-24,Renewal,Pro,59
TXN003419,CUST1051,2022-02-24,Renewal,Pro,59
TXN003420,CUST1051,2022-03-24,Renewal,Pro,59
TXN003421,CUST1051,2022-04-24,Renewal,Pro,59
TXN003422,CUST1051,2022-05-24,Renewal,Pro,59
TXN003423,CUST1051,2022-06-24,Renewal,Pro,59
TXN003424,CUST1051,2022-07-24,Renewal,Pro,59
TXN003425,CUST1051,2022-08-24,Renewal,Pro,59
TXN003426,CUST1051,2022-09-24,Renewal,Pro,59
TXN003427,CUST1051,2022-10-24,Renewal,Pro,59
TXN003428,CUST1051,2022-11-24,Renewal,Pro,59
TXN003429,CUST1051,2022-12-24,Renewal,Pro,59
TXN003430,CUST1051,2023-01-24,Renewal,Pro,59
TXN003431,CUST1051,2023-02-24,Renewal,Pro,59
TXN003432,CUST1051,2023-03-24,Upgrade,Enterprise,149
TXN003433,CUST1051,2023-04-24,Renewal,Enterprise,149
TXN003434,CUST1051,2023-05-24,Renewal,Enterprise,149
TXN003435,CUST1051,2023-06-24,Renewal,Enterprise,149
TXN003436,CUST1051,2023-07-24,Renewal,Enterprise,149
TXN003437,CUST1051,2023-08-24,Downgrade,Pro,59
TXN003438,CUST1051,2023-09-24,Renewal,Pro,59
TXN003439,CUST1051,2023-10-24,Cancellation,Pro,0
TXN003440,CUST1122,2022-01-12,New Subscription,Enterprise,149
TXN003441,CUST1122,2022-02-12,Renewal,Enterprise,149
TXN003442,CUST1122,2022-03-12,Renewal,Enterprise,149
TXN003443,CUST1122,2022-04-12,Renewal,Enterprise,149
TXN003444,CUST1122,2022-05-12,Renewal,Enterprise,149
TXN003445,CUST1122,2022-06-12,Renewal,Enterprise,149
TXN003446,CUST1122,2022-07-12,Renewal,Enterprise,149
TXN003447,CUST1122,2022-08-12,Renewal,Enterprise,149
TXN003448,CUST1122,2022-09-12,Renewal,Enterprise,149
TXN003449,CUST1122,2022-10-12,Renewal,Enterprise,149
TXN003450,CUST1122,2022-11-12,Renewal,Enterprise,149
TXN003451,CUST1122,2022-12-12,Renewal,Enterprise,149
TXN003452,CUST1122,2023-01-12,Renewal,Enterprise,149
TXN003453,CUST1122,2023-02-12,Renewal,Enterprise,149
TXN003454,CUST1122,2023-03-12,Renewal,Enterprise,149
TXN003455,CUST1122,2023-04-12,Renewal,Enterprise,149
TXN003456,CUST1122,2023-05-12,Cancellation,Enterprise,0
TXN003457,CUST1123,2022-01-25,New Subscription,Pro,59
TXN003458,CUST1123,2022-02-25,Renewal,Pro,59
TXN003459,CUST1123,2022-03-25,Renewal,Pro,59
TXN003460,CUST1123,2022-04-25,Renewal,Pro,59
TXN003461,CUST1123,2022-05-25,Renewal,Pro,59
TXN003462,CUST1123,2022-06-25,Renewal,Pro,59
TXN003463,CUST1123,2022-07-25,Cancellation,Pro,0
TXN003464,CUST1081,2022-02-25,New Subscription,Basic,29
TXN003465,CUST1081,2022-03-25,Renewal,Basic,29
TXN003466,CUST1081,2022-04-25,Renewal,Basic,29
TXN003467,CUST1081,2022-05-25,Upgrade,Pro,59
TXN003468,CUST1081,2022-06-25,Renewal,Pro,59
TXN003469,CUST1081,2022-07-25,Renewal,Pro,59
TXN003470,CUST1081,2022-08-25,Renewal,Pro,59
TXN003471,CUST1081,2022-09-25,Cancellation,Pro,0
TXN003472,CUST1101,2022-02-25,New Subscription,Enterprise,149
TXN003473,CUST1101,2022-03-25,Renewal,Enterprise,149
TXN003474,CUST1101,2022-04-25,Renewal,Enterprise,149
TXN003475,CUST1101,2022-05-25,Renewal,Enterprise,149
TXN003476,CUST1101,2022-06-25,Renewal,Enterprise,149
TXN003477,CUST1101,2022-07-25,Renewal,Enterprise,149
TXN003478,CUST1101,2022-08-25,Renewal,Enterprise,149
TXN003479,CUST1101,2022-09-25,Cancellation,Enterprise,0
TXN003480,CUST1083,2022-03-19,New Subscription,Basic,29
TXN003481,CUST1083,2022-04-19,Renewal,Basic,29
TXN003482,CUST1083,2022-05-19,Renewal,Basic,29
TXN003483,CUST1083,2022-06-19,Renewal,Basic,29
TXN003484,CUST1083,2022-07-19,Renewal,Basic,29
TXN003485,CUST1083,2022-08-19,Renewal,Basic,29
TXN003486,CUST1083,2022-09-19,Renewal,Basic,29
TXN003487,CUST1083,2022-10-19,Renewal,Basic,29
TXN003488,CUST1083,2022-11-19,Renewal,Basic,29
TXN003489,CUST1083,2022-12-19,Renewal,Basic,29
TXN003490,CUST1083,2023-01-19,Renewal,Basic,29
TXN003491,CUST1083,2023-02-19,Renewal,Basic,29
TXN003492,CUST1083,2023-03-19,Renewal,Basic,29
TXN003493,CUST1083,2023-04-19,Renewal,Basic,29
TXN003494,CUST1083,2023-05-19,Upgrade,Pro,59
TXN003495,CUST1083,2023-06-19,Renewal,Pro,59
TXN003496,CUST1083,2023-07-19,Renewal,Pro,59
TXN003497,CUST1083,2023-08-19,Upgrade,Enterprise,149
TXN003498,CUST1083,2023-09-19,Renewal,Enterprise,149
TXN003499,CUST1083,2023-10-19,Renewal,Enterprise,149
TXN003500,CUST1083,2023-11-19,Renewal,Enterprise,149
TXN003501,CUST1083,2023-12-19,Renewal,Enterprise,149
TXN003502,CUST1083,2024-01-19,Renewal,Enterprise,149
TXN003503,CUST1083,2024-02-19,Renewal,Enterprise,149
TXN003504,CUST1083,2024-03-19,Renewal,Enterprise,149
TXN003505,CUST1083,2024-04-19,Renewal,Enterprise,149
TXN003506,CUST1083,2024-05-19,Renewal,Enterprise,149
TXN003507,CUST1083,2024-06-19,Renewal,Enterprise,149
TXN003508,CUST1083,2024-07-19,Renewal,Enterprise,149
TXN003509,CUST1083,2024-08-19,Renewal,Enterprise,149
TXN003510,CUST1083,2024-09-19,Renewal,Enterprise,149
TXN003511,CUST1083,2024-10-19,Downgrade,Pro,59
TXN003512,CUST1083,2024-11-19,Renewal,Pro,59
TXN003513,CUST1083,2024-12-19,Renewal,Pro,59
TXN003514,CUST1083,2025-01-19,Renewal,Pro,59
TXN003515,CUST1083,2025-02-19,Renewal,Pro,59
TXN003516,CUST1083,2025-03-19,Renewal,Pro,59
TXN003517,CUST1083,2025-04-19,Renewal,Pro,59
TXN003518,CUST1083,2025-05-19,Renewal,Pro,59
TXN003519,CUST1083,2025-06-19,Renewal,Pro,59
TXN003520,CUST1083,2025-07-19,Renewal,Pro,59
TXN003521,CUST1083,2025-08-19,Cancellation,Pro,0
TXN003522,CUST1095,2022-03-22,New Subscription,Pro,59
TXN003523,CUST1095,2022-04-22,Renewal,Pro,59
TXN003524,CUST1095,2022-05-22,Renewal,Pro,59
TXN003525,CUST1095,2022-06-22,Renewal,Pro,59
TXN003526,CUST1095,2022-07-22,Renewal,Pro,59
TXN003527,CUST1095,2022-08-22,Renewal,Pro,59
TXN003528,CUST1095,2022-09-22,Renewal,Pro,59
TXN003529,CUST1095,2022-10-22,Renewal,Pro,59
TXN003530,CUST1095,2022-11-22,Renewal,Pro,59
TXN003531,CUST1095,2022-12-22,Renewal,Pro,59
TXN003532,CUST1095,2023-01-22,Renewal,Pro,59
TXN003533,CUST1095,2023-02-22,Renewal,Pro,59
TXN003534,CUST1095,2023-03-22,Renewal,Pro,59
TXN003535,CUST1095,2023-04-22,Renewal,Pro,59
TXN003536,CUST1095,2023-05-22,Renewal,Pro,59
TXN003537,CUST1095,2023-06-22,Renewal,Pro,59
TXN003538,CUST1095,2023-07-22,Renewal,Pro,59
TXN003539,CUST1095,2023-08-22,Renewal,Pro,59
TXN003540,CUST1095,2023-09-22,Renewal,Pro,59
TXN003541,CUST1095,2023-10-22,Renewal,Pro,59
TXN003542,CUST1095,2023-11-22,Renewal,Pro,59
TXN003543,CUST1095,2023-12-22,Renewal,Pro,59
TXN003544,CUST1095,2024-01-22,Renewal,Pro,59
TXN003545,CUST1095,2024-02-22,Renewal,Pro,59
TXN003546,CUST1095,2024-03-22,Renewal,Pro,59
TXN003547,CUST1095,2024-04-22,Renewal,Pro,59
TXN003548,CUST1095,2024-05-22,Renewal,Pro,59
TXN003549,CUST1095,2024-06-22,Renewal,Pro,59
TXN003550,CUST1095,2024-07-22,Renewal,Pro,59
TXN003551,CUST1095,2024-08-22,Renewal,Pro,59
TXN003552,CUST1095,2024-09-22,Renewal,Pro,59
TXN003553,CUST1095,2024-10-22,Renewal,Pro,59
TXN003554,CUST1095,2024-11-22,Renewal,Pro,59
TXN003555,CUST1095,2024-12-22,Renewal,Pro,59
TXN003556,CUST1095,2025-01-22,Renewal,Pro,59
TXN003557,CUST1095,2025-02-22,Renewal,Pro,59
TXN003558,CUST1095,2025-03-22,Renewal,Pro,59
TXN003559,CUST1095,2025-04-22,Renewal,Pro,59
TXN003560,CUST1095,2025-05-22,Cancellation,Pro,0
TXN003561,CUST1110,2022-03-23,New Subscription,Basic,29
TXN003562,CUST1110,2022-04-23,Upgrade,Pro,59
TXN003563,CUST1110,2022-05-23,Renewal,Pro,59
TXN003564,CUST1110,2022-06-23,Renewal,Pro,59
TXN003565,CUST1110,2022-07-23,Renewal,Pro,59
TXN003566,CUST1110,2022-08-23,Renewal,Pro,59
TXN003567,CUST1110,2022-09-23,Renewal,Pro,59
TXN003568,CUST1110,2022-10-23,Renewal,Pro,59
TXN003569,CUST1110,2022-11-23,Renewal,Pro,59
TXN003570,CUST1110,2022-12-23,Renewal,Pro,59
TXN003571,CUST1110,2023-01-23,Renewal,Pro,59
TXN003572,CUST1110,2023-02-23,Renewal,Pro,59
TXN003573,CUST1110,2023-03-23,Renewal,Pro,59
TXN003574,CUST1110,2023-04-23,Renewal,Pro,59
TXN003575,CUST1110,2023-05-23,Renewal,Pro,59
TXN003576,CUST1110,2023-06-23,Renewal,Pro,59
TXN003577,CUST1110,2023-07-23,Renewal,Pro,59
TXN003578,CUST1110,2023-08-23,Renewal,Pro,59
TXN003579,CUST1110,2023-09-23,Renewal,Pro,59
TXN003580,CUST1110,2023-10-23,Renewal,Pro,59
TXN003581,CUST1110,2023-11-23,Renewal,Pro,59
TXN003582,CUST1110,2023-12-23,Upgrade,Enterprise,149
TXN003583,CUST1110,2024-01-23,Renewal,Enterprise,149
TXN003584,CUST1110,2024-02-23,Renewal,Enterprise,149
TXN003585,CUST1110,2024-03-23,Renewal,Enterprise,149
TXN003586,CUST1110,2024-04-23,Renewal,Enterprise,149
TXN003587,CUST1110,2024-05-23,Renewal,Enterprise,149
TXN003588,CUST1110,2024-06-23,Renewal,Enterprise,149
TXN003589,CUST1110,2024-07-23,Renewal,Enterprise,149
TXN003590,CUST1110,2024-08-23,Renewal,Enterprise,149
TXN003591,CUST1110,2024-09-23,Renewal,Enterprise,149
TXN003592,CUST1110,2024-10-23,Renewal,Enterprise,149
TXN003593,CUST1110,2024-11-23,Renewal,Enterprise,149
TXN003594,CUST1110,2024-12-23,Renewal,Enterprise,149
TXN003595,CUST1110,2025-01-23,Renewal,Enterprise,149
TXN003596,CUST1110,2025-02-23,Renewal,Enterprise,149
TXN003597,CUST1110,2025-03-23,Renewal,Enterprise,149
TXN003598,CUST1110,2025-04-23,Renewal,Enterprise,149
TXN003599,CUST1110,2025-05-23,Renewal,Enterprise,149
TXN003600,CUST1110,2025-06-23,Renewal,Enterprise,149
TXN003601,CUST1110,2025-07-23,Renewal,Enterprise,149
TXN003602,CUST1110,2025-08-23,Renewal,Enterprise,149
TXN003603,CUST1110,2025-09-23,Renewal,Enterprise,149
TXN003604,CUST1110,2025-10-23,Downgrade,Pro,59
TXN003605,CUST1110,2025-11-23,Renewal,Pro,59
TXN003606,CUST1110,2025-12-23,Upgrade,Enterprise,149
TXN003607,CUST1110,2026-01-23,Renewal,Enterprise,149
TXN003608,CUST1110,2026-02-23,Renewal,Enterprise,149
TXN003609,CUST1110,2026-03-23,Renewal,Enterprise,149
TXN003610,CUST1110,2026-04-23,Renewal,Enterprise,149
TXN003611,CUST1110,2026-05-23,Renewal,Enterprise,149
TXN003612,CUST1110,2026-06-23,Renewal,Enterprise,149
TXN003613,CUST1110,2026-07-23,Renewal,Enterprise,149
TXN003614,CUST1106,2022-03-24,New Subscription,Pro,59
TXN003615,CUST1106,2022-04-24,Renewal,Pro,59
TXN003616,CUST1106,2022-05-24,Renewal,Pro,59
TXN003617,CUST1106,2022-06-24,Renewal,Pro,59
TXN003618,CUST1106,2022-07-24,Renewal,Pro,59
TXN003619,CUST1106,2022-08-24,Upgrade,Enterprise,149
TXN003620,CUST1106,2022-09-24,Renewal,Enterprise,149
TXN003621,CUST1106,2022-10-24,Renewal,Enterprise,149
TXN003622,CUST1106,2022-11-24,Downgrade,Pro,59
TXN003623,CUST1106,2022-12-24,Renewal,Pro,59
TXN003624,CUST1106,2023-01-24,Renewal,Pro,59
TXN003625,CUST1106,2023-02-24,Renewal,Pro,59
TXN003626,CUST1106,2023-03-24,Renewal,Pro,59
TXN003627,CUST1106,2023-04-24,Renewal,Pro,59
TXN003628,CUST1106,2023-05-24,Renewal,Pro,59
TXN003629,CUST1106,2023-06-24,Renewal,Pro,59
TXN003630,CUST1106,2023-07-24,Renewal,Pro,59
TXN003631,CUST1106,2023-08-24,Renewal,Pro,59
TXN003632,CUST1106,2023-09-24,Renewal,Pro,59
TXN003633,CUST1106,2023-10-24,Renewal,Pro,59
TXN003634,CUST1106,2023-11-24,Renewal,Pro,59
TXN003635,CUST1106,2023-12-24,Renewal,Pro,59
TXN003636,CUST1106,2024-01-24,Renewal,Pro,59
TXN003637,CUST1106,2024-02-24,Renewal,Pro,59
TXN003638,CUST1106,2024-03-24,Renewal,Pro,59
TXN003639,CUST1106,2024-04-24,Renewal,Pro,59
TXN003640,CUST1106,2024-05-24,Renewal,Pro,59
TXN003641,CUST1106,2024-06-24,Renewal,Pro,59
TXN003642,CUST1106,2024-07-24,Renewal,Pro,59
TXN003643,CUST1106,2024-08-24,Renewal,Pro,59
TXN003644,CUST1106,2024-09-24,Renewal,Pro,59
TXN003645,CUST1106,2024-10-24,Renewal,Pro,59
TXN003646,CUST1106,2024-11-24,Renewal,Pro,59
TXN003647,CUST1106,2024-12-24,Renewal,Pro,59
TXN003648,CUST1106,2025-01-24,Renewal,Pro,59
TXN003649,CUST1106,2025-02-24,Renewal,Pro,59
TXN003650,CUST1106,2025-03-24,Renewal,Pro,59
TXN003651,CUST1106,2025-04-24,Renewal,Pro,59
TXN003652,CUST1106,2025-05-24,Renewal,Pro,59
TXN003653,CUST1106,2025-06-24,Renewal,Pro,59
TXN003654,CUST1106,2025-07-24,Renewal,Pro,59
TXN003655,CUST1106,2025-08-24,Renewal,Pro,59
TXN003656,CUST1106,2025-09-24,Renewal,Pro,59
TXN003657,CUST1106,2025-10-24,Renewal,Pro,59
TXN003658,CUST1106,2025-11-24,Renewal,Pro,59
TXN003659,CUST1106,2025-12-24,Renewal,Pro,59
TXN003660,CUST1106,2026-01-24,Renewal,Pro,59
TXN003661,CUST1106,2026-02-24,Renewal,Pro,59
TXN003662,CUST1106,2026-03-24,Renewal,Pro,59
TXN003663,CUST1106,2026-04-24,Renewal,Pro,59
TXN003664,CUST1106,2026-05-24,Renewal,Pro,59
TXN003665,CUST1106,2026-06-24,Renewal,Pro,59
TXN003666,CUST1106,2026-07-24,Renewal,Pro,59
TXN003667,CUST1134,2022-03-24,New Subscription,Pro,59
TXN003668,CUST1134,2022-04-24,Renewal,Pro,59
TXN003669,CUST1134,2022-05-24,Renewal,Pro,59
TXN003670,CUST1134,2022-06-24,Renewal,Pro,59
TXN003671,CUST1134,2022-07-24,Renewal,Pro,59
TXN003672,CUST1134,2022-08-24,Renewal,Pro,59
TXN003673,CUST1134,2022-09-24,Renewal,Pro,59
TXN003674,CUST1134,2022-10-24,Renewal,Pro,59
TXN003675,CUST1134,2022-11-24,Renewal,Pro,59
TXN003676,CUST1134,2022-12-24,Renewal,Pro,59
TXN003677,CUST1134,2023-01-24,Renewal,Pro,59
TXN003678,CUST1134,2023-02-24,Renewal,Pro,59
TXN003679,CUST1134,2023-03-24,Cancellation,Pro,0
TXN003680,CUST1078,2022-03-26,New Subscription,Basic,29
TXN003681,CUST1078,2022-04-26,Renewal,Basic,29
TXN003682,CUST1078,2022-05-26,Renewal,Basic,29
TXN003683,CUST1078,2022-06-26,Renewal,Basic,29
TXN003684,CUST1078,2022-07-26,Renewal,Basic,29
TXN003685,CUST1078,2022-08-26,Renewal,Basic,29
TXN003686,CUST1078,2022-09-26,Cancellation,Basic,0
TXN003687,CUST1078,2022-11-26,Reactivation,Basic,29
TXN003688,CUST1078,2022-12-26,Renewal,Basic,29
TXN003689,CUST1078,2023-01-26,Renewal,Basic,29
TXN003690,CUST1078,2023-02-26,Cancellation,Basic,0
TXN003691,CUST1078,2023-03-26,Reactivation,Basic,29
TXN003692,CUST1078,2023-04-26,Renewal,Basic,29
TXN003693,CUST1078,2023-05-26,Renewal,Basic,29
TXN003694,CUST1078,2023-06-26,Renewal,Basic,29
TXN003695,CUST1078,2023-07-26,Renewal,Basic,29
TXN003696,CUST1078,2023-08-26,Renewal,Basic,29
TXN003697,CUST1078,2023-09-26,Renewal,Basic,29
TXN003698,CUST1078,2023-10-26,Renewal,Basic,29
TXN003699,CUST1078,2023-11-26,Renewal,Basic,29
TXN003700,CUST1078,2023-12-26,Renewal,Basic,29
TXN003701,CUST1078,2024-01-26,Renewal,Basic,29
TXN003702,CUST1078,2024-02-26,Renewal,Basic,29
TXN003703,CUST1078,2024-03-26,Renewal,Basic,29
TXN003704,CUST1078,2024-04-26,Renewal,Basic,29
TXN003705,CUST1078,2024-05-26,Renewal,Basic,29
TXN003706,CUST1078,2024-06-26,Renewal,Basic,29
TXN003707,CUST1078,2024-07-26,Renewal,Basic,29
TXN003708,CUST1078,2024-08-26,Renewal,Basic,29
TXN003709,CUST1078,2024-09-26,Renewal,Basic,29
TXN003710,CUST1078,2024-10-26,Renewal,Basic,29
TXN003711,CUST1078,2024-11-26,Renewal,Basic,29
TXN003712,CUST1078,2024-12-26,Renewal,Basic,29
TXN003713,CUST1078,2025-01-26,Renewal,Basic,29
TXN003714,CUST1078,2025-02-26,Renewal,Basic,29
TXN003715,CUST1078,2025-03-26,Renewal,Basic,29
TXN003716,CUST1078,2025-04-26,Renewal,Basic,29
TXN003717,CUST1078,2025-05-26,Renewal,Basic,29
TXN003718,CUST1078,2025-06-26,Cancellation,Basic,0
TXN003719,CUST1078,2025-07-26,Reactivation,Basic,29
TXN003720,CUST1078,2025-08-26,Renewal,Basic,29
TXN003721,CUST1078,2025-09-26,Renewal,Basic,29
TXN003722,CUST1078,2025-10-26,Renewal,Basic,29
TXN003723,CUST1078,2025-11-26,Renewal,Basic,29
TXN003724,CUST1078,2025-12-26,Renewal,Basic,29
TXN003725,CUST1078,2026-01-26,Renewal,Basic,29
TXN003726,CUST1078,2026-02-26,Renewal,Basic,29
TXN003727,CUST1078,2026-03-26,Renewal,Basic,29
TXN003728,CUST1078,2026-04-26,Renewal,Basic,29
TXN003729,CUST1078,2026-05-26,Renewal,Basic,29
TXN003730,CUST1078,2026-06-26,Renewal,Basic,29
TXN003731,CUST1078,2026-07-26,Renewal,Basic,29
TXN003732,CUST1100,2022-04-05,New Subscription,Pro,59
TXN003733,CUST1100,2022-05-05,Renewal,Pro,59
TXN003734,CUST1100,2022-06-05,Renewal,Pro,59
TXN003735,CUST1100,2022-07-05,Renewal,Pro,59
TXN003736,CUST1100,2022-08-05,Renewal,Pro,59
TXN003737,CUST1100,2022-09-05,Renewal,Pro,59
TXN003738,CUST1100,2022-10-05,Renewal,Pro,59
TXN003739,CUST1100,2022-11-05,Renewal,Pro,59
TXN003740,CUST1100,2022-12-05,Renewal,Pro,59
TXN003741,CUST1100,2023-01-05,Renewal,Pro,59
TXN003742,CUST1100,2023-02-05,Renewal,Pro,59
TXN003743,CUST1100,2023-03-05,Renewal,Pro,59
TXN003744,CUST1100,2023-04-05,Renewal,Pro,59
TXN003745,CUST1100,2023-05-05,Renewal,Pro,59
TXN003746,CUST1100,2023-06-05,Renewal,Pro,59
TXN003747,CUST1100,2023-07-05,Renewal,Pro,59
TXN003748,CUST1100,2023-08-05,Renewal,Pro,59
TXN003749,CUST1100,2023-09-05,Renewal,Pro,59
TXN003750,CUST1100,2023-10-05,Renewal,Pro,59
TXN003751,CUST1100,2023-11-05,Renewal,Pro,59
TXN003752,CUST1100,2023-12-05,Renewal,Pro,59
TXN003753,CUST1100,2024-01-05,Renewal,Pro,59
TXN003754,CUST1100,2024-02-05,Renewal,Pro,59
TXN003755,CUST1100,2024-03-05,Renewal,Pro,59
TXN003756,CUST1100,2024-04-05,Renewal,Pro,59
TXN003757,CUST1100,2024-05-05,Renewal,Pro,59
TXN003758,CUST1100,2024-06-05,Renewal,Pro,59
TXN003759,CUST1100,2024-07-05,Renewal,Pro,59
TXN003760,CUST1100,2024-08-05,Renewal,Pro,59
TXN003761,CUST1100,2024-09-05,Renewal,Pro,59
TXN003762,CUST1100,2024-10-05,Renewal,Pro,59
TXN003763,CUST1100,2024-11-05,Renewal,Pro,59
TXN003764,CUST1100,2024-12-05,Renewal,Pro,59
TXN003765,CUST1100,2025-01-05,Renewal,Pro,59
TXN003766,CUST1100,2025-02-05,Renewal,Pro,59
TXN003767,CUST1100,2025-03-05,Cancellation,Pro,0
TXN003768,CUST1080,2022-04-08,New Subscription,Basic,29
TXN003769,CUST1080,2022-05-08,Renewal,Basic,29
TXN003770,CUST1080,2022-06-08,Renewal,Basic,29
TXN003771,CUST1080,2022-07-08,Renewal,Basic,29
TXN003772,CUST1080,2022-08-08,Renewal,Basic,29
TXN003773,CUST1080,2022-09-08,Renewal,Basic,29
TXN003774,CUST1080,2022-10-08,Renewal,Basic,29
TXN003775,CUST1080,2022-11-08,Renewal,Basic,29
TXN003776,CUST1080,2022-12-08,Renewal,Basic,29
TXN003777,CUST1080,2023-01-08,Renewal,Basic,29
TXN003778,CUST1080,2023-02-08,Renewal,Basic,29
TXN003779,CUST1080,2023-03-08,Renewal,Basic,29
TXN003780,CUST1080,2023-04-08,Renewal,Basic,29
TXN003781,CUST1080,2023-05-08,Renewal,Basic,29
TXN003782,CUST1080,2023-06-08,Renewal,Basic,29
TXN003783,CUST1080,2023-07-08,Renewal,Basic,29
TXN003784,CUST1080,2023-08-08,Renewal,Basic,29
TXN003785,CUST1080,2023-09-08,Renewal,Basic,29
TXN003786,CUST1080,2023-10-08,Renewal,Basic,29
TXN003787,CUST1080,2023-11-08,Renewal,Basic,29
TXN003788,CUST1080,2023-12-08,Renewal,Basic,29
TXN003789,CUST1080,2024-01-08,Renewal,Basic,29
TXN003790,CUST1080,2024-02-08,Renewal,Basic,29
TXN003791,CUST1080,2024-03-08,Renewal,Basic,29
TXN003792,CUST1080,2024-04-08,Renewal,Basic,29
TXN003793,CUST1080,2024-05-08,Renewal,Basic,29
TXN003794,CUST1080,2024-06-08,Renewal,Basic,29
TXN003795,CUST1080,2024-07-08,Renewal,Basic,29
TXN003796,CUST1080,2024-08-08,Renewal,Basic,29
TXN003797,CUST1080,2024-09-08,Renewal,Basic,29
TXN003798,CUST1080,2024-10-08,Renewal,Basic,29
TXN003799,CUST1080,2024-11-08,Renewal,Basic,29
TXN003800,CUST1080,2024-12-08,Renewal,Basic,29
TXN003801,CUST1080,2025-01-08,Renewal,Basic,29
TXN003802,CUST1080,2025-02-08,Cancellation,Basic,0
TXN003803,CUST1125,2022-04-15,New Subscription,Basic,29
TXN003804,CUST1125,2022-05-15,Renewal,Basic,29
TXN003805,CUST1125,2022-06-15,Renewal,Basic,29
TXN003806,CUST1125,2022-07-15,Renewal,Basic,29
TXN003807,CUST1125,2022-08-15,Renewal,Basic,29
TXN003808,CUST1125,2022-09-15,Renewal,Basic,29
TXN003809,CUST1125,2022-10-15,Renewal,Basic,29
TXN003810,CUST1125,2022-11-15,Renewal,Basic,29
TXN003811,CUST1125,2022-12-15,Renewal,Basic,29
TXN003812,CUST1125,2023-01-15,Renewal,Basic,29
TXN003813,CUST1125,2023-02-15,Cancellation,Basic,0
TXN003814,CUST1115,2022-04-16,New Subscription,Basic,29
TXN003815,CUST1115,2022-05-16,Renewal,Basic,29
TXN003816,CUST1115,2022-06-16,Renewal,Basic,29
TXN003817,CUST1115,2022-07-16,Renewal,Basic,29
TXN003818,CUST1115,2022-08-16,Renewal,Basic,29
TXN003819,CUST1115,2022-09-16,Renewal,Basic,29
TXN003820,CUST1115,2022-10-16,Renewal,Basic,29
TXN003821,CUST1115,2022-11-16,Renewal,Basic,29
TXN003822,CUST1115,2022-12-16,Upgrade,Pro,59
TXN003823,CUST1115,2023-01-16,Upgrade,Enterprise,149
TXN003824,CUST1115,2023-02-16,Renewal,Enterprise,149
TXN003825,CUST1115,2023-03-16,Renewal,Enterprise,149
TXN003826,CUST1115,2023-04-16,Renewal,Enterprise,149
TXN003827,CUST1115,2023-05-16,Renewal,Enterprise,149
TXN003828,CUST1115,2023-06-16,Renewal,Enterprise,149
TXN003829,CUST1115,2023-07-16,Renewal,Enterprise,149
TXN003830,CUST1115,2023-08-16,Renewal,Enterprise,149
TXN003831,CUST1115,2023-09-16,Renewal,Enterprise,149
TXN003832,CUST1115,2023-10-16,Renewal,Enterprise,149
TXN003833,CUST1115,2023-11-16,Renewal,Enterprise,149
TXN003834,CUST1115,2023-12-16,Renewal,Enterprise,149
TXN003835,CUST1115,2024-01-16,Renewal,Enterprise,149
TXN003836,CUST1115,2024-02-16,Renewal,Enterprise,149
TXN003837,CUST1115,2024-03-16,Renewal,Enterprise,149
TXN003838,CUST1115,2024-04-16,Renewal,Enterprise,149
TXN003839,CUST1115,2024-05-16,Renewal,Enterprise,149
TXN003840,CUST1115,2024-06-16,Renewal,Enterprise,149
TXN003841,CUST1115,2024-07-16,Renewal,Enterprise,149
TXN003842,CUST1115,2024-08-16,Downgrade,Pro,59
TXN003843,CUST1115,2024-09-16,Renewal,Pro,59
TXN003844,CUST1115,2024-10-16,Renewal,Pro,59
TXN003845,CUST1115,2024-11-16,Renewal,Pro,59
TXN003846,CUST1115,2024-12-16,Renewal,Pro,59
TXN003847,CUST1115,2025-01-16,Renewal,Pro,59
TXN003848,CUST1115,2025-02-16,Renewal,Pro,59
TXN003849,CUST1115,2025-03-16,Renewal,Pro,59
TXN003850,CUST1115,2025-04-16,Cancellation,Pro,0
TXN003851,CUST1094,2022-04-17,New Subscription,Pro,59
TXN003852,CUST1094,2022-05-17,Renewal,Pro,59
TXN003853,CUST1094,2022-06-17,Renewal,Pro,59
TXN003854,CUST1094,2022-07-17,Renewal,Pro,59
TXN003855,CUST1094,2022-08-17,Renewal,Pro,59
TXN003856,CUST1094,2022-09-17,Renewal,Pro,59
TXN003857,CUST1094,2022-10-17,Cancellation,Pro,0
TXN003858,CUST1097,2022-04-26,New Subscription,Basic,29
TXN003859,CUST1097,2022-05-26,Renewal,Basic,29
TXN003860,CUST1097,2022-06-26,Renewal,Basic,29
TXN003861,CUST1097,2022-07-26,Renewal,Basic,29
TXN003862,CUST1097,2022-08-26,Renewal,Basic,29
TXN003863,CUST1097,2022-09-26,Renewal,Basic,29
TXN003864,CUST1097,2022-10-26,Renewal,Basic,29
TXN003865,CUST1097,2022-11-26,Renewal,Basic,29
TXN003866,CUST1097,2022-12-26,Renewal,Basic,29
TXN003867,CUST1097,2023-01-26,Renewal,Basic,29
TXN003868,CUST1097,2023-02-26,Renewal,Basic,29
TXN003869,CUST1097,2023-03-26,Renewal,Basic,29
TXN003870,CUST1097,2023-04-26,Renewal,Basic,29
TXN003871,CUST1097,2023-05-26,Renewal,Basic,29
TXN003872,CUST1097,2023-06-26,Renewal,Basic,29
TXN003873,CUST1097,2023-07-26,Renewal,Basic,29
TXN003874,CUST1097,2023-08-26,Renewal,Basic,29
TXN003875,CUST1097,2023-09-26,Renewal,Basic,29
TXN003876,CUST1097,2023-10-26,Renewal,Basic,29
TXN003877,CUST1097,2023-11-26,Renewal,Basic,29
TXN003878,CUST1097,2023-12-26,Renewal,Basic,29
TXN003879,CUST1097,2024-01-26,Renewal,Basic,29
TXN003880,CUST1097,2024-02-26,Renewal,Basic,29
TXN003881,CUST1097,2024-03-26,Renewal,Basic,29
TXN003882,CUST1097,2024-04-26,Renewal,Basic,29
TXN003883,CUST1097,2024-05-26,Renewal,Basic,29
TXN003884,CUST1097,2024-06-26,Renewal,Basic,29
TXN003885,CUST1097,2024-07-26,Renewal,Basic,29
TXN003886,CUST1097,2024-08-26,Renewal,Basic,29
TXN003887,CUST1097,2024-09-26,Renewal,Basic,29
TXN003888,CUST1097,2024-10-26,Renewal,Basic,29
TXN003889,CUST1097,2024-11-26,Renewal,Basic,29
TXN003890,CUST1097,2024-12-26,Renewal,Basic,29
TXN003891,CUST1097,2025-01-26,Renewal,Basic,29
TXN003892,CUST1097,2025-02-26,Renewal,Basic,29
TXN003893,CUST1097,2025-03-26,Renewal,Basic,29
TXN003894,CUST1097,2025-04-26,Renewal,Basic,29
TXN003895,CUST1097,2025-05-26,Renewal,Basic,29
TXN003896,CUST1097,2025-06-26,Renewal,Basic,29
TXN003897,CUST1097,2025-07-26,Renewal,Basic,29
TXN003898,CUST1097,2025-08-26,Renewal,Basic,29
TXN003899,CUST1097,2025-09-26,Renewal,Basic,29
TXN003900,CUST1097,2025-10-26,Cancellation,Basic,0
TXN003901,CUST1127,2022-05-04,New Subscription,Pro,59
TXN003902,CUST1127,2022-06-04,Renewal,Pro,59
TXN003903,CUST1127,2022-07-04,Cancellation,Pro,0
TXN003904,CUST1108,2022-05-15,New Subscription,Basic,29
TXN003905,CUST1108,2022-06-15,Renewal,Basic,29
TXN003906,CUST1108,2022-07-15,Renewal,Basic,29
TXN003907,CUST1108,2022-08-15,Renewal,Basic,29
TXN003908,CUST1108,2022-09-15,Renewal,Basic,29
TXN003909,CUST1108,2022-10-15,Upgrade,Pro,59
TXN003910,CUST1108,2022-11-15,Renewal,Pro,59
TXN003911,CUST1108,2022-12-15,Renewal,Pro,59
TXN003912,CUST1108,2023-01-15,Renewal,Pro,59
TXN003913,CUST1108,2023-02-15,Renewal,Pro,59
TXN003914,CUST1108,2023-03-15,Renewal,Pro,59
TXN003915,CUST1108,2023-04-15,Renewal,Pro,59
TXN003916,CUST1108,2023-05-15,Renewal,Pro,59
TXN003917,CUST1108,2023-06-15,Renewal,Pro,59
TXN003918,CUST1108,2023-07-15,Renewal,Pro,59
TXN003919,CUST1108,2023-08-15,Renewal,Pro,59
TXN003920,CUST1108,2023-09-15,Renewal,Pro,59
TXN003921,CUST1108,2023-10-15,Renewal,Pro,59
TXN003922,CUST1108,2023-11-15,Renewal,Pro,59
TXN003923,CUST1108,2023-12-15,Renewal,Pro,59
TXN003924,CUST1108,2024-01-15,Renewal,Pro,59
TXN003925,CUST1108,2024-02-15,Renewal,Pro,59
TXN003926,CUST1108,2024-03-15,Renewal,Pro,59
TXN003927,CUST1108,2024-04-15,Renewal,Pro,59
TXN003928,CUST1108,2024-05-15,Renewal,Pro,59
TXN003929,CUST1108,2024-06-15,Renewal,Pro,59
TXN003930,CUST1108,2024-07-15,Renewal,Pro,59
TXN003931,CUST1108,2024-08-15,Downgrade,Basic,29
TXN003932,CUST1108,2024-09-15,Renewal,Basic,29
TXN003933,CUST1108,2024-10-15,Renewal,Basic,29
TXN003934,CUST1108,2024-11-15,Renewal,Basic,29
TXN003935,CUST1108,2024-12-15,Renewal,Basic,29
TXN003936,CUST1108,2025-01-15,Renewal,Basic,29
TXN003937,CUST1108,2025-02-15,Renewal,Basic,29
TXN003938,CUST1108,2025-03-15,Renewal,Basic,29
TXN003939,CUST1108,2025-04-15,Renewal,Basic,29
TXN003940,CUST1108,2025-05-15,Renewal,Basic,29
TXN003941,CUST1108,2025-06-15,Cancellation,Basic,0
TXN003942,CUST1089,2022-05-17,New Subscription,Basic,29
TXN003943,CUST1089,2022-06-17,Renewal,Basic,29
TXN003944,CUST1089,2022-07-17,Renewal,Basic,29
TXN003945,CUST1089,2022-08-17,Renewal,Basic,29
TXN003946,CUST1089,2022-09-17,Renewal,Basic,29
TXN003947,CUST1089,2022-10-17,Renewal,Basic,29
TXN003948,CUST1089,2022-11-17,Renewal,Basic,29
TXN003949,CUST1089,2022-12-17,Renewal,Basic,29
TXN003950,CUST1089,2023-01-17,Renewal,Basic,29
TXN003951,CUST1089,2023-02-17,Renewal,Basic,29
TXN003952,CUST1089,2023-03-17,Renewal,Basic,29
TXN003953,CUST1089,2023-04-17,Renewal,Basic,29
TXN003954,CUST1089,2023-05-17,Renewal,Basic,29
TXN003955,CUST1089,2023-06-17,Renewal,Basic,29
TXN003956,CUST1089,2023-07-17,Renewal,Basic,29
TXN003957,CUST1089,2023-08-17,Renewal,Basic,29
TXN003958,CUST1089,2023-09-17,Renewal,Basic,29
TXN003959,CUST1089,2023-10-17,Renewal,Basic,29
TXN003960,CUST1089,2023-11-17,Renewal,Basic,29
TXN003961,CUST1089,2023-12-17,Renewal,Basic,29
TXN003962,CUST1089,2024-01-17,Renewal,Basic,29
TXN003963,CUST1089,2024-02-17,Renewal,Basic,29
TXN003964,CUST1089,2024-03-17,Renewal,Basic,29
TXN003965,CUST1089,2024-04-17,Renewal,Basic,29
TXN003966,CUST1089,2024-05-17,Renewal,Basic,29
TXN003967,CUST1089,2024-06-17,Renewal,Basic,29
TXN003968,CUST1089,2024-07-17,Renewal,Basic,29
TXN003969,CUST1089,2024-08-17,Renewal,Basic,29
TXN003970,CUST1089,2024-09-17,Renewal,Basic,29
TXN003971,CUST1089,2024-10-17,Renewal,Basic,29
TXN003972,CUST1089,2024-11-17,Renewal,Basic,29
TXN003973,CUST1089,2024-12-17,Cancellation,Basic,0
TXN003974,CUST1089,2025-04-17,Reactivation,Basic,29
TXN003975,CUST1089,2025-05-17,Renewal,Basic,29
TXN003976,CUST1089,2025-06-17,Renewal,Basic,29
TXN003977,CUST1089,2025-07-17,Renewal,Basic,29
TXN003978,CUST1089,2025-08-17,Renewal,Basic,29
TXN003979,CUST1089,2025-09-17,Cancellation,Basic,0
TXN003980,CUST1089,2025-10-17,Reactivation,Basic,29
TXN003981,CUST1089,2025-11-17,Renewal,Basic,29
TXN003982,CUST1089,2025-12-17,Renewal,Basic,29
TXN003983,CUST1089,2026-01-17,Renewal,Basic,29
TXN003984,CUST1089,2026-02-17,Renewal,Basic,29
TXN003985,CUST1089,2026-03-17,Renewal,Basic,29
TXN003986,CUST1089,2026-04-17,Renewal,Basic,29
TXN003987,CUST1089,2026-05-17,Renewal,Basic,29
TXN003988,CUST1089,2026-06-17,Renewal,Basic,29
TXN003989,CUST1089,2026-07-17,Renewal,Basic,29
TXN003990,CUST1089,2026-08-17,Renewal,Basic,29
TXN003991,CUST1090,2022-05-18,New Subscription,Enterprise,149
TXN003992,CUST1090,2022-06-18,Renewal,Enterprise,149
TXN003993,CUST1090,2022-07-18,Renewal,Enterprise,149
TXN003994,CUST1090,2022-08-18,Renewal,Enterprise,149
TXN003995,CUST1090,2022-09-18,Renewal,Enterprise,149
TXN003996,CUST1090,2022-10-18,Renewal,Enterprise,149
TXN003997,CUST1090,2022-11-18,Renewal,Enterprise,149
TXN003998,CUST1090,2022-12-18,Renewal,Enterprise,149
TXN003999,CUST1090,2023-01-18,Renewal,Enterprise,149
TXN004000,CUST1090,2023-02-18,Renewal,Enterprise,149
TXN004001,CUST1090,2023-03-18,Renewal,Enterprise,149
TXN004002,CUST1090,2023-04-18,Renewal,Enterprise,149
TXN004003,CUST1090,2023-05-18,Renewal,Enterprise,149
TXN004004,CUST1090,2023-06-18,Renewal,Enterprise,149
TXN004005,CUST1090,2023-07-18,Renewal,Enterprise,149
TXN004006,CUST1090,2023-08-18,Renewal,Enterprise,149
TXN004007,CUST1090,2023-09-18,Renewal,Enterprise,149
TXN004008,CUST1090,2023-10-18,Renewal,Enterprise,149
TXN004009,CUST1090,2023-11-18,Renewal,Enterprise,149
TXN004010,CUST1090,2023-12-18,Renewal,Enterprise,149
TXN004011,CUST1090,2024-01-18,Renewal,Enterprise,149
TXN004012,CUST1090,2024-02-18,Renewal,Enterprise,149
TXN004013,CUST1090,2024-03-18,Renewal,Enterprise,149
TXN004014,CUST1090,2024-04-18,Renewal,Enterprise,149
TXN004015,CUST1090,2024-05-18,Renewal,Enterprise,149
TXN004016,CUST1090,2024-06-18,Downgrade,Pro,59
TXN004017,CUST1090,2024-07-18,Renewal,Pro,59
TXN004018,CUST1090,2024-08-18,Renewal,Pro,59
TXN004019,CUST1090,2024-09-18,Renewal,Pro,59
TXN004020,CUST1090,2024-10-18,Renewal,Pro,59
TXN004021,CUST1090,2024-11-18,Renewal,Pro,59
TXN004022,CUST1090,2024-12-18,Renewal,Pro,59
TXN004023,CUST1090,2025-01-18,Renewal,Pro,59
TXN004024,CUST1090,2025-02-18,Renewal,Pro,59
TXN004025,CUST1090,2025-03-18,Renewal,Pro,59
TXN004026,CUST1090,2025-04-18,Renewal,Pro,59
TXN004027,CUST1090,2025-05-18,Renewal,Pro,59
TXN004028,CUST1090,2025-06-18,Renewal,Pro,59
TXN004029,CUST1090,2025-07-18,Renewal,Pro,59
TXN004030,CUST1090,2025-08-18,Renewal,Pro,59
TXN004031,CUST1090,2025-09-18,Renewal,Pro,59
TXN004032,CUST1090,2025-10-18,Renewal,Pro,59
TXN004033,CUST1090,2025-11-18,Renewal,Pro,59
TXN004034,CUST1090,2025-12-18,Renewal,Pro,59
TXN004035,CUST1090,2026-01-18,Renewal,Pro,59
TXN004036,CUST1090,2026-02-18,Renewal,Pro,59
TXN004037,CUST1090,2026-03-18,Renewal,Pro,59
TXN004038,CUST1090,2026-04-18,Renewal,Pro,59
TXN004039,CUST1090,2026-05-18,Renewal,Pro,59
TXN004040,CUST1090,2026-06-18,Cancellation,Pro,0
TXN004041,CUST1132,2022-06-01,New Subscription,Basic,29
TXN004042,CUST1132,2022-07-01,Renewal,Basic,29
TXN004043,CUST1132,2022-08-01,Renewal,Basic,29
TXN004044,CUST1132,2022-09-01,Renewal,Basic,29
TXN004045,CUST1132,2022-10-01,Renewal,Basic,29
TXN004046,CUST1132,2022-11-01,Renewal,Basic,29
TXN004047,CUST1132,2022-12-01,Renewal,Basic,29
TXN004048,CUST1132,2023-01-01,Upgrade,Pro,59
TXN004049,CUST1132,2023-02-01,Renewal,Pro,59
TXN004050,CUST1132,2023-03-01,Renewal,Pro,59
TXN004051,CUST1132,2023-04-01,Cancellation,Pro,0
TXN004052,CUST1096,2022-06-03,New Subscription,Pro,59
TXN004053,CUST1096,2022-07-03,Upgrade,Enterprise,149
TXN004054,CUST1096,2022-08-03,Renewal,Enterprise,149
TXN004055,CUST1096,2022-09-03,Downgrade,Pro,59
TXN004056,CUST1096,2022-10-03,Renewal,Pro,59
TXN004057,CUST1096,2022-11-03,Renewal,Pro,59
TXN004058,CUST1096,2022-12-03,Renewal,Pro,59
TXN004059,CUST1096,2023-01-03,Renewal,Pro,59
TXN004060,CUST1096,2023-02-03,Renewal,Pro,59
TXN004061,CUST1096,2023-03-03,Renewal,Pro,59
TXN004062,CUST1096,2023-04-03,Renewal,Pro,59
TXN004063,CUST1096,2023-05-03,Renewal,Pro,59
TXN004064,CUST1096,2023-06-03,Renewal,Pro,59
TXN004065,CUST1096,2023-07-03,Renewal,Pro,59
TXN004066,CUST1096,2023-08-03,Renewal,Pro,59
TXN004067,CUST1096,2023-09-03,Renewal,Pro,59
TXN004068,CUST1096,2023-10-03,Renewal,Pro,59
TXN004069,CUST1096,2023-11-03,Renewal,Pro,59
TXN004070,CUST1096,2023-12-03,Renewal,Pro,59
TXN004071,CUST1096,2024-01-03,Downgrade,Basic,29
TXN004072,CUST1096,2024-02-03,Renewal,Basic,29
TXN004073,CUST1096,2024-03-03,Renewal,Basic,29
TXN004074,CUST1096,2024-04-03,Renewal,Basic,29
TXN004075,CUST1096,2024-05-03,Renewal,Basic,29
TXN004076,CUST1096,2024-06-03,Renewal,Basic,29
TXN004077,CUST1096,2024-07-03,Renewal,Basic,29
TXN004078,CUST1096,2024-08-03,Renewal,Basic,29
TXN004079,CUST1096,2024-09-03,Renewal,Basic,29
TXN004080,CUST1096,2024-10-03,Renewal,Basic,29
TXN004081,CUST1096,2024-11-03,Renewal,Basic,29
TXN004082,CUST1096,2024-12-03,Renewal,Basic,29
TXN004083,CUST1096,2025-01-03,Renewal,Basic,29
TXN004084,CUST1096,2025-02-03,Renewal,Basic,29
TXN004085,CUST1096,2025-03-03,Renewal,Basic,29
TXN004086,CUST1096,2025-04-03,Renewal,Basic,29
TXN004087,CUST1096,2025-05-03,Upgrade,Pro,59
TXN004088,CUST1096,2025-06-03,Renewal,Pro,59
TXN004089,CUST1096,2025-07-03,Renewal,Pro,59
TXN004090,CUST1096,2025-08-03,Renewal,Pro,59
TXN004091,CUST1096,2025-09-03,Renewal,Pro,59
TXN004092,CUST1096,2025-10-03,Renewal,Pro,59
TXN004093,CUST1096,2025-11-03,Renewal,Pro,59
TXN004094,CUST1096,2025-12-03,Renewal,Pro,59
TXN004095,CUST1096,2026-01-03,Upgrade,Enterprise,149
TXN004096,CUST1096,2026-02-03,Renewal,Enterprise,149
TXN004097,CUST1096,2026-03-03,Renewal,Enterprise,149
TXN004098,CUST1096,2026-04-03,Renewal,Enterprise,149
TXN004099,CUST1096,2026-05-03,Renewal,Enterprise,149
TXN004100,CUST1096,2026-06-03,Renewal,Enterprise,149
TXN004101,CUST1096,2026-07-03,Renewal,Enterprise,149
TXN004102,CUST1096,2026-08-03,Renewal,Enterprise,149
TXN004103,CUST1120,2022-06-11,New Subscription,Pro,59
TXN004104,CUST1120,2022-07-11,Downgrade,Basic,29
TXN004105,CUST1120,2022-08-11,Renewal,Basic,29
TXN004106,CUST1120,2022-09-11,Renewal,Basic,29
TXN004107,CUST1120,2022-10-11,Renewal,Basic,29
TXN004108,CUST1120,2022-11-11,Renewal,Basic,29
TXN004109,CUST1120,2022-12-11,Renewal,Basic,29
TXN004110,CUST1120,2023-01-11,Renewal,Basic,29
TXN004111,CUST1120,2023-02-11,Renewal,Basic,29
TXN004112,CUST1120,2023-03-11,Renewal,Basic,29
TXN004113,CUST1120,2023-04-11,Renewal,Basic,29
TXN004114,CUST1120,2023-05-11,Renewal,Basic,29
TXN004115,CUST1120,2023-06-11,Renewal,Basic,29
TXN004116,CUST1120,2023-07-11,Renewal,Basic,29
TXN004117,CUST1120,2023-08-11,Renewal,Basic,29
TXN004118,CUST1120,2023-09-11,Renewal,Basic,29
TXN004119,CUST1120,2023-10-11,Renewal,Basic,29
TXN004120,CUST1120,2023-11-11,Renewal,Basic,29
TXN004121,CUST1120,2023-12-11,Renewal,Basic,29
TXN004122,CUST1120,2024-01-11,Renewal,Basic,29
TXN004123,CUST1120,2024-02-11,Renewal,Basic,29
TXN004124,CUST1120,2024-03-11,Renewal,Basic,29
TXN004125,CUST1120,2024-04-11,Renewal,Basic,29
TXN004126,CUST1120,2024-05-11,Renewal,Basic,29
TXN004127,CUST1120,2024-06-11,Renewal,Basic,29
TXN004128,CUST1120,2024-07-11,Renewal,Basic,29
TXN004129,CUST1120,2024-08-11,Renewal,Basic,29
TXN004130,CUST1120,2024-09-11,Renewal,Basic,29
TXN004131,CUST1120,2024-10-11,Renewal,Basic,29
TXN004132,CUST1120,2024-11-11,Renewal,Basic,29
TXN004133,CUST1120,2024-12-11,Renewal,Basic,29
TXN004134,CUST1120,2025-01-11,Renewal,Basic,29
TXN004135,CUST1120,2025-02-11,Renewal,Basic,29
TXN004136,CUST1120,2025-03-11,Renewal,Basic,29
TXN004137,CUST1120,2025-04-11,Renewal,Basic,29
TXN004138,CUST1120,2025-05-11,Renewal,Basic,29
TXN004139,CUST1120,2025-06-11,Renewal,Basic,29
TXN004140,CUST1120,2025-07-11,Renewal,Basic,29
TXN004141,CUST1120,2025-08-11,Renewal,Basic,29
TXN004142,CUST1120,2025-09-11,Renewal,Basic,29
TXN004143,CUST1120,2025-10-11,Renewal,Basic,29
TXN004144,CUST1120,2025-11-11,Renewal,Basic,29
TXN004145,CUST1120,2025-12-11,Renewal,Basic,29
TXN004146,CUST1120,2026-01-11,Renewal,Basic,29
TXN004147,CUST1120,2026-02-11,Renewal,Basic,29
TXN004148,CUST1120,2026-03-11,Renewal,Basic,29
TXN004149,CUST1120,2026-04-11,Renewal,Basic,29
TXN004150,CUST1120,2026-05-11,Renewal,Basic,29
TXN004151,CUST1120,2026-06-11,Renewal,Basic,29
TXN004152,CUST1120,2026-07-11,Renewal,Basic,29
TXN004153,CUST1120,2026-08-11,Renewal,Basic,29
TXN004154,CUST1109,2022-06-18,New Subscription,Basic,29
TXN004155,CUST1109,2022-07-18,Renewal,Basic,29
TXN004156,CUST1109,2022-08-18,Renewal,Basic,29
TXN004157,CUST1109,2022-09-18,Cancellation,Basic,0
TXN004158,CUST1131,2022-06-18,New Subscription,Pro,59
TXN004159,CUST1131,2022-07-18,Renewal,Pro,59
TXN004160,CUST1131,2022-08-18,Renewal,Pro,59
TXN004161,CUST1131,2022-09-18,Renewal,Pro,59
TXN004162,CUST1131,2022-10-18,Renewal,Pro,59
TXN004163,CUST1131,2022-11-18,Renewal,Pro,59
TXN004164,CUST1131,2022-12-18,Renewal,Pro,59
TXN004165,CUST1131,2023-01-18,Renewal,Pro,59
TXN004166,CUST1131,2023-02-18,Renewal,Pro,59
TXN004167,CUST1131,2023-03-18,Renewal,Pro,59
TXN004168,CUST1131,2023-04-18,Renewal,Pro,59
TXN004169,CUST1131,2023-05-18,Renewal,Pro,59
TXN004170,CUST1131,2023-06-18,Renewal,Pro,59
TXN004171,CUST1131,2023-07-18,Renewal,Pro,59
TXN004172,CUST1131,2023-08-18,Renewal,Pro,59
TXN004173,CUST1131,2023-09-18,Upgrade,Enterprise,149
TXN004174,CUST1131,2023-10-18,Renewal,Enterprise,149
TXN004175,CUST1131,2023-11-18,Renewal,Enterprise,149
TXN004176,CUST1131,2023-12-18,Renewal,Enterprise,149
TXN004177,CUST1131,2024-01-18,Renewal,Enterprise,149
TXN004178,CUST1131,2024-02-18,Renewal,Enterprise,149
TXN004179,CUST1131,2024-03-18,Renewal,Enterprise,149
TXN004180,CUST1131,2024-04-18,Renewal,Enterprise,149
TXN004181,CUST1131,2024-05-18,Renewal,Enterprise,149
TXN004182,CUST1131,2024-06-18,Renewal,Enterprise,149
TXN004183,CUST1131,2024-07-18,Renewal,Enterprise,149
TXN004184,CUST1131,2024-08-18,Renewal,Enterprise,149
TXN004185,CUST1131,2024-09-18,Renewal,Enterprise,149
TXN004186,CUST1131,2024-10-18,Renewal,Enterprise,149
TXN004187,CUST1131,2024-11-18,Renewal,Enterprise,149
TXN004188,CUST1131,2024-12-18,Renewal,Enterprise,149
TXN004189,CUST1131,2025-01-18,Renewal,Enterprise,149
TXN004190,CUST1131,2025-02-18,Downgrade,Pro,59
TXN004191,CUST1131,2025-03-18,Renewal,Pro,59
TXN004192,CUST1131,2025-04-18,Renewal,Pro,59
TXN004193,CUST1131,2025-05-18,Renewal,Pro,59
TXN004194,CUST1131,2025-06-18,Renewal,Pro,59
TXN004195,CUST1131,2025-07-18,Renewal,Pro,59
TXN004196,CUST1131,2025-08-18,Renewal,Pro,59
TXN004197,CUST1131,2025-09-18,Renewal,Pro,59
TXN004198,CUST1131,2025-10-18,Renewal,Pro,59
TXN004199,CUST1131,2025-11-18,Renewal,Pro,59
TXN004200,CUST1131,2025-12-18,Renewal,Pro,59
TXN004201,CUST1131,2026-01-18,Renewal,Pro,59
TXN004202,CUST1131,2026-02-18,Downgrade,Basic,29
TXN004203,CUST1131,2026-03-18,Renewal,Basic,29
TXN004204,CUST1131,2026-04-18,Renewal,Basic,29
TXN004205,CUST1131,2026-05-18,Renewal,Basic,29
TXN004206,CUST1131,2026-06-18,Renewal,Basic,29
TXN004207,CUST1131,2026-07-18,Renewal,Basic,29
TXN004208,CUST1133,2022-06-21,New Subscription,Basic,29
TXN004209,CUST1133,2022-07-21,Renewal,Basic,29
TXN004210,CUST1133,2022-08-21,Renewal,Basic,29
TXN004211,CUST1133,2022-09-21,Cancellation,Basic,0
TXN004212,CUST1116,2022-06-22,New Subscription,Basic,29
TXN004213,CUST1116,2022-07-22,Renewal,Basic,29
TXN004214,CUST1116,2022-08-22,Upgrade,Pro,59
TXN004215,CUST1116,2022-09-22,Renewal,Pro,59
TXN004216,CUST1116,2022-10-22,Renewal,Pro,59
TXN004217,CUST1116,2022-11-22,Renewal,Pro,59
TXN004218,CUST1116,2022-12-22,Renewal,Pro,59
TXN004219,CUST1116,2023-01-22,Renewal,Pro,59
TXN004220,CUST1116,2023-02-22,Renewal,Pro,59
TXN004221,CUST1116,2023-03-22,Renewal,Pro,59
TXN004222,CUST1116,2023-04-22,Renewal,Pro,59
TXN004223,CUST1116,2023-05-22,Renewal,Pro,59
TXN004224,CUST1116,2023-06-22,Renewal,Pro,59
TXN004225,CUST1116,2023-07-22,Renewal,Pro,59
TXN004226,CUST1116,2023-08-22,Renewal,Pro,59
TXN004227,CUST1116,2023-09-22,Renewal,Pro,59
TXN004228,CUST1116,2023-10-22,Renewal,Pro,59
TXN004229,CUST1116,2023-11-22,Renewal,Pro,59
TXN004230,CUST1116,2023-12-22,Renewal,Pro,59
TXN004231,CUST1116,2024-01-22,Renewal,Pro,59
TXN004232,CUST1116,2024-02-22,Renewal,Pro,59
TXN004233,CUST1116,2024-03-22,Renewal,Pro,59
TXN004234,CUST1116,2024-04-22,Renewal,Pro,59
TXN004235,CUST1116,2024-05-22,Renewal,Pro,59
TXN004236,CUST1116,2024-06-22,Renewal,Pro,59
TXN004237,CUST1116,2024-07-22,Renewal,Pro,59
TXN004238,CUST1116,2024-08-22,Downgrade,Basic,29
TXN004239,CUST1116,2024-09-22,Renewal,Basic,29
TXN004240,CUST1116,2024-10-22,Renewal,Basic,29
TXN004241,CUST1116,2024-11-22,Renewal,Basic,29
TXN004242,CUST1116,2024-12-22,Renewal,Basic,29
TXN004243,CUST1116,2025-01-22,Renewal,Basic,29
TXN004244,CUST1116,2025-02-22,Renewal,Basic,29
TXN004245,CUST1116,2025-03-22,Renewal,Basic,29
TXN004246,CUST1116,2025-04-22,Renewal,Basic,29
TXN004247,CUST1116,2025-05-22,Renewal,Basic,29
TXN004248,CUST1116,2025-06-22,Renewal,Basic,29
TXN004249,CUST1116,2025-07-22,Renewal,Basic,29
TXN004250,CUST1116,2025-08-22,Renewal,Basic,29
TXN004251,CUST1116,2025-09-22,Renewal,Basic,29
TXN004252,CUST1116,2025-10-22,Renewal,Basic,29
TXN004253,CUST1116,2025-11-22,Renewal,Basic,29
TXN004254,CUST1116,2025-12-22,Renewal,Basic,29
TXN004255,CUST1116,2026-01-22,Renewal,Basic,29
TXN004256,CUST1116,2026-02-22,Renewal,Basic,29
TXN004257,CUST1116,2026-03-22,Renewal,Basic,29
TXN004258,CUST1116,2026-04-22,Renewal,Basic,29
TXN004259,CUST1116,2026-05-22,Renewal,Basic,29
TXN004260,CUST1116,2026-06-22,Renewal,Basic,29
TXN004261,CUST1116,2026-07-22,Renewal,Basic,29
TXN004262,CUST1076,2022-07-01,New Subscription,Pro,59
TXN004263,CUST1076,2022-08-01,Renewal,Pro,59
TXN004264,CUST1076,2022-09-01,Renewal,Pro,59
TXN004265,CUST1076,2022-10-01,Renewal,Pro,59
TXN004266,CUST1076,2022-11-01,Renewal,Pro,59
TXN004267,CUST1076,2022-12-01,Upgrade,Enterprise,149
TXN004268,CUST1076,2023-01-01,Renewal,Enterprise,149
TXN004269,CUST1076,2023-02-01,Renewal,Enterprise,149
TXN004270,CUST1076,2023-03-01,Renewal,Enterprise,149
TXN004271,CUST1076,2023-04-01,Renewal,Enterprise,149
TXN004272,CUST1076,2023-05-01,Renewal,Enterprise,149
TXN004273,CUST1076,2023-06-01,Renewal,Enterprise,149
TXN004274,CUST1076,2023-07-01,Renewal,Enterprise,149
TXN004275,CUST1076,2023-08-01,Renewal,Enterprise,149
TXN004276,CUST1076,2023-09-01,Renewal,Enterprise,149
TXN004277,CUST1076,2023-10-01,Renewal,Enterprise,149
TXN004278,CUST1076,2023-11-01,Renewal,Enterprise,149
TXN004279,CUST1076,2023-12-01,Renewal,Enterprise,149
TXN004280,CUST1076,2024-01-01,Renewal,Enterprise,149
TXN004281,CUST1076,2024-02-01,Renewal,Enterprise,149
TXN004282,CUST1076,2024-03-01,Renewal,Enterprise,149
TXN004283,CUST1076,2024-04-01,Renewal,Enterprise,149
TXN004284,CUST1076,2024-05-01,Renewal,Enterprise,149
TXN004285,CUST1076,2024-06-01,Renewal,Enterprise,149
TXN004286,CUST1076,2024-07-01,Renewal,Enterprise,149
TXN004287,CUST1076,2024-08-01,Renewal,Enterprise,149
TXN004288,CUST1076,2024-09-01,Renewal,Enterprise,149
TXN004289,CUST1076,2024-10-01,Renewal,Enterprise,149
TXN004290,CUST1076,2024-11-01,Renewal,Enterprise,149
TXN004291,CUST1076,2024-12-01,Renewal,Enterprise,149
TXN004292,CUST1076,2025-01-01,Renewal,Enterprise,149
TXN004293,CUST1076,2025-02-01,Renewal,Enterprise,149
TXN004294,CUST1076,2025-03-01,Renewal,Enterprise,149
TXN004295,CUST1076,2025-04-01,Downgrade,Pro,59
TXN004296,CUST1076,2025-05-01,Renewal,Pro,59
TXN004297,CUST1076,2025-06-01,Renewal,Pro,59
TXN004298,CUST1076,2025-07-01,Renewal,Pro,59
TXN004299,CUST1076,2025-08-01,Renewal,Pro,59
TXN004300,CUST1076,2025-09-01,Renewal,Pro,59
TXN004301,CUST1076,2025-10-01,Renewal,Pro,59
TXN004302,CUST1076,2025-11-01,Renewal,Pro,59
TXN004303,CUST1076,2025-12-01,Renewal,Pro,59
TXN004304,CUST1076,2026-01-01,Renewal,Pro,59
TXN004305,CUST1076,2026-02-01,Renewal,Pro,59
TXN004306,CUST1076,2026-03-01,Renewal,Pro,59
TXN004307,CUST1076,2026-04-01,Renewal,Pro,59
TXN004308,CUST1076,2026-05-01,Renewal,Pro,59
TXN004309,CUST1076,2026-06-01,Renewal,Pro,59
TXN004310,CUST1076,2026-07-01,Renewal,Pro,59
TXN004311,CUST1076,2026-08-01,Renewal,Pro,59
TXN004312,CUST1121,2022-07-09,New Subscription,Pro,59
TXN004313,CUST1121,2022-08-09,Renewal,Pro,59
TXN004314,CUST1121,2022-09-09,Renewal,Pro,59
TXN004315,CUST1121,2022-10-09,Renewal,Pro,59
TXN004316,CUST1121,2022-11-09,Renewal,Pro,59
TXN004317,CUST1121,2022-12-09,Renewal,Pro,59
TXN004318,CUST1121,2023-01-09,Renewal,Pro,59
TXN004319,CUST1121,2023-02-09,Renewal,Pro,59
TXN004320,CUST1121,2023-03-09,Renewal,Pro,59
TXN004321,CUST1121,2023-04-09,Renewal,Pro,59
TXN004322,CUST1121,2023-05-09,Renewal,Pro,59
TXN004323,CUST1121,2023-06-09,Renewal,Pro,59
TXN004324,CUST1121,2023-07-09,Renewal,Pro,59
TXN004325,CUST1121,2023-08-09,Renewal,Pro,59
TXN004326,CUST1121,2023-09-09,Renewal,Pro,59
TXN004327,CUST1121,2023-10-09,Upgrade,Enterprise,149
TXN004328,CUST1121,2023-11-09,Renewal,Enterprise,149
TXN004329,CUST1121,2023-12-09,Renewal,Enterprise,149
TXN004330,CUST1121,2024-01-09,Downgrade,Pro,59
TXN004331,CUST1121,2024-02-09,Cancellation,Pro,0
TXN004332,CUST1121,2024-06-09,Reactivation,Pro,59
TXN004333,CUST1121,2024-07-09,Renewal,Pro,59
TXN004334,CUST1121,2024-08-09,Renewal,Pro,59
TXN004335,CUST1121,2024-09-09,Renewal,Pro,59
TXN004336,CUST1121,2024-10-09,Renewal,Pro,59
TXN004337,CUST1121,2024-11-09,Renewal,Pro,59
TXN004338,CUST1121,2024-12-09,Renewal,Pro,59
TXN004339,CUST1121,2025-01-09,Renewal,Pro,59
TXN004340,CUST1121,2025-02-09,Renewal,Pro,59
TXN004341,CUST1121,2025-03-09,Renewal,Pro,59
TXN004342,CUST1121,2025-04-09,Renewal,Pro,59
TXN004343,CUST1121,2025-05-09,Renewal,Pro,59
TXN004344,CUST1121,2025-06-09,Renewal,Pro,59
TXN004345,CUST1121,2025-07-09,Renewal,Pro,59
TXN004346,CUST1121,2025-08-09,Renewal,Pro,59
TXN004347,CUST1121,2025-09-09,Renewal,Pro,59
TXN004348,CUST1121,2025-10-09,Renewal,Pro,59
TXN004349,CUST1121,2025-11-09,Renewal,Pro,59
TXN004350,CUST1121,2025-12-09,Renewal,Pro,59
TXN004351,CUST1121,2026-01-09,Renewal,Pro,59
TXN004352,CUST1121,2026-02-09,Renewal,Pro,59
TXN004353,CUST1121,2026-03-09,Renewal,Pro,59
TXN004354,CUST1121,2026-04-09,Renewal,Pro,59
TXN004355,CUST1121,2026-05-09,Renewal,Pro,59
TXN004356,CUST1121,2026-06-09,Renewal,Pro,59
TXN004357,CUST1121,2026-07-09,Renewal,Pro,59
TXN004358,CUST1121,2026-08-09,Renewal,Pro,59
TXN004359,CUST1084,2022-07-12,New Subscription,Pro,59
TXN004360,CUST1084,2022-08-12,Renewal,Pro,59
TXN004361,CUST1084,2022-09-12,Renewal,Pro,59
TXN004362,CUST1084,2022-10-12,Downgrade,Basic,29
TXN004363,CUST1084,2022-11-12,Renewal,Basic,29
TXN004364,CUST1084,2022-12-12,Renewal,Basic,29
TXN004365,CUST1084,2023-01-12,Renewal,Basic,29
TXN004366,CUST1084,2023-02-12,Renewal,Basic,29
TXN004367,CUST1084,2023-03-12,Renewal,Basic,29
TXN004368,CUST1084,2023-04-12,Renewal,Basic,29
TXN004369,CUST1084,2023-05-12,Renewal,Basic,29
TXN004370,CUST1084,2023-06-12,Renewal,Basic,29
TXN004371,CUST1084,2023-07-12,Renewal,Basic,29
TXN004372,CUST1084,2023-08-12,Renewal,Basic,29
TXN004373,CUST1084,2023-09-12,Renewal,Basic,29
TXN004374,CUST1084,2023-10-12,Renewal,Basic,29
TXN004375,CUST1084,2023-11-12,Renewal,Basic,29
TXN004376,CUST1084,2023-12-12,Renewal,Basic,29
TXN004377,CUST1084,2024-01-12,Renewal,Basic,29
TXN004378,CUST1084,2024-02-12,Renewal,Basic,29
TXN004379,CUST1084,2024-03-12,Renewal,Basic,29
TXN004380,CUST1084,2024-04-12,Renewal,Basic,29
TXN004381,CUST1084,2024-05-12,Renewal,Basic,29
TXN004382,CUST1084,2024-06-12,Renewal,Basic,29
TXN004383,CUST1084,2024-07-12,Renewal,Basic,29
TXN004384,CUST1084,2024-08-12,Renewal,Basic,29
TXN004385,CUST1084,2024-09-12,Renewal,Basic,29
TXN004386,CUST1084,2024-10-12,Renewal,Basic,29
TXN004387,CUST1084,2024-11-12,Renewal,Basic,29
TXN004388,CUST1084,2024-12-12,Renewal,Basic,29
TXN004389,CUST1084,2025-01-12,Renewal,Basic,29
TXN004390,CUST1084,2025-02-12,Renewal,Basic,29
TXN004391,CUST1084,2025-03-12,Renewal,Basic,29
TXN004392,CUST1084,2025-04-12,Renewal,Basic,29
TXN004393,CUST1084,2025-05-12,Renewal,Basic,29
TXN004394,CUST1084,2025-06-12,Renewal,Basic,29
TXN004395,CUST1084,2025-07-12,Renewal,Basic,29
TXN004396,CUST1084,2025-08-12,Renewal,Basic,29
TXN004397,CUST1084,2025-09-12,Renewal,Basic,29
TXN004398,CUST1084,2025-10-12,Renewal,Basic,29
TXN004399,CUST1084,2025-11-12,Renewal,Basic,29
TXN004400,CUST1084,2025-12-12,Renewal,Basic,29
TXN004401,CUST1084,2026-01-12,Renewal,Basic,29
TXN004402,CUST1084,2026-02-12,Renewal,Basic,29
TXN004403,CUST1084,2026-03-12,Renewal,Basic,29
TXN004404,CUST1084,2026-04-12,Renewal,Basic,29
TXN004405,CUST1084,2026-05-12,Renewal,Basic,29
TXN004406,CUST1084,2026-06-12,Renewal,Basic,29
TXN004407,CUST1084,2026-07-12,Renewal,Basic,29
TXN004408,CUST1084,2026-08-12,Renewal,Basic,29
TXN004409,CUST1128,2022-07-13,New Subscription,Pro,59
TXN004410,CUST1128,2022-08-13,Renewal,Pro,59
TXN004411,CUST1128,2022-09-13,Renewal,Pro,59
TXN004412,CUST1128,2022-10-13,Renewal,Pro,59
TXN004413,CUST1128,2022-11-13,Renewal,Pro,59
TXN004414,CUST1128,2022-12-13,Renewal,Pro,59
TXN004415,CUST1128,2023-01-13,Renewal,Pro,59
TXN004416,CUST1128,2023-02-13,Renewal,Pro,59
TXN004417,CUST1128,2023-03-13,Renewal,Pro,59
TXN004418,CUST1128,2023-04-13,Renewal,Pro,59
TXN004419,CUST1128,2023-05-13,Renewal,Pro,59
TXN004420,CUST1128,2023-06-13,Renewal,Pro,59
TXN004421,CUST1128,2023-07-13,Renewal,Pro,59
TXN004422,CUST1128,2023-08-13,Renewal,Pro,59
TXN004423,CUST1128,2023-09-13,Renewal,Pro,59
TXN004424,CUST1128,2023-10-13,Renewal,Pro,59
TXN004425,CUST1128,2023-11-13,Renewal,Pro,59
TXN004426,CUST1128,2023-12-13,Renewal,Pro,59
TXN004427,CUST1128,2024-01-13,Renewal,Pro,59
TXN004428,CUST1128,2024-02-13,Renewal,Pro,59
TXN004429,CUST1128,2024-03-13,Renewal,Pro,59
TXN004430,CUST1128,2024-04-13,Renewal,Pro,59
TXN004431,CUST1128,2024-05-13,Renewal,Pro,59
TXN004432,CUST1128,2024-06-13,Renewal,Pro,59
TXN004433,CUST1128,2024-07-13,Renewal,Pro,59
TXN004434,CUST1128,2024-08-13,Renewal,Pro,59
TXN004435,CUST1128,2024-09-13,Renewal,Pro,59
TXN004436,CUST1128,2024-10-13,Renewal,Pro,59
TXN004437,CUST1128,2024-11-13,Renewal,Pro,59
TXN004438,CUST1128,2024-12-13,Renewal,Pro,59
TXN004439,CUST1128,2025-01-13,Downgrade,Basic,29
TXN004440,CUST1128,2025-02-13,Renewal,Basic,29
TXN004441,CUST1128,2025-03-13,Renewal,Basic,29
TXN004442,CUST1128,2025-04-13,Cancellation,Basic,0
TXN004443,CUST1114,2022-07-18,New Subscription,Pro,59
TXN004444,CUST1114,2022-08-18,Cancellation,Pro,0
TXN004445,CUST1077,2022-07-26,New Subscription,Basic,29
TXN004446,CUST1077,2022-08-26,Renewal,Basic,29
TXN004447,CUST1077,2022-09-26,Renewal,Basic,29
TXN004448,CUST1077,2022-10-26,Renewal,Basic,29
TXN004449,CUST1077,2022-11-26,Renewal,Basic,29
TXN004450,CUST1077,2022-12-26,Renewal,Basic,29
TXN004451,CUST1077,2023-01-26,Renewal,Basic,29
TXN004452,CUST1077,2023-02-26,Renewal,Basic,29
TXN004453,CUST1077,2023-03-26,Renewal,Basic,29
TXN004454,CUST1077,2023-04-26,Renewal,Basic,29
TXN004455,CUST1077,2023-05-26,Renewal,Basic,29
TXN004456,CUST1077,2023-06-26,Renewal,Basic,29
TXN004457,CUST1077,2023-07-26,Renewal,Basic,29
TXN004458,CUST1077,2023-08-26,Renewal,Basic,29
TXN004459,CUST1077,2023-09-26,Renewal,Basic,29
TXN004460,CUST1077,2023-10-26,Renewal,Basic,29
TXN004461,CUST1077,2023-11-26,Renewal,Basic,29
TXN004462,CUST1077,2023-12-26,Renewal,Basic,29
TXN004463,CUST1077,2024-01-26,Renewal,Basic,29
TXN004464,CUST1077,2024-02-26,Renewal,Basic,29
TXN004465,CUST1077,2024-03-26,Cancellation,Basic,0
TXN004466,CUST1113,2022-08-01,New Subscription,Basic,29
TXN004467,CUST1113,2022-09-01,Renewal,Basic,29
TXN004468,CUST1113,2022-10-01,Renewal,Basic,29
TXN004469,CUST1113,2022-11-01,Renewal,Basic,29
TXN004470,CUST1113,2022-12-01,Renewal,Basic,29
TXN004471,CUST1113,2023-01-01,Renewal,Basic,29
TXN004472,CUST1113,2023-02-01,Renewal,Basic,29
TXN004473,CUST1113,2023-03-01,Upgrade,Pro,59
TXN004474,CUST1113,2023-04-01,Renewal,Pro,59
TXN004475,CUST1113,2023-05-01,Renewal,Pro,59
TXN004476,CUST1113,2023-06-01,Renewal,Pro,59
TXN004477,CUST1113,2023-07-01,Renewal,Pro,59
TXN004478,CUST1113,2023-08-01,Renewal,Pro,59
TXN004479,CUST1113,2023-09-01,Renewal,Pro,59
TXN004480,CUST1113,2023-10-01,Renewal,Pro,59
TXN004481,CUST1113,2023-11-01,Renewal,Pro,59
TXN004482,CUST1113,2023-12-01,Renewal,Pro,59
TXN004483,CUST1113,2024-01-01,Renewal,Pro,59
TXN004484,CUST1113,2024-02-01,Renewal,Pro,59
TXN004485,CUST1113,2024-03-01,Renewal,Pro,59
TXN004486,CUST1113,2024-04-01,Renewal,Pro,59
TXN004487,CUST1113,2024-05-01,Renewal,Pro,59
TXN004488,CUST1113,2024-06-01,Renewal,Pro,59
TXN004489,CUST1113,2024-07-01,Renewal,Pro,59
TXN004490,CUST1113,2024-08-01,Renewal,Pro,59
TXN004491,CUST1113,2024-09-01,Renewal,Pro,59
TXN004492,CUST1113,2024-10-01,Renewal,Pro,59
TXN004493,CUST1113,2024-11-01,Renewal,Pro,59
TXN004494,CUST1113,2024-12-01,Renewal,Pro,59
TXN004495,CUST1113,2025-01-01,Renewal,Pro,59
TXN004496,CUST1113,2025-02-01,Renewal,Pro,59
TXN004497,CUST1113,2025-03-01,Renewal,Pro,59
TXN004498,CUST1113,2025-04-01,Renewal,Pro,59
TXN004499,CUST1113,2025-05-01,Renewal,Pro,59
TXN004500,CUST1113,2025-06-01,Renewal,Pro,59
TXN004501,CUST1113,2025-07-01,Renewal,Pro,59
TXN004502,CUST1113,2025-08-01,Renewal,Pro,59
TXN004503,CUST1113,2025-09-01,Renewal,Pro,59
TXN004504,CUST1113,2025-10-01,Renewal,Pro,59
TXN004505,CUST1113,2025-11-01,Renewal,Pro,59
TXN004506,CUST1113,2025-12-01,Renewal,Pro,59
TXN004507,CUST1113,2026-01-01,Renewal,Pro,59
TXN004508,CUST1113,2026-02-01,Renewal,Pro,59
TXN004509,CUST1113,2026-03-01,Renewal,Pro,59
TXN004510,CUST1113,2026-04-01,Renewal,Pro,59
TXN004511,CUST1113,2026-05-01,Renewal,Pro,59
TXN004512,CUST1113,2026-06-01,Renewal,Pro,59
TXN004513,CUST1113,2026-07-01,Renewal,Pro,59
TXN004514,CUST1113,2026-08-01,Renewal,Pro,59
TXN004515,CUST1103,2022-08-05,New Subscription,Enterprise,149
TXN004516,CUST1103,2022-09-05,Renewal,Enterprise,149
TXN004517,CUST1103,2022-10-05,Renewal,Enterprise,149
TXN004518,CUST1103,2022-11-05,Downgrade,Pro,59
TXN004519,CUST1103,2022-12-05,Renewal,Pro,59
TXN004520,CUST1103,2023-01-05,Renewal,Pro,59
TXN004521,CUST1103,2023-02-05,Renewal,Pro,59
TXN004522,CUST1103,2023-03-05,Renewal,Pro,59
TXN004523,CUST1103,2023-04-05,Renewal,Pro,59
TXN004524,CUST1103,2023-05-05,Renewal,Pro,59
TXN004525,CUST1103,2023-06-05,Renewal,Pro,59
TXN004526,CUST1103,2023-07-05,Renewal,Pro,59
TXN004527,CUST1103,2023-08-05,Renewal,Pro,59
TXN004528,CUST1103,2023-09-05,Renewal,Pro,59
TXN004529,CUST1103,2023-10-05,Renewal,Pro,59
TXN004530,CUST1103,2023-11-05,Renewal,Pro,59
TXN004531,CUST1103,2023-12-05,Renewal,Pro,59
TXN004532,CUST1103,2024-01-05,Renewal,Pro,59
TXN004533,CUST1103,2024-02-05,Renewal,Pro,59
TXN004534,CUST1103,2024-03-05,Renewal,Pro,59
TXN004535,CUST1103,2024-04-05,Upgrade,Enterprise,149
TXN004536,CUST1103,2024-05-05,Renewal,Enterprise,149
TXN004537,CUST1103,2024-06-05,Renewal,Enterprise,149
TXN004538,CUST1103,2024-07-05,Renewal,Enterprise,149
TXN004539,CUST1103,2024-08-05,Renewal,Enterprise,149
TXN004540,CUST1103,2024-09-05,Renewal,Enterprise,149
TXN004541,CUST1103,2024-10-05,Renewal,Enterprise,149
TXN004542,CUST1103,2024-11-05,Downgrade,Pro,59
TXN004543,CUST1103,2024-12-05,Renewal,Pro,59
TXN004544,CUST1103,2025-01-05,Renewal,Pro,59
TXN004545,CUST1103,2025-02-05,Renewal,Pro,59
TXN004546,CUST1103,2025-03-05,Renewal,Pro,59
TXN004547,CUST1103,2025-04-05,Renewal,Pro,59
TXN004548,CUST1103,2025-05-05,Renewal,Pro,59
TXN004549,CUST1103,2025-06-05,Renewal,Pro,59
TXN004550,CUST1103,2025-07-05,Renewal,Pro,59
TXN004551,CUST1103,2025-08-05,Renewal,Pro,59
TXN004552,CUST1103,2025-09-05,Renewal,Pro,59
TXN004553,CUST1103,2025-10-05,Renewal,Pro,59
TXN004554,CUST1103,2025-11-05,Renewal,Pro,59
TXN004555,CUST1103,2025-12-05,Renewal,Pro,59
TXN004556,CUST1103,2026-01-05,Renewal,Pro,59
TXN004557,CUST1103,2026-02-05,Renewal,Pro,59
TXN004558,CUST1103,2026-03-05,Renewal,Pro,59
TXN004559,CUST1103,2026-04-05,Renewal,Pro,59
TXN004560,CUST1103,2026-05-05,Cancellation,Pro,0
TXN004561,CUST1117,2022-08-05,New Subscription,Enterprise,149
TXN004562,CUST1117,2022-09-05,Renewal,Enterprise,149
TXN004563,CUST1117,2022-10-05,Renewal,Enterprise,149
TXN004564,CUST1117,2022-11-05,Renewal,Enterprise,149
TXN004565,CUST1117,2022-12-05,Renewal,Enterprise,149
TXN004566,CUST1117,2023-01-05,Renewal,Enterprise,149
TXN004567,CUST1117,2023-02-05,Renewal,Enterprise,149
TXN004568,CUST1117,2023-03-05,Renewal,Enterprise,149
TXN004569,CUST1117,2023-04-05,Renewal,Enterprise,149
TXN004570,CUST1117,2023-05-05,Renewal,Enterprise,149
TXN004571,CUST1117,2023-06-05,Renewal,Enterprise,149
TXN004572,CUST1117,2023-07-05,Renewal,Enterprise,149
TXN004573,CUST1117,2023-08-05,Renewal,Enterprise,149
TXN004574,CUST1117,2023-09-05,Renewal,Enterprise,149
TXN004575,CUST1117,2023-10-05,Renewal,Enterprise,149
TXN004576,CUST1117,2023-11-05,Renewal,Enterprise,149
TXN004577,CUST1117,2023-12-05,Renewal,Enterprise,149
TXN004578,CUST1117,2024-01-05,Renewal,Enterprise,149
TXN004579,CUST1117,2024-02-05,Renewal,Enterprise,149
TXN004580,CUST1117,2024-03-05,Renewal,Enterprise,149
TXN004581,CUST1117,2024-04-05,Renewal,Enterprise,149
TXN004582,CUST1117,2024-05-05,Renewal,Enterprise,149
TXN004583,CUST1117,2024-06-05,Renewal,Enterprise,149
TXN004584,CUST1117,2024-07-05,Renewal,Enterprise,149
TXN004585,CUST1117,2024-08-05,Renewal,Enterprise,149
TXN004586,CUST1117,2024-09-05,Renewal,Enterprise,149
TXN004587,CUST1117,2024-10-05,Renewal,Enterprise,149
TXN004588,CUST1117,2024-11-05,Renewal,Enterprise,149
TXN004589,CUST1117,2024-12-05,Renewal,Enterprise,149
TXN004590,CUST1117,2025-01-05,Renewal,Enterprise,149
TXN004591,CUST1117,2025-02-05,Renewal,Enterprise,149
TXN004592,CUST1117,2025-03-05,Renewal,Enterprise,149
TXN004593,CUST1117,2025-04-05,Renewal,Enterprise,149
TXN004594,CUST1117,2025-05-05,Renewal,Enterprise,149
TXN004595,CUST1117,2025-06-05,Renewal,Enterprise,149
TXN004596,CUST1117,2025-07-05,Renewal,Enterprise,149
TXN004597,CUST1117,2025-08-05,Renewal,Enterprise,149
TXN004598,CUST1117,2025-09-05,Renewal,Enterprise,149
TXN004599,CUST1117,2025-10-05,Renewal,Enterprise,149
TXN004600,CUST1117,2025-11-05,Renewal,Enterprise,149
TXN004601,CUST1117,2025-12-05,Renewal,Enterprise,149
TXN004602,CUST1117,2026-01-05,Renewal,Enterprise,149
TXN004603,CUST1117,2026-02-05,Renewal,Enterprise,149
TXN004604,CUST1117,2026-03-05,Renewal,Enterprise,149
TXN004605,CUST1117,2026-04-05,Renewal,Enterprise,149
TXN004606,CUST1117,2026-05-05,Renewal,Enterprise,149
TXN004607,CUST1117,2026-06-05,Renewal,Enterprise,149
TXN004608,CUST1117,2026-07-05,Renewal,Enterprise,149
TXN004609,CUST1117,2026-08-05,Renewal,Enterprise,149
TXN004610,CUST1119,2022-08-06,New Subscription,Basic,29
TXN004611,CUST1119,2022-09-06,Renewal,Basic,29
TXN004612,CUST1119,2022-10-06,Renewal,Basic,29
TXN004613,CUST1119,2022-11-06,Renewal,Basic,29
TXN004614,CUST1119,2022-12-06,Renewal,Basic,29
TXN004615,CUST1119,2023-01-06,Renewal,Basic,29
TXN004616,CUST1119,2023-02-06,Renewal,Basic,29
TXN004617,CUST1119,2023-03-06,Renewal,Basic,29
TXN004618,CUST1119,2023-04-06,Renewal,Basic,29
TXN004619,CUST1119,2023-05-06,Renewal,Basic,29
TXN004620,CUST1119,2023-06-06,Renewal,Basic,29
TXN004621,CUST1119,2023-07-06,Renewal,Basic,29
TXN004622,CUST1119,2023-08-06,Renewal,Basic,29
TXN004623,CUST1119,2023-09-06,Renewal,Basic,29
TXN004624,CUST1119,2023-10-06,Renewal,Basic,29
TXN004625,CUST1119,2023-11-06,Renewal,Basic,29
TXN004626,CUST1119,2023-12-06,Renewal,Basic,29
TXN004627,CUST1119,2024-01-06,Renewal,Basic,29
TXN004628,CUST1119,2024-02-06,Renewal,Basic,29
TXN004629,CUST1119,2024-03-06,Renewal,Basic,29
TXN004630,CUST1119,2024-04-06,Renewal,Basic,29
TXN004631,CUST1119,2024-05-06,Renewal,Basic,29
TXN004632,CUST1119,2024-06-06,Renewal,Basic,29
TXN004633,CUST1119,2024-07-06,Renewal,Basic,29
TXN004634,CUST1119,2024-08-06,Renewal,Basic,29
TXN004635,CUST1119,2024-09-06,Renewal,Basic,29
TXN004636,CUST1119,2024-10-06,Cancellation,Basic,0
TXN004637,CUST1079,2022-08-08,New Subscription,Basic,29
TXN004638,CUST1079,2022-09-08,Upgrade,Pro,59
TXN004639,CUST1079,2022-10-08,Renewal,Pro,59
TXN004640,CUST1079,2022-11-08,Renewal,Pro,59
TXN004641,CUST1079,2022-12-08,Renewal,Pro,59
TXN004642,CUST1079,2023-01-08,Renewal,Pro,59
TXN004643,CUST1079,2023-02-08,Renewal,Pro,59
TXN004644,CUST1079,2023-03-08,Renewal,Pro,59
TXN004645,CUST1079,2023-04-08,Renewal,Pro,59
TXN004646,CUST1079,2023-05-08,Renewal,Pro,59
TXN004647,CUST1079,2023-06-08,Renewal,Pro,59
TXN004648,CUST1079,2023-07-08,Renewal,Pro,59
TXN004649,CUST1079,2023-08-08,Renewal,Pro,59
TXN004650,CUST1079,2023-09-08,Renewal,Pro,59
TXN004651,CUST1079,2023-10-08,Downgrade,Basic,29
TXN004652,CUST1079,2023-11-08,Renewal,Basic,29
TXN004653,CUST1079,2023-12-08,Renewal,Basic,29
TXN004654,CUST1079,2024-01-08,Renewal,Basic,29
TXN004655,CUST1079,2024-02-08,Renewal,Basic,29
TXN004656,CUST1079,2024-03-08,Renewal,Basic,29
TXN004657,CUST1079,2024-04-08,Renewal,Basic,29
TXN004658,CUST1079,2024-05-08,Renewal,Basic,29
TXN004659,CUST1079,2024-06-08,Upgrade,Pro,59
TXN004660,CUST1079,2024-07-08,Renewal,Pro,59
TXN004661,CUST1079,2024-08-08,Renewal,Pro,59
TXN004662,CUST1079,2024-09-08,Renewal,Pro,59
TXN004663,CUST1079,2024-10-08,Renewal,Pro,59
TXN004664,CUST1079,2024-11-08,Renewal,Pro,59
TXN004665,CUST1079,2024-12-08,Renewal,Pro,59
TXN004666,CUST1079,2025-01-08,Renewal,Pro,59
TXN004667,CUST1079,2025-02-08,Renewal,Pro,59
TXN004668,CUST1079,2025-03-08,Renewal,Pro,59
TXN004669,CUST1079,2025-04-08,Renewal,Pro,59
TXN004670,CUST1079,2025-05-08,Renewal,Pro,59
TXN004671,CUST1079,2025-06-08,Renewal,Pro,59
TXN004672,CUST1079,2025-07-08,Cancellation,Pro,0
TXN004673,CUST1111,2022-08-14,New Subscription,Basic,29
TXN004674,CUST1111,2022-09-14,Renewal,Basic,29
TXN004675,CUST1111,2022-10-14,Renewal,Basic,29
TXN004676,CUST1111,2022-11-14,Renewal,Basic,29
TXN004677,CUST1111,2022-12-14,Renewal,Basic,29
TXN004678,CUST1111,2023-01-14,Renewal,Basic,29
TXN004679,CUST1111,2023-02-14,Renewal,Basic,29
TXN004680,CUST1111,2023-03-14,Renewal,Basic,29
TXN004681,CUST1111,2023-04-14,Renewal,Basic,29
TXN004682,CUST1111,2023-05-14,Renewal,Basic,29
TXN004683,CUST1111,2023-06-14,Renewal,Basic,29
TXN004684,CUST1111,2023-07-14,Renewal,Basic,29
TXN004685,CUST1111,2023-08-14,Renewal,Basic,29
TXN004686,CUST1111,2023-09-14,Renewal,Basic,29
TXN004687,CUST1111,2023-10-14,Renewal,Basic,29
TXN004688,CUST1111,2023-11-14,Renewal,Basic,29
TXN004689,CUST1111,2023-12-14,Renewal,Basic,29
TXN004690,CUST1111,2024-01-14,Renewal,Basic,29
TXN004691,CUST1111,2024-02-14,Renewal,Basic,29
TXN004692,CUST1111,2024-03-14,Renewal,Basic,29
TXN004693,CUST1111,2024-04-14,Renewal,Basic,29
TXN004694,CUST1111,2024-05-14,Renewal,Basic,29
TXN004695,CUST1111,2024-06-14,Renewal,Basic,29
TXN004696,CUST1111,2024-07-14,Renewal,Basic,29
TXN004697,CUST1111,2024-08-14,Renewal,Basic,29
TXN004698,CUST1111,2024-09-14,Renewal,Basic,29
TXN004699,CUST1111,2024-10-14,Renewal,Basic,29
TXN004700,CUST1111,2024-11-14,Renewal,Basic,29
TXN004701,CUST1111,2024-12-14,Renewal,Basic,29
TXN004702,CUST1111,2025-01-14,Renewal,Basic,29
TXN004703,CUST1111,2025-02-14,Renewal,Basic,29
TXN004704,CUST1111,2025-03-14,Renewal,Basic,29
TXN004705,CUST1111,2025-04-14,Renewal,Basic,29
TXN004706,CUST1111,2025-05-14,Renewal,Basic,29
TXN004707,CUST1111,2025-06-14,Renewal,Basic,29
TXN004708,CUST1111,2025-07-14,Renewal,Basic,29
TXN004709,CUST1111,2025-08-14,Renewal,Basic,29
TXN004710,CUST1111,2025-09-14,Renewal,Basic,29
TXN004711,CUST1111,2025-10-14,Upgrade,Pro,59
TXN004712,CUST1111,2025-11-14,Renewal,Pro,59
TXN004713,CUST1111,2025-12-14,Renewal,Pro,59
TXN004714,CUST1111,2026-01-14,Renewal,Pro,59
TXN004715,CUST1111,2026-02-14,Renewal,Pro,59
TXN004716,CUST1111,2026-03-14,Renewal,Pro,59
TXN004717,CUST1111,2026-04-14,Renewal,Pro,59
TXN004718,CUST1111,2026-05-14,Renewal,Pro,59
TXN004719,CUST1111,2026-06-14,Renewal,Pro,59
TXN004720,CUST1111,2026-07-14,Renewal,Pro,59
TXN004721,CUST1111,2026-08-14,Renewal,Pro,59
TXN004722,CUST1098,2022-08-20,New Subscription,Basic,29
TXN004723,CUST1098,2022-09-20,Renewal,Basic,29
TXN004724,CUST1098,2022-10-20,Renewal,Basic,29
TXN004725,CUST1098,2022-11-20,Renewal,Basic,29
TXN004726,CUST1098,2022-12-20,Renewal,Basic,29
TXN004727,CUST1098,2023-01-20,Renewal,Basic,29
TXN004728,CUST1098,2023-02-20,Renewal,Basic,29
TXN004729,CUST1098,2023-03-20,Renewal,Basic,29
TXN004730,CUST1098,2023-04-20,Renewal,Basic,29
TXN004731,CUST1098,2023-05-20,Renewal,Basic,29
TXN004732,CUST1098,2023-06-20,Renewal,Basic,29
TXN004733,CUST1098,2023-07-20,Renewal,Basic,29
TXN004734,CUST1098,2023-08-20,Renewal,Basic,29
TXN004735,CUST1098,2023-09-20,Renewal,Basic,29
TXN004736,CUST1098,2023-10-20,Cancellation,Basic,0
TXN004737,CUST1085,2022-09-04,New Subscription,Basic,29
TXN004738,CUST1085,2022-10-04,Renewal,Basic,29
TXN004739,CUST1085,2022-11-04,Renewal,Basic,29
TXN004740,CUST1085,2022-12-04,Renewal,Basic,29
TXN004741,CUST1085,2023-01-04,Renewal,Basic,29
TXN004742,CUST1085,2023-02-04,Renewal,Basic,29
TXN004743,CUST1085,2023-03-04,Renewal,Basic,29
TXN004744,CUST1085,2023-04-04,Renewal,Basic,29
TXN004745,CUST1085,2023-05-04,Renewal,Basic,29
TXN004746,CUST1085,2023-06-04,Renewal,Basic,29
TXN004747,CUST1085,2023-07-04,Renewal,Basic,29
TXN004748,CUST1085,2023-08-04,Renewal,Basic,29
TXN004749,CUST1085,2023-09-04,Renewal,Basic,29
TXN004750,CUST1085,2023-10-04,Renewal,Basic,29
TXN004751,CUST1085,2023-11-04,Renewal,Basic,29
TXN004752,CUST1085,2023-12-04,Renewal,Basic,29
TXN004753,CUST1085,2024-01-04,Renewal,Basic,29
TXN004754,CUST1085,2024-02-04,Renewal,Basic,29
TXN004755,CUST1085,2024-03-04,Renewal,Basic,29
TXN004756,CUST1085,2024-04-04,Renewal,Basic,29
TXN004757,CUST1085,2024-05-04,Renewal,Basic,29
TXN004758,CUST1085,2024-06-04,Renewal,Basic,29
TXN004759,CUST1085,2024-07-04,Renewal,Basic,29
TXN004760,CUST1085,2024-08-04,Renewal,Basic,29
TXN004761,CUST1085,2024-09-04,Renewal,Basic,29
TXN004762,CUST1085,2024-10-04,Renewal,Basic,29
TXN004763,CUST1085,2024-11-04,Renewal,Basic,29
TXN004764,CUST1085,2024-12-04,Renewal,Basic,29
TXN004765,CUST1085,2025-01-04,Renewal,Basic,29
TXN004766,CUST1085,2025-02-04,Renewal,Basic,29
TXN004767,CUST1085,2025-03-04,Renewal,Basic,29
TXN004768,CUST1085,2025-04-04,Renewal,Basic,29
TXN004769,CUST1085,2025-05-04,Renewal,Basic,29
TXN004770,CUST1085,2025-06-04,Renewal,Basic,29
TXN004771,CUST1085,2025-07-04,Cancellation,Basic,0
TXN004772,CUST1082,2022-09-11,New Subscription,Enterprise,149
TXN004773,CUST1082,2022-10-11,Renewal,Enterprise,149
TXN004774,CUST1082,2022-11-11,Renewal,Enterprise,149
TXN004775,CUST1082,2022-12-11,Renewal,Enterprise,149
TXN004776,CUST1082,2023-01-11,Renewal,Enterprise,149
TXN004777,CUST1082,2023-02-11,Renewal,Enterprise,149
TXN004778,CUST1082,2023-03-11,Renewal,Enterprise,149
TXN004779,CUST1082,2023-04-11,Renewal,Enterprise,149
TXN004780,CUST1082,2023-05-11,Renewal,Enterprise,149
TXN004781,CUST1082,2023-06-11,Renewal,Enterprise,149
TXN004782,CUST1082,2023-07-11,Renewal,Enterprise,149
TXN004783,CUST1082,2023-08-11,Renewal,Enterprise,149
TXN004784,CUST1082,2023-09-11,Renewal,Enterprise,149
TXN004785,CUST1082,2023-10-11,Renewal,Enterprise,149
TXN004786,CUST1082,2023-11-11,Renewal,Enterprise,149
TXN004787,CUST1082,2023-12-11,Renewal,Enterprise,149
TXN004788,CUST1082,2024-01-11,Renewal,Enterprise,149
TXN004789,CUST1082,2024-02-11,Renewal,Enterprise,149
TXN004790,CUST1082,2024-03-11,Renewal,Enterprise,149
TXN004791,CUST1082,2024-04-11,Renewal,Enterprise,149
TXN004792,CUST1082,2024-05-11,Renewal,Enterprise,149
TXN004793,CUST1082,2024-06-11,Renewal,Enterprise,149
TXN004794,CUST1082,2024-07-11,Renewal,Enterprise,149
TXN004795,CUST1082,2024-08-11,Downgrade,Pro,59
TXN004796,CUST1082,2024-09-11,Renewal,Pro,59
TXN004797,CUST1082,2024-10-11,Renewal,Pro,59
TXN004798,CUST1082,2024-11-11,Renewal,Pro,59
TXN004799,CUST1082,2024-12-11,Renewal,Pro,59
TXN004800,CUST1082,2025-01-11,Renewal,Pro,59
TXN004801,CUST1082,2025-02-11,Renewal,Pro,59
TXN004802,CUST1082,2025-03-11,Renewal,Pro,59
TXN004803,CUST1082,2025-04-11,Renewal,Pro,59
TXN004804,CUST1082,2025-05-11,Renewal,Pro,59
TXN004805,CUST1082,2025-06-11,Renewal,Pro,59
TXN004806,CUST1082,2025-07-11,Renewal,Pro,59
TXN004807,CUST1082,2025-08-11,Renewal,Pro,59
TXN004808,CUST1082,2025-09-11,Renewal,Pro,59
TXN004809,CUST1082,2025-10-11,Renewal,Pro,59
TXN004810,CUST1082,2025-11-11,Renewal,Pro,59
TXN004811,CUST1082,2025-12-11,Renewal,Pro,59
TXN004812,CUST1082,2026-01-11,Upgrade,Enterprise,149
TXN004813,CUST1082,2026-02-11,Renewal,Enterprise,149
TXN004814,CUST1082,2026-03-11,Renewal,Enterprise,149
TXN004815,CUST1082,2026-04-11,Renewal,Enterprise,149
TXN004816,CUST1082,2026-05-11,Renewal,Enterprise,149
TXN004817,CUST1082,2026-06-11,Renewal,Enterprise,149
TXN004818,CUST1082,2026-07-11,Renewal,Enterprise,149
TXN004819,CUST1082,2026-08-11,Renewal,Enterprise,149
TXN004820,CUST1102,2022-09-15,New Subscription,Pro,59
TXN004821,CUST1102,2022-10-15,Renewal,Pro,59
TXN004822,CUST1102,2022-11-15,Renewal,Pro,59
TXN004823,CUST1102,2022-12-15,Renewal,Pro,59
TXN004824,CUST1102,2023-01-15,Renewal,Pro,59
TXN004825,CUST1102,2023-02-15,Renewal,Pro,59
TXN004826,CUST1102,2023-03-15,Renewal,Pro,59
TXN004827,CUST1102,2023-04-15,Cancellation,Pro,0
TXN004828,CUST1135,2022-09-25,New Subscription,Pro,59
TXN004829,CUST1135,2022-10-25,Renewal,Pro,59
TXN004830,CUST1135,2022-11-25,Renewal,Pro,59
TXN004831,CUST1135,2022-12-25,Renewal,Pro,59
TXN004832,CUST1135,2023-01-25,Cancellation,Pro,0
TXN004833,CUST1092,2022-09-27,New Subscription,Basic,29
TXN004834,CUST1092,2022-10-27,Renewal,Basic,29
TXN004835,CUST1092,2022-11-27,Renewal,Basic,29
TXN004836,CUST1092,2022-12-27,Renewal,Basic,29
TXN004837,CUST1092,2023-01-27,Renewal,Basic,29
TXN004838,CUST1092,2023-02-27,Upgrade,Pro,59
TXN004839,CUST1092,2023-03-27,Renewal,Pro,59
TXN004840,CUST1092,2023-04-27,Renewal,Pro,59
TXN004841,CUST1092,2023-05-27,Renewal,Pro,59
TXN004842,CUST1092,2023-06-27,Renewal,Pro,59
TXN004843,CUST1092,2023-07-27,Downgrade,Basic,29
TXN004844,CUST1092,2023-08-27,Renewal,Basic,29
TXN004845,CUST1092,2023-09-27,Renewal,Basic,29
TXN004846,CUST1092,2023-10-27,Renewal,Basic,29
TXN004847,CUST1092,2023-11-27,Renewal,Basic,29
TXN004848,CUST1092,2023-12-27,Renewal,Basic,29
TXN004849,CUST1092,2024-01-27,Renewal,Basic,29
TXN004850,CUST1092,2024-02-27,Renewal,Basic,29
TXN004851,CUST1092,2024-03-27,Renewal,Basic,29
TXN004852,CUST1092,2024-04-27,Upgrade,Pro,59
TXN004853,CUST1092,2024-05-27,Renewal,Pro,59
TXN004854,CUST1092,2024-06-27,Renewal,Pro,59
TXN004855,CUST1092,2024-07-27,Renewal,Pro,59
TXN004856,CUST1092,2024-08-27,Renewal,Pro,59
TXN004857,CUST1092,2024-09-27,Renewal,Pro,59
TXN004858,CUST1092,2024-10-27,Renewal,Pro,59
TXN004859,CUST1092,2024-11-27,Renewal,Pro,59
TXN004860,CUST1092,2024-12-27,Renewal,Pro,59
TXN004861,CUST1092,2025-01-27,Renewal,Pro,59
TXN004862,CUST1092,2025-02-27,Renewal,Pro,59
TXN004863,CUST1092,2025-03-27,Renewal,Pro,59
TXN004864,CUST1092,2025-04-27,Renewal,Pro,59
TXN004865,CUST1092,2025-05-27,Renewal,Pro,59
TXN004866,CUST1092,2025-06-27,Renewal,Pro,59
TXN004867,CUST1092,2025-07-27,Renewal,Pro,59
TXN004868,CUST1092,2025-08-27,Renewal,Pro,59
TXN004869,CUST1092,2025-09-27,Renewal,Pro,59
TXN004870,CUST1092,2025-10-27,Renewal,Pro,59
TXN004871,CUST1092,2025-11-27,Renewal,Pro,59
TXN004872,CUST1092,2025-12-27,Renewal,Pro,59
TXN004873,CUST1092,2026-01-27,Renewal,Pro,59
TXN004874,CUST1092,2026-02-27,Renewal,Pro,59
TXN004875,CUST1092,2026-03-27,Renewal,Pro,59
TXN004876,CUST1092,2026-04-27,Renewal,Pro,59
TXN004877,CUST1092,2026-05-27,Renewal,Pro,59
TXN004878,CUST1092,2026-06-27,Renewal,Pro,59
TXN004879,CUST1092,2026-07-27,Renewal,Pro,59
TXN004880,CUST1124,2022-10-05,New Subscription,Basic,29
TXN004881,CUST1124,2022-11-05,Renewal,Basic,29
TXN004882,CUST1124,2022-12-05,Renewal,Basic,29
TXN004883,CUST1124,2023-01-05,Renewal,Basic,29
TXN004884,CUST1124,2023-02-05,Renewal,Basic,29
TXN004885,CUST1124,2023-03-05,Renewal,Basic,29
TXN004886,CUST1124,2023-04-05,Renewal,Basic,29
TXN004887,CUST1124,2023-05-05,Renewal,Basic,29
TXN004888,CUST1124,2023-06-05,Renewal,Basic,29
TXN004889,CUST1124,2023-07-05,Renewal,Basic,29
TXN004890,CUST1124,2023-08-05,Renewal,Basic,29
TXN004891,CUST1124,2023-09-05,Renewal,Basic,29
TXN004892,CUST1124,2023-10-05,Renewal,Basic,29
TXN004893,CUST1124,2023-11-05,Renewal,Basic,29
TXN004894,CUST1124,2023-12-05,Renewal,Basic,29
TXN004895,CUST1124,2024-01-05,Renewal,Basic,29
TXN004896,CUST1124,2024-02-05,Renewal,Basic,29
TXN004897,CUST1124,2024-03-05,Renewal,Basic,29
TXN004898,CUST1124,2024-04-05,Renewal,Basic,29
TXN004899,CUST1124,2024-05-05,Cancellation,Basic,0
TXN004900,CUST1124,2024-12-05,Reactivation,Basic,29
TXN004901,CUST1124,2025-01-05,Renewal,Basic,29
TXN004902,CUST1124,2025-02-05,Renewal,Basic,29
TXN004903,CUST1124,2025-03-05,Renewal,Basic,29
TXN004904,CUST1124,2025-04-05,Renewal,Basic,29
TXN004905,CUST1124,2025-05-05,Renewal,Basic,29
TXN004906,CUST1124,2025-06-05,Renewal,Basic,29
TXN004907,CUST1124,2025-07-05,Renewal,Basic,29
TXN004908,CUST1124,2025-08-05,Renewal,Basic,29
TXN004909,CUST1124,2025-09-05,Renewal,Basic,29
TXN004910,CUST1124,2025-10-05,Renewal,Basic,29
TXN004911,CUST1124,2025-11-05,Renewal,Basic,29
TXN004912,CUST1124,2025-12-05,Renewal,Basic,29
TXN004913,CUST1124,2026-01-05,Renewal,Basic,29
TXN004914,CUST1124,2026-02-05,Renewal,Basic,29
TXN004915,CUST1124,2026-03-05,Renewal,Basic,29
TXN004916,CUST1124,2026-04-05,Renewal,Basic,29
TXN004917,CUST1124,2026-05-05,Renewal,Basic,29
TXN004918,CUST1124,2026-06-05,Renewal,Basic,29
TXN004919,CUST1124,2026-07-05,Renewal,Basic,29
TXN004920,CUST1124,2026-08-05,Renewal,Basic,29
TXN004921,CUST1104,2022-10-11,New Subscription,Pro,59
TXN004922,CUST1104,2022-11-11,Renewal,Pro,59
TXN004923,CUST1104,2022-12-11,Renewal,Pro,59
TXN004924,CUST1104,2023-01-11,Renewal,Pro,59
TXN004925,CUST1104,2023-02-11,Downgrade,Basic,29
TXN004926,CUST1104,2023-03-11,Renewal,Basic,29
TXN004927,CUST1104,2023-04-11,Cancellation,Basic,0
TXN004928,CUST1118,2022-10-19,New Subscription,Basic,29
TXN004929,CUST1118,2022-11-19,Renewal,Basic,29
TXN004930,CUST1118,2022-12-19,Renewal,Basic,29
TXN004931,CUST1118,2023-01-19,Renewal,Basic,29
TXN004932,CUST1118,2023-02-19,Renewal,Basic,29
TXN004933,CUST1118,2023-03-19,Renewal,Basic,29
TXN004934,CUST1118,2023-04-19,Renewal,Basic,29
TXN004935,CUST1118,2023-05-19,Renewal,Basic,29
TXN004936,CUST1118,2023-06-19,Renewal,Basic,29
TXN004937,CUST1118,2023-07-19,Renewal,Basic,29
TXN004938,CUST1118,2023-08-19,Cancellation,Basic,0
TXN004939,CUST1093,2022-10-20,New Subscription,Basic,29
TXN004940,CUST1093,2022-11-20,Renewal,Basic,29
TXN004941,CUST1093,2022-12-20,Renewal,Basic,29
TXN004942,CUST1093,2023-01-20,Renewal,Basic,29
TXN004943,CUST1093,2023-02-20,Renewal,Basic,29
TXN004944,CUST1093,2023-03-20,Renewal,Basic,29
TXN004945,CUST1093,2023-04-20,Renewal,Basic,29
TXN004946,CUST1093,2023-05-20,Renewal,Basic,29
TXN004947,CUST1093,2023-06-20,Renewal,Basic,29
TXN004948,CUST1093,2023-07-20,Renewal,Basic,29
TXN004949,CUST1093,2023-08-20,Renewal,Basic,29
TXN004950,CUST1093,2023-09-20,Renewal,Basic,29
TXN004951,CUST1093,2023-10-20,Renewal,Basic,29
TXN004952,CUST1093,2023-11-20,Renewal,Basic,29
TXN004953,CUST1093,2023-12-20,Renewal,Basic,29
TXN004954,CUST1093,2024-01-20,Upgrade,Pro,59
TXN004955,CUST1093,2024-02-20,Renewal,Pro,59
TXN004956,CUST1093,2024-03-20,Renewal,Pro,59
TXN004957,CUST1093,2024-04-20,Renewal,Pro,59
TXN004958,CUST1093,2024-05-20,Renewal,Pro,59
TXN004959,CUST1093,2024-06-20,Renewal,Pro,59
TXN004960,CUST1093,2024-07-20,Renewal,Pro,59
TXN004961,CUST1093,2024-08-20,Renewal,Pro,59
TXN004962,CUST1093,2024-09-20,Renewal,Pro,59
TXN004963,CUST1093,2024-10-20,Renewal,Pro,59
TXN004964,CUST1093,2024-11-20,Renewal,Pro,59
TXN004965,CUST1093,2024-12-20,Renewal,Pro,59
TXN004966,CUST1093,2025-01-20,Renewal,Pro,59
TXN004967,CUST1093,2025-02-20,Renewal,Pro,59
TXN004968,CUST1093,2025-03-20,Renewal,Pro,59
TXN004969,CUST1093,2025-04-20,Renewal,Pro,59
TXN004970,CUST1093,2025-05-20,Renewal,Pro,59
TXN004971,CUST1093,2025-06-20,Renewal,Pro,59
TXN004972,CUST1093,2025-07-20,Renewal,Pro,59
TXN004973,CUST1093,2025-08-20,Renewal,Pro,59
TXN004974,CUST1093,2025-09-20,Renewal,Pro,59
TXN004975,CUST1093,2025-10-20,Renewal,Pro,59
TXN004976,CUST1093,2025-11-20,Renewal,Pro,59
TXN004977,CUST1093,2025-12-20,Renewal,Pro,59
TXN004978,CUST1093,2026-01-20,Renewal,Pro,59
TXN004979,CUST1093,2026-02-20,Renewal,Pro,59
TXN004980,CUST1093,2026-03-20,Upgrade,Enterprise,149
TXN004981,CUST1093,2026-04-20,Renewal,Enterprise,149
TXN004982,CUST1093,2026-05-20,Renewal,Enterprise,149
TXN004983,CUST1093,2026-06-20,Renewal,Enterprise,149
TXN004984,CUST1093,2026-07-20,Renewal,Enterprise,149
TXN004985,CUST1112,2022-10-23,New Subscription,Pro,59
TXN004986,CUST1112,2022-11-23,Renewal,Pro,59
TXN004987,CUST1112,2022-12-23,Renewal,Pro,59
TXN004988,CUST1112,2023-01-23,Renewal,Pro,59
TXN004989,CUST1112,2023-02-23,Renewal,Pro,59
TXN004990,CUST1112,2023-03-23,Renewal,Pro,59
TXN004991,CUST1112,2023-04-23,Renewal,Pro,59
TXN004992,CUST1112,2023-05-23,Renewal,Pro,59
TXN004993,CUST1112,2023-06-23,Renewal,Pro,59
TXN004994,CUST1112,2023-07-23,Upgrade,Enterprise,149
TXN004995,CUST1112,2023-08-23,Renewal,Enterprise,149
TXN004996,CUST1112,2023-09-23,Renewal,Enterprise,149
TXN004997,CUST1112,2023-10-23,Renewal,Enterprise,149
TXN004998,CUST1112,2023-11-23,Renewal,Enterprise,149
TXN004999,CUST1112,2023-12-23,Renewal,Enterprise,149
TXN005000,CUST1112,2024-01-23,Renewal,Enterprise,149
TXN005001,CUST1112,2024-02-23,Renewal,Enterprise,149
TXN005002,CUST1112,2024-03-23,Renewal,Enterprise,149
TXN005003,CUST1112,2024-04-23,Renewal,Enterprise,149
TXN005004,CUST1112,2024-05-23,Renewal,Enterprise,149
TXN005005,CUST1112,2024-06-23,Renewal,Enterprise,149
TXN005006,CUST1112,2024-07-23,Renewal,Enterprise,149
TXN005007,CUST1112,2024-08-23,Renewal,Enterprise,149
TXN005008,CUST1112,2024-09-23,Renewal,Enterprise,149
TXN005009,CUST1112,2024-10-23,Renewal,Enterprise,149
TXN005010,CUST1112,2024-11-23,Renewal,Enterprise,149
TXN005011,CUST1112,2024-12-23,Renewal,Enterprise,149
TXN005012,CUST1112,2025-01-23,Renewal,Enterprise,149
TXN005013,CUST1112,2025-02-23,Renewal,Enterprise,149
TXN005014,CUST1112,2025-03-23,Renewal,Enterprise,149
TXN005015,CUST1112,2025-04-23,Renewal,Enterprise,149
TXN005016,CUST1112,2025-05-23,Renewal,Enterprise,149
TXN005017,CUST1112,2025-06-23,Renewal,Enterprise,149
TXN005018,CUST1112,2025-07-23,Cancellation,Enterprise,0
TXN005019,CUST1126,2022-10-24,New Subscription,Basic,29
TXN005020,CUST1126,2022-11-24,Renewal,Basic,29
TXN005021,CUST1126,2022-12-24,Renewal,Basic,29
TXN005022,CUST1126,2023-01-24,Renewal,Basic,29
TXN005023,CUST1126,2023-02-24,Renewal,Basic,29
TXN005024,CUST1126,2023-03-24,Renewal,Basic,29
TXN005025,CUST1126,2023-04-24,Upgrade,Pro,59
TXN005026,CUST1126,2023-05-24,Renewal,Pro,59
TXN005027,CUST1126,2023-06-24,Renewal,Pro,59
TXN005028,CUST1126,2023-07-24,Renewal,Pro,59
TXN005029,CUST1126,2023-08-24,Renewal,Pro,59
TXN005030,CUST1126,2023-09-24,Renewal,Pro,59
TXN005031,CUST1126,2023-10-24,Renewal,Pro,59
TXN005032,CUST1126,2023-11-24,Renewal,Pro,59
TXN005033,CUST1126,2023-12-24,Renewal,Pro,59
TXN005034,CUST1126,2024-01-24,Renewal,Pro,59
TXN005035,CUST1126,2024-02-24,Renewal,Pro,59
TXN005036,CUST1126,2024-03-24,Renewal,Pro,59
TXN005037,CUST1126,2024-04-24,Renewal,Pro,59
TXN005038,CUST1126,2024-05-24,Renewal,Pro,59
TXN005039,CUST1126,2024-06-24,Renewal,Pro,59
TXN005040,CUST1126,2024-07-24,Renewal,Pro,59
TXN005041,CUST1126,2024-08-24,Renewal,Pro,59
TXN005042,CUST1126,2024-09-24,Renewal,Pro,59
TXN005043,CUST1126,2024-10-24,Renewal,Pro,59
TXN005044,CUST1126,2024-11-24,Renewal,Pro,59
TXN005045,CUST1126,2024-12-24,Renewal,Pro,59
TXN005046,CUST1126,2025-01-24,Renewal,Pro,59
TXN005047,CUST1126,2025-02-24,Renewal,Pro,59
TXN005048,CUST1126,2025-03-24,Renewal,Pro,59
TXN005049,CUST1126,2025-04-24,Renewal,Pro,59
TXN005050,CUST1126,2025-05-24,Renewal,Pro,59
TXN005051,CUST1126,2025-06-24,Renewal,Pro,59
TXN005052,CUST1126,2025-07-24,Renewal,Pro,59
TXN005053,CUST1126,2025-08-24,Renewal,Pro,59
TXN005054,CUST1126,2025-09-24,Renewal,Pro,59
TXN005055,CUST1126,2025-10-24,Renewal,Pro,59
TXN005056,CUST1126,2025-11-24,Renewal,Pro,59
TXN005057,CUST1126,2025-12-24,Renewal,Pro,59
TXN005058,CUST1126,2026-01-24,Renewal,Pro,59
TXN005059,CUST1126,2026-02-24,Renewal,Pro,59
TXN005060,CUST1126,2026-03-24,Renewal,Pro,59
TXN005061,CUST1126,2026-04-24,Renewal,Pro,59
TXN005062,CUST1126,2026-05-24,Renewal,Pro,59
TXN005063,CUST1126,2026-06-24,Renewal,Pro,59
TXN005064,CUST1126,2026-07-24,Renewal,Pro,59
TXN005065,CUST1130,2022-10-26,New Subscription,Pro,59
TXN005066,CUST1130,2022-11-26,Renewal,Pro,59
TXN005067,CUST1130,2022-12-26,Renewal,Pro,59
TXN005068,CUST1130,2023-01-26,Renewal,Pro,59
TXN005069,CUST1130,2023-02-26,Renewal,Pro,59
TXN005070,CUST1130,2023-03-26,Renewal,Pro,59
TXN005071,CUST1130,2023-04-26,Renewal,Pro,59
TXN005072,CUST1130,2023-05-26,Renewal,Pro,59
TXN005073,CUST1130,2023-06-26,Renewal,Pro,59
TXN005074,CUST1130,2023-07-26,Renewal,Pro,59
TXN005075,CUST1130,2023-08-26,Renewal,Pro,59
TXN005076,CUST1130,2023-09-26,Renewal,Pro,59
TXN005077,CUST1130,2023-10-26,Renewal,Pro,59
TXN005078,CUST1130,2023-11-26,Renewal,Pro,59
TXN005079,CUST1130,2023-12-26,Renewal,Pro,59
TXN005080,CUST1130,2024-01-26,Renewal,Pro,59
TXN005081,CUST1130,2024-02-26,Renewal,Pro,59
TXN005082,CUST1130,2024-03-26,Cancellation,Pro,0
TXN005083,CUST1129,2022-11-08,New Subscription,Enterprise,149
TXN005084,CUST1129,2022-12-08,Renewal,Enterprise,149
TXN005085,CUST1129,2023-01-08,Renewal,Enterprise,149
TXN005086,CUST1129,2023-02-08,Renewal,Enterprise,149
TXN005087,CUST1129,2023-03-08,Renewal,Enterprise,149
TXN005088,CUST1129,2023-04-08,Renewal,Enterprise,149
TXN005089,CUST1129,2023-05-08,Renewal,Enterprise,149
TXN005090,CUST1129,2023-06-08,Renewal,Enterprise,149
TXN005091,CUST1129,2023-07-08,Renewal,Enterprise,149
TXN005092,CUST1129,2023-08-08,Renewal,Enterprise,149
TXN005093,CUST1129,2023-09-08,Renewal,Enterprise,149
TXN005094,CUST1129,2023-10-08,Renewal,Enterprise,149
TXN005095,CUST1129,2023-11-08,Renewal,Enterprise,149
TXN005096,CUST1129,2023-12-08,Renewal,Enterprise,149
TXN005097,CUST1129,2024-01-08,Renewal,Enterprise,149
TXN005098,CUST1129,2024-02-08,Renewal,Enterprise,149
TXN005099,CUST1129,2024-03-08,Downgrade,Pro,59
TXN005100,CUST1129,2024-04-08,Renewal,Pro,59
TXN005101,CUST1129,2024-05-08,Renewal,Pro,59
TXN005102,CUST1129,2024-06-08,Renewal,Pro,59
TXN005103,CUST1129,2024-07-08,Renewal,Pro,59
TXN005104,CUST1129,2024-08-08,Renewal,Pro,59
TXN005105,CUST1129,2024-09-08,Renewal,Pro,59
TXN005106,CUST1129,2024-10-08,Renewal,Pro,59
TXN005107,CUST1129,2024-11-08,Renewal,Pro,59
TXN005108,CUST1129,2024-12-08,Renewal,Pro,59
TXN005109,CUST1129,2025-01-08,Renewal,Pro,59
TXN005110,CUST1129,2025-02-08,Renewal,Pro,59
TXN005111,CUST1129,2025-03-08,Renewal,Pro,59
TXN005112,CUST1129,2025-04-08,Renewal,Pro,59
TXN005113,CUST1129,2025-05-08,Renewal,Pro,59
TXN005114,CUST1129,2025-06-08,Renewal,Pro,59
TXN005115,CUST1129,2025-07-08,Upgrade,Enterprise,149
TXN005116,CUST1129,2025-08-08,Renewal,Enterprise,149
TXN005117,CUST1129,2025-09-08,Renewal,Enterprise,149
TXN005118,CUST1129,2025-10-08,Renewal,Enterprise,149
TXN005119,CUST1129,2025-11-08,Renewal,Enterprise,149
TXN005120,CUST1129,2025-12-08,Renewal,Enterprise,149
TXN005121,CUST1129,2026-01-08,Renewal,Enterprise,149
TXN005122,CUST1129,2026-02-08,Renewal,Enterprise,149
TXN005123,CUST1129,2026-03-08,Renewal,Enterprise,149
TXN005124,CUST1129,2026-04-08,Renewal,Enterprise,149
TXN005125,CUST1129,2026-05-08,Renewal,Enterprise,149
TXN005126,CUST1129,2026-06-08,Downgrade,Pro,59
TXN005127,CUST1129,2026-07-08,Renewal,Pro,59
TXN005128,CUST1129,2026-08-08,Renewal,Pro,59
TXN005129,CUST1107,2022-11-09,New Subscription,Pro,59
TXN005130,CUST1107,2022-12-09,Renewal,Pro,59
TXN005131,CUST1107,2023-01-09,Renewal,Pro,59
TXN005132,CUST1107,2023-02-09,Renewal,Pro,59
TXN005133,CUST1107,2023-03-09,Renewal,Pro,59
TXN005134,CUST1107,2023-04-09,Renewal,Pro,59
TXN005135,CUST1107,2023-05-09,Renewal,Pro,59
TXN005136,CUST1107,2023-06-09,Renewal,Pro,59
TXN005137,CUST1107,2023-07-09,Renewal,Pro,59
TXN005138,CUST1107,2023-08-09,Renewal,Pro,59
TXN005139,CUST1107,2023-09-09,Renewal,Pro,59
TXN005140,CUST1107,2023-10-09,Downgrade,Basic,29
TXN005141,CUST1107,2023-11-09,Renewal,Basic,29
TXN005142,CUST1107,2023-12-09,Renewal,Basic,29
TXN005143,CUST1107,2024-01-09,Renewal,Basic,29
TXN005144,CUST1107,2024-02-09,Renewal,Basic,29
TXN005145,CUST1107,2024-03-09,Renewal,Basic,29
TXN005146,CUST1107,2024-04-09,Renewal,Basic,29
TXN005147,CUST1107,2024-05-09,Renewal,Basic,29
TXN005148,CUST1107,2024-06-09,Renewal,Basic,29
TXN005149,CUST1107,2024-07-09,Renewal,Basic,29
TXN005150,CUST1107,2024-08-09,Renewal,Basic,29
TXN005151,CUST1107,2024-09-09,Upgrade,Pro,59
TXN005152,CUST1107,2024-10-09,Renewal,Pro,59
TXN005153,CUST1107,2024-11-09,Renewal,Pro,59
TXN005154,CUST1107,2024-12-09,Renewal,Pro,59
TXN005155,CUST1107,2025-01-09,Renewal,Pro,59
TXN005156,CUST1107,2025-02-09,Renewal,Pro,59
TXN005157,CUST1107,2025-03-09,Renewal,Pro,59
TXN005158,CUST1107,2025-04-09,Renewal,Pro,59
TXN005159,CUST1107,2025-05-09,Renewal,Pro,59
TXN005160,CUST1107,2025-06-09,Renewal,Pro,59
TXN005161,CUST1107,2025-07-09,Renewal,Pro,59
TXN005162,CUST1107,2025-08-09,Renewal,Pro,59
TXN005163,CUST1107,2025-09-09,Renewal,Pro,59
TXN005164,CUST1107,2025-10-09,Renewal,Pro,59
TXN005165,CUST1107,2025-11-09,Renewal,Pro,59
TXN005166,CUST1107,2025-12-09,Renewal,Pro,59
TXN005167,CUST1107,2026-01-09,Renewal,Pro,59
TXN005168,CUST1107,2026-02-09,Renewal,Pro,59
TXN005169,CUST1107,2026-03-09,Renewal,Pro,59
TXN005170,CUST1107,2026-04-09,Renewal,Pro,59
TXN005171,CUST1107,2026-05-09,Renewal,Pro,59
TXN005172,CUST1107,2026-06-09,Upgrade,Enterprise,149
TXN005173,CUST1107,2026-07-09,Renewal,Enterprise,149
TXN005174,CUST1107,2026-08-09,Renewal,Enterprise,149
TXN005175,CUST1088,2022-11-11,New Subscription,Basic,29
TXN005176,CUST1088,2022-12-11,Renewal,Basic,29
TXN005177,CUST1088,2023-01-11,Renewal,Basic,29
TXN005178,CUST1088,2023-02-11,Renewal,Basic,29
TXN005179,CUST1088,2023-03-11,Renewal,Basic,29
TXN005180,CUST1088,2023-04-11,Renewal,Basic,29
TXN005181,CUST1088,2023-05-11,Renewal,Basic,29
TXN005182,CUST1088,2023-06-11,Renewal,Basic,29
TXN005183,CUST1088,2023-07-11,Renewal,Basic,29
TXN005184,CUST1088,2023-08-11,Renewal,Basic,29
TXN005185,CUST1088,2023-09-11,Renewal,Basic,29
TXN005186,CUST1088,2023-10-11,Renewal,Basic,29
TXN005187,CUST1088,2023-11-11,Renewal,Basic,29
TXN005188,CUST1088,2023-12-11,Renewal,Basic,29
TXN005189,CUST1088,2024-01-11,Renewal,Basic,29
TXN005190,CUST1088,2024-02-11,Renewal,Basic,29
TXN005191,CUST1088,2024-03-11,Renewal,Basic,29
TXN005192,CUST1088,2024-04-11,Renewal,Basic,29
TXN005193,CUST1088,2024-05-11,Renewal,Basic,29
TXN005194,CUST1088,2024-06-11,Renewal,Basic,29
TXN005195,CUST1088,2024-07-11,Renewal,Basic,29
TXN005196,CUST1088,2024-08-11,Renewal,Basic,29
TXN005197,CUST1088,2024-09-11,Renewal,Basic,29
TXN005198,CUST1088,2024-10-11,Renewal,Basic,29
TXN005199,CUST1088,2024-11-11,Renewal,Basic,29
TXN005200,CUST1088,2024-12-11,Renewal,Basic,29
TXN005201,CUST1088,2025-01-11,Renewal,Basic,29
TXN005202,CUST1088,2025-02-11,Renewal,Basic,29
TXN005203,CUST1088,2025-03-11,Renewal,Basic,29
TXN005204,CUST1088,2025-04-11,Renewal,Basic,29
TXN005205,CUST1088,2025-05-11,Renewal,Basic,29
TXN005206,CUST1088,2025-06-11,Renewal,Basic,29
TXN005207,CUST1088,2025-07-11,Renewal,Basic,29
TXN005208,CUST1088,2025-08-11,Renewal,Basic,29
TXN005209,CUST1088,2025-09-11,Renewal,Basic,29
TXN005210,CUST1088,2025-10-11,Renewal,Basic,29
TXN005211,CUST1088,2025-11-11,Renewal,Basic,29
TXN005212,CUST1088,2025-12-11,Renewal,Basic,29
TXN005213,CUST1088,2026-01-11,Renewal,Basic,29
TXN005214,CUST1088,2026-02-11,Renewal,Basic,29
TXN005215,CUST1088,2026-03-11,Renewal,Basic,29
TXN005216,CUST1088,2026-04-11,Renewal,Basic,29
TXN005217,CUST1088,2026-05-11,Renewal,Basic,29
TXN005218,CUST1088,2026-06-11,Renewal,Basic,29
TXN005219,CUST1088,2026-07-11,Renewal,Basic,29
TXN005220,CUST1088,2026-08-11,Renewal,Basic,29
TXN005221,CUST1099,2022-11-19,New Subscription,Basic,29
TXN005222,CUST1099,2022-12-19,Renewal,Basic,29
TXN005223,CUST1099,2023-01-19,Renewal,Basic,29
TXN005224,CUST1099,2023-02-19,Renewal,Basic,29
TXN005225,CUST1099,2023-03-19,Renewal,Basic,29
TXN005226,CUST1099,2023-04-19,Renewal,Basic,29
TXN005227,CUST1099,2023-05-19,Renewal,Basic,29
TXN005228,CUST1099,2023-06-19,Renewal,Basic,29
TXN005229,CUST1099,2023-07-19,Renewal,Basic,29
TXN005230,CUST1099,2023-08-19,Renewal,Basic,29
TXN005231,CUST1099,2023-09-19,Renewal,Basic,29
TXN005232,CUST1099,2023-10-19,Renewal,Basic,29
TXN005233,CUST1099,2023-11-19,Renewal,Basic,29
TXN005234,CUST1099,2023-12-19,Renewal,Basic,29
TXN005235,CUST1099,2024-01-19,Renewal,Basic,29
TXN005236,CUST1099,2024-02-19,Renewal,Basic,29
TXN005237,CUST1099,2024-03-19,Renewal,Basic,29
TXN005238,CUST1099,2024-04-19,Renewal,Basic,29
TXN005239,CUST1099,2024-05-19,Renewal,Basic,29
TXN005240,CUST1099,2024-06-19,Renewal,Basic,29
TXN005241,CUST1099,2024-07-19,Renewal,Basic,29
TXN005242,CUST1099,2024-08-19,Renewal,Basic,29
TXN005243,CUST1099,2024-09-19,Renewal,Basic,29
TXN005244,CUST1099,2024-10-19,Renewal,Basic,29
TXN005245,CUST1099,2024-11-19,Renewal,Basic,29
TXN005246,CUST1099,2024-12-19,Renewal,Basic,29
TXN005247,CUST1099,2025-01-19,Renewal,Basic,29
TXN005248,CUST1099,2025-02-19,Renewal,Basic,29
TXN005249,CUST1099,2025-03-19,Renewal,Basic,29
TXN005250,CUST1099,2025-04-19,Renewal,Basic,29
TXN005251,CUST1099,2025-05-19,Renewal,Basic,29
TXN005252,CUST1099,2025-06-19,Renewal,Basic,29
TXN005253,CUST1099,2025-07-19,Renewal,Basic,29
TXN005254,CUST1099,2025-08-19,Renewal,Basic,29
TXN005255,CUST1099,2025-09-19,Upgrade,Pro,59
TXN005256,CUST1099,2025-10-19,Renewal,Pro,59
TXN005257,CUST1099,2025-11-19,Renewal,Pro,59
TXN005258,CUST1099,2025-12-19,Renewal,Pro,59
TXN005259,CUST1099,2026-01-19,Renewal,Pro,59
TXN005260,CUST1099,2026-02-19,Renewal,Pro,59
TXN005261,CUST1099,2026-03-19,Renewal,Pro,59
TXN005262,CUST1099,2026-04-19,Renewal,Pro,59
TXN005263,CUST1099,2026-05-19,Renewal,Pro,59
TXN005264,CUST1099,2026-06-19,Renewal,Pro,59
TXN005265,CUST1099,2026-07-19,Renewal,Pro,59
TXN005266,CUST1091,2022-11-24,New Subscription,Basic,29
TXN005267,CUST1091,2022-12-24,Renewal,Basic,29
TXN005268,CUST1091,2023-01-24,Renewal,Basic,29
TXN005269,CUST1091,2023-02-24,Renewal,Basic,29
TXN005270,CUST1091,2023-03-24,Renewal,Basic,29
TXN005271,CUST1091,2023-04-24,Renewal,Basic,29
TXN005272,CUST1091,2023-05-24,Renewal,Basic,29
TXN005273,CUST1091,2023-06-24,Renewal,Basic,29
TXN005274,CUST1091,2023-07-24,Renewal,Basic,29
TXN005275,CUST1091,2023-08-24,Renewal,Basic,29
TXN005276,CUST1091,2023-09-24,Renewal,Basic,29
TXN005277,CUST1091,2023-10-24,Renewal,Basic,29
TXN005278,CUST1091,2023-11-24,Renewal,Basic,29
TXN005279,CUST1091,2023-12-24,Renewal,Basic,29
TXN005280,CUST1091,2024-01-24,Renewal,Basic,29
TXN005281,CUST1091,2024-02-24,Renewal,Basic,29
TXN005282,CUST1091,2024-03-24,Renewal,Basic,29
TXN005283,CUST1091,2024-04-24,Renewal,Basic,29
TXN005284,CUST1091,2024-05-24,Renewal,Basic,29
TXN005285,CUST1091,2024-06-24,Renewal,Basic,29
TXN005286,CUST1091,2024-07-24,Renewal,Basic,29
TXN005287,CUST1091,2024-08-24,Renewal,Basic,29
TXN005288,CUST1091,2024-09-24,Renewal,Basic,29
TXN005289,CUST1091,2024-10-24,Renewal,Basic,29
TXN005290,CUST1091,2024-11-24,Renewal,Basic,29
TXN005291,CUST1091,2024-12-24,Renewal,Basic,29
TXN005292,CUST1091,2025-01-24,Renewal,Basic,29
TXN005293,CUST1091,2025-02-24,Renewal,Basic,29
TXN005294,CUST1091,2025-03-24,Renewal,Basic,29
TXN005295,CUST1091,2025-04-24,Renewal,Basic,29
TXN005296,CUST1091,2025-05-24,Renewal,Basic,29
TXN005297,CUST1091,2025-06-24,Renewal,Basic,29
TXN005298,CUST1091,2025-07-24,Renewal,Basic,29
TXN005299,CUST1091,2025-08-24,Renewal,Basic,29
TXN005300,CUST1091,2025-09-24,Renewal,Basic,29
TXN005301,CUST1091,2025-10-24,Renewal,Basic,29
TXN005302,CUST1091,2025-11-24,Renewal,Basic,29
TXN005303,CUST1091,2025-12-24,Renewal,Basic,29
TXN005304,CUST1091,2026-01-24,Renewal,Basic,29
TXN005305,CUST1091,2026-02-24,Renewal,Basic,29
TXN005306,CUST1091,2026-03-24,Renewal,Basic,29
TXN005307,CUST1091,2026-04-24,Renewal,Basic,29
TXN005308,CUST1091,2026-05-24,Renewal,Basic,29
TXN005309,CUST1091,2026-06-24,Renewal,Basic,29
TXN005310,CUST1091,2026-07-24,Renewal,Basic,29
TXN005311,CUST1086,2022-12-14,New Subscription,Pro,59
TXN005312,CUST1086,2023-01-14,Renewal,Pro,59
TXN005313,CUST1086,2023-02-14,Renewal,Pro,59
TXN005314,CUST1086,2023-03-14,Renewal,Pro,59
TXN005315,CUST1086,2023-04-14,Renewal,Pro,59
TXN005316,CUST1086,2023-05-14,Downgrade,Basic,29
TXN005317,CUST1086,2023-06-14,Renewal,Basic,29
TXN005318,CUST1086,2023-07-14,Renewal,Basic,29
TXN005319,CUST1086,2023-08-14,Renewal,Basic,29
TXN005320,CUST1086,2023-09-14,Renewal,Basic,29
TXN005321,CUST1086,2023-10-14,Renewal,Basic,29
TXN005322,CUST1086,2023-11-14,Renewal,Basic,29
TXN005323,CUST1086,2023-12-14,Renewal,Basic,29
TXN005324,CUST1086,2024-01-14,Renewal,Basic,29
TXN005325,CUST1086,2024-02-14,Renewal,Basic,29
TXN005326,CUST1086,2024-03-14,Renewal,Basic,29
TXN005327,CUST1086,2024-04-14,Renewal,Basic,29
TXN005328,CUST1086,2024-05-14,Renewal,Basic,29
TXN005329,CUST1086,2024-06-14,Renewal,Basic,29
TXN005330,CUST1086,2024-07-14,Renewal,Basic,29
TXN005331,CUST1086,2024-08-14,Renewal,Basic,29
TXN005332,CUST1086,2024-09-14,Renewal,Basic,29
TXN005333,CUST1086,2024-10-14,Renewal,Basic,29
TXN005334,CUST1086,2024-11-14,Renewal,Basic,29
TXN005335,CUST1086,2024-12-14,Renewal,Basic,29
TXN005336,CUST1086,2025-01-14,Renewal,Basic,29
TXN005337,CUST1086,2025-02-14,Renewal,Basic,29
TXN005338,CUST1086,2025-03-14,Renewal,Basic,29
TXN005339,CUST1086,2025-04-14,Renewal,Basic,29
TXN005340,CUST1086,2025-05-14,Renewal,Basic,29
TXN005341,CUST1086,2025-06-14,Renewal,Basic,29
TXN005342,CUST1086,2025-07-14,Renewal,Basic,29
TXN005343,CUST1086,2025-08-14,Renewal,Basic,29
TXN005344,CUST1086,2025-09-14,Renewal,Basic,29
TXN005345,CUST1086,2025-10-14,Upgrade,Pro,59
TXN005346,CUST1086,2025-11-14,Renewal,Pro,59
TXN005347,CUST1086,2025-12-14,Renewal,Pro,59
TXN005348,CUST1086,2026-01-14,Renewal,Pro,59
TXN005349,CUST1086,2026-02-14,Renewal,Pro,59
TXN005350,CUST1086,2026-03-14,Renewal,Pro,59
TXN005351,CUST1086,2026-04-14,Downgrade,Basic,29
TXN005352,CUST1086,2026-05-14,Renewal,Basic,29
TXN005353,CUST1086,2026-06-14,Renewal,Basic,29
TXN005354,CUST1086,2026-07-14,Renewal,Basic,29
TXN005355,CUST1086,2026-08-14,Renewal,Basic,29
TXN005356,CUST1105,2022-12-17,New Subscription,Basic,29
TXN005357,CUST1105,2023-01-17,Renewal,Basic,29
TXN005358,CUST1105,2023-02-17,Renewal,Basic,29
TXN005359,CUST1105,2023-03-17,Renewal,Basic,29
TXN005360,CUST1105,2023-04-17,Renewal,Basic,29
TXN005361,CUST1105,2023-05-17,Renewal,Basic,29
TXN005362,CUST1105,2023-06-17,Renewal,Basic,29
TXN005363,CUST1105,2023-07-17,Renewal,Basic,29
TXN005364,CUST1105,2023-08-17,Renewal,Basic,29
TXN005365,CUST1105,2023-09-17,Renewal,Basic,29
TXN005366,CUST1105,2023-10-17,Renewal,Basic,29
TXN005367,CUST1105,2023-11-17,Renewal,Basic,29
TXN005368,CUST1105,2023-12-17,Renewal,Basic,29
TXN005369,CUST1105,2024-01-17,Renewal,Basic,29
TXN005370,CUST1105,2024-02-17,Renewal,Basic,29
TXN005371,CUST1105,2024-03-17,Renewal,Basic,29
TXN005372,CUST1105,2024-04-17,Renewal,Basic,29
TXN005373,CUST1105,2024-05-17,Renewal,Basic,29
TXN005374,CUST1105,2024-06-17,Renewal,Basic,29
TXN005375,CUST1105,2024-07-17,Renewal,Basic,29
TXN005376,CUST1105,2024-08-17,Renewal,Basic,29
TXN005377,CUST1105,2024-09-17,Renewal,Basic,29
TXN005378,CUST1105,2024-10-17,Renewal,Basic,29
TXN005379,CUST1105,2024-11-17,Renewal,Basic,29
TXN005380,CUST1105,2024-12-17,Renewal,Basic,29
TXN005381,CUST1105,2025-01-17,Renewal,Basic,29
TXN005382,CUST1105,2025-02-17,Renewal,Basic,29
TXN005383,CUST1105,2025-03-17,Upgrade,Pro,59
TXN005384,CUST1105,2025-04-17,Upgrade,Enterprise,149
TXN005385,CUST1105,2025-05-17,Renewal,Enterprise,149
TXN005386,CUST1105,2025-06-17,Renewal,Enterprise,149
TXN005387,CUST1105,2025-07-17,Renewal,Enterprise,149
TXN005388,CUST1105,2025-08-17,Renewal,Enterprise,149
TXN005389,CUST1105,2025-09-17,Renewal,Enterprise,149
TXN005390,CUST1105,2025-10-17,Renewal,Enterprise,149
TXN005391,CUST1105,2025-11-17,Renewal,Enterprise,149
TXN005392,CUST1105,2025-12-17,Renewal,Enterprise,149
TXN005393,CUST1105,2026-01-17,Renewal,Enterprise,149
TXN005394,CUST1105,2026-02-17,Renewal,Enterprise,149
TXN005395,CUST1105,2026-03-17,Renewal,Enterprise,149
TXN005396,CUST1105,2026-04-17,Renewal,Enterprise,149
TXN005397,CUST1105,2026-05-17,Renewal,Enterprise,149
TXN005398,CUST1105,2026-06-17,Renewal,Enterprise,149
TXN005399,CUST1105,2026-07-17,Renewal,Enterprise,149
TXN005400,CUST1105,2026-08-17,Renewal,Enterprise,149
TXN005401,CUST1087,2022-12-24,New Subscription,Basic,29
TXN005402,CUST1087,2023-01-24,Renewal,Basic,29
TXN005403,CUST1087,2023-02-24,Renewal,Basic,29
TXN005404,CUST1087,2023-03-24,Renewal,Basic,29
TXN005405,CUST1087,2023-04-24,Renewal,Basic,29
TXN005406,CUST1087,2023-05-24,Renewal,Basic,29
TXN005407,CUST1087,2023-06-24,Renewal,Basic,29
TXN005408,CUST1087,2023-07-24,Renewal,Basic,29
TXN005409,CUST1087,2023-08-24,Renewal,Basic,29
TXN005410,CUST1087,2023-09-24,Renewal,Basic,29
TXN005411,CUST1087,2023-10-24,Renewal,Basic,29
TXN005412,CUST1087,2023-11-24,Renewal,Basic,29
TXN005413,CUST1087,2023-12-24,Renewal,Basic,29
TXN005414,CUST1087,2024-01-24,Renewal,Basic,29
TXN005415,CUST1087,2024-02-24,Renewal,Basic,29
TXN005416,CUST1087,2024-03-24,Renewal,Basic,29
TXN005417,CUST1087,2024-04-24,Renewal,Basic,29
TXN005418,CUST1087,2024-05-24,Renewal,Basic,29
TXN005419,CUST1087,2024-06-24,Renewal,Basic,29
TXN005420,CUST1087,2024-07-24,Renewal,Basic,29
TXN005421,CUST1087,2024-08-24,Renewal,Basic,29
TXN005422,CUST1087,2024-09-24,Renewal,Basic,29
TXN005423,CUST1087,2024-10-24,Renewal,Basic,29
TXN005424,CUST1087,2024-11-24,Renewal,Basic,29
TXN005425,CUST1087,2024-12-24,Renewal,Basic,29
TXN005426,CUST1087,2025-01-24,Renewal,Basic,29
TXN005427,CUST1087,2025-02-24,Renewal,Basic,29
TXN005428,CUST1087,2025-03-24,Renewal,Basic,29
TXN005429,CUST1087,2025-04-24,Renewal,Basic,29
TXN005430,CUST1087,2025-05-24,Renewal,Basic,29
TXN005431,CUST1087,2025-06-24,Renewal,Basic,29
TXN005432,CUST1087,2025-07-24,Renewal,Basic,29
TXN005433,CUST1087,2025-08-24,Renewal,Basic,29
TXN005434,CUST1087,2025-09-24,Renewal,Basic,29
TXN005435,CUST1087,2025-10-24,Renewal,Basic,29
TXN005436,CUST1087,2025-11-24,Renewal,Basic,29
TXN005437,CUST1087,2025-12-24,Renewal,Basic,29
TXN005438,CUST1087,2026-01-24,Renewal,Basic,29
TXN005439,CUST1087,2026-02-24,Renewal,Basic,29
TXN005440,CUST1087,2026-03-24,Renewal,Basic,29
TXN005441,CUST1087,2026-04-24,Renewal,Basic,29
TXN005442,CUST1087,2026-05-24,Renewal,Basic,29
TXN005443,CUST1087,2026-06-24,Renewal,Basic,29
TXN005444,CUST1087,2026-07-24,Renewal,Basic,29
TXN005445,CUST1153,2023-01-09,New Subscription,Pro,59
TXN005446,CUST1153,2023-02-09,Renewal,Pro,59
TXN005447,CUST1153,2023-03-09,Renewal,Pro,59
TXN005448,CUST1153,2023-04-09,Renewal,Pro,59
TXN005449,CUST1153,2023-05-09,Renewal,Pro,59
TXN005450,CUST1153,2023-06-09,Renewal,Pro,59
TXN005451,CUST1153,2023-07-09,Renewal,Pro,59
TXN005452,CUST1153,2023-08-09,Renewal,Pro,59
TXN005453,CUST1153,2023-09-09,Renewal,Pro,59
TXN005454,CUST1153,2023-10-09,Renewal,Pro,59
TXN005455,CUST1153,2023-11-09,Renewal,Pro,59
TXN005456,CUST1153,2023-12-09,Renewal,Pro,59
TXN005457,CUST1153,2024-01-09,Cancellation,Pro,0
TXN005458,CUST1161,2023-01-14,New Subscription,Basic,29
TXN005459,CUST1161,2023-02-14,Renewal,Basic,29
TXN005460,CUST1161,2023-03-14,Renewal,Basic,29
TXN005461,CUST1161,2023-04-14,Upgrade,Pro,59
TXN005462,CUST1161,2023-05-14,Renewal,Pro,59
TXN005463,CUST1161,2023-06-14,Renewal,Pro,59
TXN005464,CUST1161,2023-07-14,Renewal,Pro,59
TXN005465,CUST1161,2023-08-14,Renewal,Pro,59
TXN005466,CUST1161,2023-09-14,Renewal,Pro,59
TXN005467,CUST1161,2023-10-14,Renewal,Pro,59
TXN005468,CUST1161,2023-11-14,Renewal,Pro,59
TXN005469,CUST1161,2023-12-14,Renewal,Pro,59
TXN005470,CUST1161,2024-01-14,Renewal,Pro,59
TXN005471,CUST1161,2024-02-14,Renewal,Pro,59
TXN005472,CUST1161,2024-03-14,Renewal,Pro,59
TXN005473,CUST1161,2024-04-14,Renewal,Pro,59
TXN005474,CUST1161,2024-05-14,Renewal,Pro,59
TXN005475,CUST1161,2024-06-14,Renewal,Pro,59
TXN005476,CUST1161,2024-07-14,Renewal,Pro,59
TXN005477,CUST1161,2024-08-14,Renewal,Pro,59
TXN005478,CUST1161,2024-09-14,Renewal,Pro,59
TXN005479,CUST1161,2024-10-14,Renewal,Pro,59
TXN005480,CUST1161,2024-11-14,Renewal,Pro,59
TXN005481,CUST1161,2024-12-14,Renewal,Pro,59
TXN005482,CUST1161,2025-01-14,Renewal,Pro,59
TXN005483,CUST1161,2025-02-14,Renewal,Pro,59
TXN005484,CUST1161,2025-03-14,Renewal,Pro,59
TXN005485,CUST1161,2025-04-14,Upgrade,Enterprise,149
TXN005486,CUST1161,2025-05-14,Renewal,Enterprise,149
TXN005487,CUST1161,2025-06-14,Renewal,Enterprise,149
TXN005488,CUST1161,2025-07-14,Renewal,Enterprise,149
TXN005489,CUST1161,2025-08-14,Renewal,Enterprise,149
TXN005490,CUST1161,2025-09-14,Renewal,Enterprise,149
TXN005491,CUST1161,2025-10-14,Renewal,Enterprise,149
TXN005492,CUST1161,2025-11-14,Renewal,Enterprise,149
TXN005493,CUST1161,2025-12-14,Renewal,Enterprise,149
TXN005494,CUST1161,2026-01-14,Renewal,Enterprise,149
TXN005495,CUST1161,2026-02-14,Renewal,Enterprise,149
TXN005496,CUST1161,2026-03-14,Renewal,Enterprise,149
TXN005497,CUST1161,2026-04-14,Renewal,Enterprise,149
TXN005498,CUST1161,2026-05-14,Downgrade,Pro,59
TXN005499,CUST1161,2026-06-14,Renewal,Pro,59
TXN005500,CUST1161,2026-07-14,Renewal,Pro,59
TXN005501,CUST1161,2026-08-14,Renewal,Pro,59
TXN005503,CUST1182,2023-01-18,New Subscription,Pro,59
TXN005504,CUST1182,2023-02-18,Renewal,Pro,59
TXN005505,CUST1182,2023-03-18,Renewal,Pro,59
TXN005506,CUST1182,2023-04-18,Renewal,Pro,59
TXN005507,CUST1182,2023-05-18,Renewal,Pro,59
TXN005508,CUST1182,2023-06-18,Renewal,Pro,59
TXN005509,CUST1182,2023-07-18,Renewal,Pro,59
TXN005510,CUST1182,2023-08-18,Renewal,Pro,59
TXN005511,CUST1182,2023-09-18,Renewal,Pro,59
TXN005512,CUST1182,2023-10-18,Renewal,Pro,59
TXN005513,CUST1182,2023-11-18,Renewal,Pro,59
TXN005514,CUST1182,2023-12-18,Renewal,Pro,59
TXN005515,CUST1182,2024-01-18,Renewal,Pro,59
TXN005516,CUST1182,2024-02-18,Renewal,Pro,59
TXN005517,CUST1182,2024-03-18,Renewal,Pro,59
TXN005518,CUST1182,2024-04-18,Renewal,Pro,59
TXN005519,CUST1182,2024-05-18,Upgrade,Enterprise,149
TXN005520,CUST1182,2024-06-18,Renewal,Enterprise,149
TXN005521,CUST1182,2024-07-18,Renewal,Enterprise,149
TXN005522,CUST1182,2024-08-18,Renewal,Enterprise,149
TXN005523,CUST1182,2024-09-18,Renewal,Enterprise,149
TXN005524,CUST1182,2024-10-18,Renewal,Enterprise,149
TXN005525,CUST1182,2024-11-18,Renewal,Enterprise,149
TXN005526,CUST1182,2024-12-18,Renewal,Enterprise,149
TXN005527,CUST1182,2025-01-18,Renewal,Enterprise,149
TXN005528,CUST1182,2025-02-18,Renewal,Enterprise,149
TXN005529,CUST1182,2025-03-18,Renewal,Enterprise,149
TXN005530,CUST1182,2025-04-18,Renewal,Enterprise,149
TXN005531,CUST1182,2025-05-18,Renewal,Enterprise,149
TXN005532,CUST1182,2025-06-18,Renewal,Enterprise,149
TXN005533,CUST1182,2025-07-18,Renewal,Enterprise,149
TXN005534,CUST1182,2025-08-18,Renewal,Enterprise,149
TXN005535,CUST1182,2025-09-18,Renewal,Enterprise,149
TXN005536,CUST1182,2025-10-18,Renewal,Enterprise,149
TXN005537,CUST1182,2025-11-18,Renewal,Enterprise,149
TXN005538,CUST1182,2025-12-18,Renewal,Enterprise,149
TXN005539,CUST1182,2026-01-18,Renewal,Enterprise,149
TXN005540,CUST1182,2026-02-18,Renewal,Enterprise,149
TXN005541,CUST1182,2026-03-18,Renewal,Enterprise,149
TXN005542,CUST1182,2026-04-18,Renewal,Enterprise,149
TXN005543,CUST1182,2026-05-18,Renewal,Enterprise,149
TXN005544,CUST1182,2026-06-18,Renewal,Enterprise,149
TXN005545,CUST1182,2026-07-18,Renewal,Enterprise,149
TXN005546,CUST1152,2023-01-19,New Subscription,Basic,29
TXN005547,CUST1152,2023-02-19,Renewal,Basic,29
TXN005548,CUST1152,2023-03-19,Renewal,Basic,29
TXN005549,CUST1152,2023-04-19,Renewal,Basic,29
TXN005550,CUST1152,2023-05-19,Renewal,Basic,29
TXN005551,CUST1152,2023-06-19,Renewal,Basic,29
TXN005552,CUST1152,2023-07-19,Renewal,Basic,29
TXN005553,CUST1152,2023-08-19,Renewal,Basic,29
TXN005554,CUST1152,2023-09-19,Renewal,Basic,29
TXN005555,CUST1152,2023-10-19,Upgrade,Pro,59
TXN005556,CUST1152,2023-11-19,Renewal,Pro,59
TXN005557,CUST1152,2023-12-19,Renewal,Pro,59
TXN005558,CUST1152,2024-01-19,Renewal,Pro,59
TXN005559,CUST1152,2024-02-19,Renewal,Pro,59
TXN005560,CUST1152,2024-03-19,Renewal,Pro,59
TXN005561,CUST1152,2024-04-19,Renewal,Pro,59
TXN005562,CUST1152,2024-05-19,Renewal,Pro,59
TXN005563,CUST1152,2024-06-19,Renewal,Pro,59
TXN005564,CUST1152,2024-07-19,Renewal,Pro,59
TXN005565,CUST1152,2024-08-19,Renewal,Pro,59
TXN005566,CUST1152,2024-09-19,Renewal,Pro,59
TXN005567,CUST1152,2024-10-19,Renewal,Pro,59
TXN005568,CUST1152,2024-11-19,Renewal,Pro,59
TXN005569,CUST1152,2024-12-19,Renewal,Pro,59
TXN005570,CUST1152,2025-01-19,Renewal,Pro,59
TXN005571,CUST1152,2025-02-19,Renewal,Pro,59
TXN005572,CUST1152,2025-03-19,Renewal,Pro,59
TXN005573,CUST1152,2025-04-19,Renewal,Pro,59
TXN005574,CUST1152,2025-05-19,Renewal,Pro,59
TXN005575,CUST1152,2025-06-19,Renewal,Pro,59
TXN005576,CUST1152,2025-07-19,Renewal,Pro,59
TXN005577,CUST1152,2025-08-19,Renewal,Pro,59
TXN005578,CUST1152,2025-09-19,Renewal,Pro,59
TXN005579,CUST1152,2025-10-19,Renewal,Pro,59
TXN005580,CUST1152,2025-11-19,Renewal,Pro,59
TXN005581,CUST1152,2025-12-19,Renewal,Pro,59
TXN005582,CUST1152,2026-01-19,Renewal,Pro,59
TXN005583,CUST1152,2026-02-19,Renewal,Pro,59
TXN005584,CUST1152,2026-03-19,Renewal,Pro,59
TXN005585,CUST1152,2026-04-19,Renewal,Pro,59
TXN005586,CUST1152,2026-05-19,Renewal,Pro,59
TXN005587,CUST1152,2026-06-19,Renewal,Pro,59
TXN005588,CUST1152,2026-07-19,Renewal,Pro,59
TXN005589,CUST1183,2023-02-15,New Subscription,Basic,29
TXN005590,CUST1183,2023-03-15,Renewal,Basic,29
TXN005591,CUST1183,2023-04-15,Renewal,Basic,29
TXN005592,CUST1183,2023-05-15,Renewal,Basic,29
TXN005593,CUST1183,2023-06-15,Renewal,Basic,29
TXN005594,CUST1183,2023-07-15,Renewal,Basic,29
TXN005595,CUST1183,2023-08-15,Renewal,Basic,29
TXN005596,CUST1183,2023-09-15,Renewal,Basic,29
TXN005597,CUST1183,2023-10-15,Renewal,Basic,29
TXN005598,CUST1183,2023-11-15,Renewal,Basic,29
TXN005599,CUST1183,2023-12-15,Renewal,Basic,29
TXN005600,CUST1183,2024-01-15,Renewal,Basic,29
TXN005601,CUST1183,2024-02-15,Renewal,Basic,29
TXN005602,CUST1183,2024-03-15,Upgrade,Pro,59
TXN005603,CUST1183,2024-04-15,Renewal,Pro,59
TXN005604,CUST1183,2024-05-15,Downgrade,Basic,29
TXN005605,CUST1183,2024-06-15,Renewal,Basic,29
TXN005606,CUST1183,2024-07-15,Renewal,Basic,29
TXN005607,CUST1183,2024-08-15,Renewal,Basic,29
TXN005608,CUST1183,2024-09-15,Renewal,Basic,29
TXN005609,CUST1183,2024-10-15,Renewal,Basic,29
TXN005610,CUST1183,2024-11-15,Renewal,Basic,29
TXN005611,CUST1183,2024-12-15,Renewal,Basic,29
TXN005612,CUST1183,2025-01-15,Renewal,Basic,29
TXN005613,CUST1183,2025-02-15,Renewal,Basic,29
TXN005614,CUST1183,2025-03-15,Renewal,Basic,29
TXN005615,CUST1183,2025-04-15,Renewal,Basic,29
TXN005616,CUST1183,2025-05-15,Renewal,Basic,29
TXN005617,CUST1183,2025-06-15,Renewal,Basic,29
TXN005618,CUST1183,2025-07-15,Renewal,Basic,29
TXN005619,CUST1183,2025-08-15,Upgrade,Pro,59
TXN005620,CUST1183,2025-09-15,Renewal,Pro,59
TXN005621,CUST1183,2025-10-15,Renewal,Pro,59
TXN005622,CUST1183,2025-11-15,Renewal,Pro,59
TXN005623,CUST1183,2025-12-15,Renewal,Pro,59
TXN005624,CUST1183,2026-01-15,Renewal,Pro,59
TXN005625,CUST1183,2026-02-15,Renewal,Pro,59
TXN005626,CUST1183,2026-03-15,Renewal,Pro,59
TXN005627,CUST1183,2026-04-15,Renewal,Pro,59
TXN005628,CUST1183,2026-05-15,Renewal,Pro,59
TXN005629,CUST1183,2026-06-15,Cancellation,Pro,0
TXN005630,CUST1156,2023-02-18,New Subscription,Pro,59
TXN005631,CUST1156,2023-03-18,Renewal,Pro,59
TXN005632,CUST1156,2023-04-18,Renewal,Pro,59
TXN005633,CUST1156,2023-05-18,Renewal,Pro,59
TXN005634,CUST1156,2023-06-18,Renewal,Pro,59
TXN005635,CUST1156,2023-07-18,Renewal,Pro,59
TXN005636,CUST1156,2023-08-18,Renewal,Pro,59
TXN005637,CUST1156,2023-09-18,Renewal,Pro,59
TXN005638,CUST1156,2023-10-18,Upgrade,Enterprise,149
TXN005639,CUST1156,2023-11-18,Renewal,Enterprise,149
TXN005640,CUST1156,2023-12-18,Renewal,Enterprise,149
TXN005641,CUST1156,2024-01-18,Renewal,Enterprise,149
TXN005642,CUST1156,2024-02-18,Renewal,Enterprise,149
TXN005643,CUST1156,2024-03-18,Renewal,Enterprise,149
TXN005644,CUST1156,2024-04-18,Renewal,Enterprise,149
TXN005645,CUST1156,2024-05-18,Renewal,Enterprise,149
TXN005646,CUST1156,2024-06-18,Renewal,Enterprise,149
TXN005647,CUST1156,2024-07-18,Renewal,Enterprise,149
TXN005648,CUST1156,2024-08-18,Renewal,Enterprise,149
TXN005649,CUST1156,2024-09-18,Renewal,Enterprise,149
TXN005650,CUST1156,2024-10-18,Renewal,Enterprise,149
TXN005651,CUST1156,2024-11-18,Renewal,Enterprise,149
TXN005652,CUST1156,2024-12-18,Renewal,Enterprise,149
TXN005653,CUST1156,2025-01-18,Renewal,Enterprise,149
TXN005654,CUST1156,2025-02-18,Renewal,Enterprise,149
TXN005655,CUST1156,2025-03-18,Renewal,Enterprise,149
TXN005656,CUST1156,2025-04-18,Renewal,Enterprise,149
TXN005657,CUST1156,2025-05-18,Renewal,Enterprise,149
TXN005658,CUST1156,2025-06-18,Renewal,Enterprise,149
TXN005659,CUST1156,2025-07-18,Renewal,Enterprise,149
TXN005660,CUST1156,2025-08-18,Renewal,Enterprise,149
TXN005661,CUST1156,2025-09-18,Renewal,Enterprise,149
TXN005662,CUST1156,2025-10-18,Renewal,Enterprise,149
TXN005663,CUST1156,2025-11-18,Renewal,Enterprise,149
TXN005664,CUST1156,2025-12-18,Renewal,Enterprise,149
TXN005665,CUST1156,2026-01-18,Renewal,Enterprise,149
TXN005666,CUST1156,2026-02-18,Renewal,Enterprise,149
TXN005667,CUST1156,2026-03-18,Renewal,Enterprise,149
TXN005668,CUST1156,2026-04-18,Renewal,Enterprise,149
TXN005669,CUST1156,2026-05-18,Renewal,Enterprise,149
TXN005670,CUST1156,2026-06-18,Renewal,Enterprise,149
TXN005671,CUST1156,2026-07-18,Renewal,Enterprise,149
TXN005672,CUST1146,2023-02-24,New Subscription,Pro,59
TXN005673,CUST1146,2023-03-24,Cancellation,Pro,0
TXN005674,CUST1202,2023-02-25,New Subscription,Basic,29
TXN005675,CUST1202,2023-03-25,Renewal,Basic,29
TXN005676,CUST1202,2023-04-25,Renewal,Basic,29
TXN005677,CUST1202,2023-05-25,Cancellation,Basic,0
TXN005678,CUST1197,2023-03-03,New Subscription,Basic,29
TXN005679,CUST1197,2023-04-03,Renewal,Basic,29
TXN005680,CUST1197,2023-05-03,Renewal,Basic,29
TXN005681,CUST1197,2023-06-03,Renewal,Basic,29
TXN005682,CUST1197,2023-07-03,Renewal,Basic,29
TXN005683,CUST1197,2023-08-03,Cancellation,Basic,0
TXN005684,CUST1180,2023-03-10,New Subscription,Basic,29
TXN005685,CUST1180,2023-04-10,Renewal,Basic,29
TXN005686,CUST1180,2023-05-10,Renewal,Basic,29
TXN005687,CUST1180,2023-06-10,Renewal,Basic,29
TXN005688,CUST1180,2023-07-10,Renewal,Basic,29
TXN005689,CUST1180,2023-08-10,Renewal,Basic,29
TXN005690,CUST1180,2023-09-10,Renewal,Basic,29
TXN005691,CUST1180,2023-10-10,Renewal,Basic,29
TXN005692,CUST1180,2023-11-10,Renewal,Basic,29
TXN005693,CUST1180,2023-12-10,Renewal,Basic,29
TXN005694,CUST1180,2024-01-10,Renewal,Basic,29
TXN005695,CUST1180,2024-02-10,Cancellation,Basic,0
TXN005696,CUST1194,2023-03-16,New Subscription,Enterprise,149
TXN005697,CUST1194,2023-04-16,Renewal,Enterprise,149
TXN005698,CUST1194,2023-05-16,Renewal,Enterprise,149
TXN005699,CUST1194,2023-06-16,Renewal,Enterprise,149
TXN005700,CUST1194,2023-07-16,Renewal,Enterprise,149
TXN005701,CUST1194,2023-08-16,Renewal,Enterprise,149
TXN005702,CUST1194,2023-09-16,Renewal,Enterprise,149
TXN005703,CUST1194,2023-10-16,Renewal,Enterprise,149
TXN005704,CUST1194,2023-11-16,Renewal,Enterprise,149
TXN005705,CUST1194,2023-12-16,Renewal,Enterprise,149
TXN005706,CUST1194,2024-01-16,Renewal,Enterprise,149
TXN005707,CUST1194,2024-02-16,Renewal,Enterprise,149
TXN005708,CUST1194,2024-03-16,Renewal,Enterprise,149
TXN005709,CUST1194,2024-04-16,Renewal,Enterprise,149
TXN005710,CUST1194,2024-05-16,Renewal,Enterprise,149
TXN005711,CUST1194,2024-06-16,Renewal,Enterprise,149
TXN005712,CUST1194,2024-07-16,Renewal,Enterprise,149
TXN005713,CUST1194,2024-08-16,Renewal,Enterprise,149
TXN005714,CUST1194,2024-09-16,Renewal,Enterprise,149
TXN005715,CUST1194,2024-10-16,Downgrade,Pro,59
TXN005716,CUST1194,2024-11-16,Renewal,Pro,59
TXN005717,CUST1194,2024-12-16,Renewal,Pro,59
TXN005718,CUST1194,2025-01-16,Renewal,Pro,59
TXN005719,CUST1194,2025-02-16,Renewal,Pro,59
TXN005720,CUST1194,2025-03-16,Renewal,Pro,59
TXN005721,CUST1194,2025-04-16,Renewal,Pro,59
TXN005722,CUST1194,2025-05-16,Renewal,Pro,59
TXN005723,CUST1194,2025-06-16,Renewal,Pro,59
TXN005724,CUST1194,2025-07-16,Renewal,Pro,59
TXN005725,CUST1194,2025-08-16,Renewal,Pro,59
TXN005726,CUST1194,2025-09-16,Renewal,Pro,59
TXN005727,CUST1194,2025-10-16,Renewal,Pro,59
TXN005728,CUST1194,2025-11-16,Renewal,Pro,59
TXN005729,CUST1194,2025-12-16,Renewal,Pro,59
TXN005730,CUST1194,2026-01-16,Renewal,Pro,59
TXN005731,CUST1194,2026-02-16,Renewal,Pro,59
TXN005732,CUST1194,2026-03-16,Renewal,Pro,59
TXN005733,CUST1194,2026-04-16,Renewal,Pro,59
TXN005734,CUST1194,2026-05-16,Renewal,Pro,59
TXN005735,CUST1194,2026-06-16,Renewal,Pro,59
TXN005736,CUST1194,2026-07-16,Upgrade,Enterprise,149
TXN005737,CUST1194,2026-08-16,Renewal,Enterprise,149
TXN005738,CUST1155,2023-03-26,New Subscription,Enterprise,149
TXN005739,CUST1155,2023-04-26,Renewal,Enterprise,149
TXN005740,CUST1155,2023-05-26,Renewal,Enterprise,149
TXN005741,CUST1155,2023-06-26,Renewal,Enterprise,149
TXN005742,CUST1155,2023-07-26,Renewal,Enterprise,149
TXN005743,CUST1155,2023-08-26,Renewal,Enterprise,149
TXN005744,CUST1155,2023-09-26,Renewal,Enterprise,149
TXN005745,CUST1155,2023-10-26,Renewal,Enterprise,149
TXN005746,CUST1155,2023-11-26,Renewal,Enterprise,149
TXN005747,CUST1155,2023-12-26,Renewal,Enterprise,149
TXN005748,CUST1155,2024-01-26,Renewal,Enterprise,149
TXN005749,CUST1155,2024-02-26,Renewal,Enterprise,149
TXN005750,CUST1155,2024-03-26,Renewal,Enterprise,149
TXN005751,CUST1155,2024-04-26,Renewal,Enterprise,149
TXN005752,CUST1155,2024-05-26,Renewal,Enterprise,149
TXN005753,CUST1155,2024-06-26,Renewal,Enterprise,149
TXN005754,CUST1155,2024-07-26,Renewal,Enterprise,149
TXN005755,CUST1155,2024-08-26,Renewal,Enterprise,149
TXN005756,CUST1155,2024-09-26,Renewal,Enterprise,149
TXN005757,CUST1155,2024-10-26,Renewal,Enterprise,149
TXN005758,CUST1155,2024-11-26,Renewal,Enterprise,149
TXN005759,CUST1155,2024-12-26,Renewal,Enterprise,149
TXN005760,CUST1155,2025-01-26,Renewal,Enterprise,149
TXN005761,CUST1155,2025-02-26,Renewal,Enterprise,149
TXN005762,CUST1155,2025-03-26,Renewal,Enterprise,149
TXN005763,CUST1155,2025-04-26,Renewal,Enterprise,149
TXN005764,CUST1155,2025-05-26,Renewal,Enterprise,149
TXN005765,CUST1155,2025-06-26,Renewal,Enterprise,149
TXN005766,CUST1155,2025-07-26,Renewal,Enterprise,149
TXN005767,CUST1155,2025-08-26,Renewal,Enterprise,149
TXN005768,CUST1155,2025-09-26,Renewal,Enterprise,149
TXN005769,CUST1155,2025-10-26,Renewal,Enterprise,149
TXN005770,CUST1155,2025-11-26,Renewal,Enterprise,149
TXN005771,CUST1155,2025-12-26,Renewal,Enterprise,149
TXN005772,CUST1155,2026-01-26,Renewal,Enterprise,149
TXN005773,CUST1155,2026-02-26,Renewal,Enterprise,149
TXN005774,CUST1155,2026-03-26,Renewal,Enterprise,149
TXN005775,CUST1155,2026-04-26,Renewal,Enterprise,149
TXN005776,CUST1155,2026-05-26,Renewal,Enterprise,149
TXN005777,CUST1155,2026-06-26,Renewal,Enterprise,149
TXN005778,CUST1155,2026-07-26,Renewal,Enterprise,149
TXN005779,CUST1166,2023-03-26,New Subscription,Pro,59
TXN005780,CUST1166,2023-04-26,Renewal,Pro,59
TXN005781,CUST1166,2023-05-26,Renewal,Pro,59
TXN005782,CUST1166,2023-06-26,Upgrade,Enterprise,149
TXN005783,CUST1166,2023-07-26,Renewal,Enterprise,149
TXN005784,CUST1166,2023-08-26,Renewal,Enterprise,149
TXN005785,CUST1166,2023-09-26,Renewal,Enterprise,149
TXN005786,CUST1166,2023-10-26,Renewal,Enterprise,149
TXN005787,CUST1166,2023-11-26,Renewal,Enterprise,149
TXN005788,CUST1166,2023-12-26,Renewal,Enterprise,149
TXN005789,CUST1166,2024-01-26,Renewal,Enterprise,149
TXN005790,CUST1166,2024-02-26,Renewal,Enterprise,149
TXN005791,CUST1166,2024-03-26,Renewal,Enterprise,149
TXN005792,CUST1166,2024-04-26,Renewal,Enterprise,149
TXN005793,CUST1166,2024-05-26,Renewal,Enterprise,149
TXN005794,CUST1166,2024-06-26,Renewal,Enterprise,149
TXN005795,CUST1166,2024-07-26,Renewal,Enterprise,149
TXN005796,CUST1166,2024-08-26,Renewal,Enterprise,149
TXN005797,CUST1166,2024-09-26,Renewal,Enterprise,149
TXN005798,CUST1166,2024-10-26,Renewal,Enterprise,149
TXN005799,CUST1166,2024-11-26,Renewal,Enterprise,149
TXN005800,CUST1166,2024-12-26,Renewal,Enterprise,149
TXN005801,CUST1166,2025-01-26,Renewal,Enterprise,149
TXN005802,CUST1166,2025-02-26,Renewal,Enterprise,149
TXN005803,CUST1166,2025-03-26,Renewal,Enterprise,149
TXN005804,CUST1166,2025-04-26,Renewal,Enterprise,149
TXN005805,CUST1166,2025-05-26,Renewal,Enterprise,149
TXN005806,CUST1166,2025-06-26,Renewal,Enterprise,149
TXN005807,CUST1166,2025-07-26,Renewal,Enterprise,149
TXN005808,CUST1166,2025-08-26,Renewal,Enterprise,149
TXN005809,CUST1166,2025-09-26,Renewal,Enterprise,149
TXN005810,CUST1166,2025-10-26,Renewal,Enterprise,149
TXN005811,CUST1166,2025-11-26,Renewal,Enterprise,149
TXN005812,CUST1166,2025-12-26,Renewal,Enterprise,149
TXN005813,CUST1166,2026-01-26,Renewal,Enterprise,149
TXN005814,CUST1166,2026-02-26,Cancellation,Enterprise,0
TXN005815,CUST1166,2026-04-26,Reactivation,Enterprise,149
TXN005816,CUST1166,2026-05-26,Renewal,Enterprise,149
TXN005817,CUST1166,2026-06-26,Renewal,Enterprise,149
TXN005818,CUST1166,2026-07-26,Renewal,Enterprise,149
TXN005819,CUST1149,2023-04-10,New Subscription,Basic,29
TXN005820,CUST1149,2023-05-10,Renewal,Basic,29
TXN005821,CUST1149,2023-06-10,Renewal,Basic,29
TXN005822,CUST1149,2023-07-10,Renewal,Basic,29
TXN005823,CUST1149,2023-08-10,Upgrade,Pro,59
TXN005824,CUST1149,2023-09-10,Renewal,Pro,59
TXN005825,CUST1149,2023-10-10,Renewal,Pro,59
TXN005826,CUST1149,2023-11-10,Renewal,Pro,59
TXN005827,CUST1149,2023-12-10,Renewal,Pro,59
TXN005828,CUST1149,2024-01-10,Renewal,Pro,59
TXN005829,CUST1149,2024-02-10,Downgrade,Basic,29
TXN005830,CUST1149,2024-03-10,Renewal,Basic,29
TXN005831,CUST1149,2024-04-10,Cancellation,Basic,0
TXN005832,CUST1149,2024-07-10,Reactivation,Basic,29
TXN005833,CUST1149,2024-08-10,Renewal,Basic,29
TXN005834,CUST1149,2024-09-10,Renewal,Basic,29
TXN005835,CUST1149,2024-10-10,Cancellation,Basic,0
TXN005836,CUST1149,2024-11-10,Reactivation,Basic,29
TXN005837,CUST1149,2024-12-10,Renewal,Basic,29
TXN005838,CUST1149,2025-01-10,Renewal,Basic,29
TXN005839,CUST1149,2025-02-10,Renewal,Basic,29
TXN005840,CUST1149,2025-03-10,Renewal,Basic,29
TXN005841,CUST1149,2025-04-10,Renewal,Basic,29
TXN005842,CUST1149,2025-05-10,Cancellation,Basic,0
TXN005843,CUST1149,2025-06-10,Reactivation,Basic,29
TXN005844,CUST1149,2025-07-10,Renewal,Basic,29
TXN005845,CUST1149,2025-08-10,Renewal,Basic,29
TXN005846,CUST1149,2025-09-10,Renewal,Basic,29
TXN005847,CUST1149,2025-10-10,Renewal,Basic,29
TXN005848,CUST1149,2025-11-10,Renewal,Basic,29
TXN005849,CUST1149,2025-12-10,Renewal,Basic,29
TXN005850,CUST1149,2026-01-10,Renewal,Basic,29
TXN005851,CUST1149,2026-02-10,Renewal,Basic,29
TXN005852,CUST1149,2026-03-10,Renewal,Basic,29
TXN005853,CUST1149,2026-04-10,Renewal,Basic,29
TXN005854,CUST1149,2026-05-10,Renewal,Basic,29
TXN005855,CUST1149,2026-06-10,Renewal,Basic,29
TXN005856,CUST1149,2026-07-10,Renewal,Basic,29
TXN005857,CUST1149,2026-08-10,Renewal,Basic,29
TXN005858,CUST1162,2023-04-10,New Subscription,Basic,29
TXN005859,CUST1162,2023-05-10,Renewal,Basic,29
TXN005860,CUST1162,2023-06-10,Renewal,Basic,29
TXN005861,CUST1162,2023-07-10,Renewal,Basic,29
TXN005862,CUST1162,2023-08-10,Renewal,Basic,29
TXN005863,CUST1162,2023-09-10,Renewal,Basic,29
TXN005864,CUST1162,2023-10-10,Renewal,Basic,29
TXN005865,CUST1162,2023-11-10,Renewal,Basic,29
TXN005866,CUST1162,2023-12-10,Renewal,Basic,29
TXN005867,CUST1162,2024-01-10,Renewal,Basic,29
TXN005868,CUST1162,2024-02-10,Renewal,Basic,29
TXN005869,CUST1162,2024-03-10,Renewal,Basic,29
TXN005870,CUST1162,2024-04-10,Renewal,Basic,29
TXN005871,CUST1162,2024-05-10,Renewal,Basic,29
TXN005872,CUST1162,2024-06-10,Renewal,Basic,29
TXN005873,CUST1162,2024-07-10,Renewal,Basic,29
TXN005874,CUST1162,2024-08-10,Renewal,Basic,29
TXN005875,CUST1162,2024-09-10,Renewal,Basic,29
TXN005876,CUST1162,2024-10-10,Renewal,Basic,29
TXN005877,CUST1162,2024-11-10,Renewal,Basic,29
TXN005878,CUST1162,2024-12-10,Renewal,Basic,29
TXN005879,CUST1162,2025-01-10,Renewal,Basic,29
TXN005880,CUST1162,2025-02-10,Renewal,Basic,29
TXN005881,CUST1162,2025-03-10,Renewal,Basic,29
TXN005882,CUST1162,2025-04-10,Renewal,Basic,29
TXN005883,CUST1162,2025-05-10,Renewal,Basic,29
TXN005884,CUST1162,2025-06-10,Renewal,Basic,29
TXN005885,CUST1162,2025-07-10,Renewal,Basic,29
TXN005886,CUST1162,2025-08-10,Renewal,Basic,29
TXN005887,CUST1162,2025-09-10,Renewal,Basic,29
TXN005888,CUST1162,2025-10-10,Renewal,Basic,29
TXN005889,CUST1162,2025-11-10,Renewal,Basic,29
TXN005890,CUST1162,2025-12-10,Renewal,Basic,29
TXN005891,CUST1162,2026-01-10,Renewal,Basic,29
TXN005892,CUST1162,2026-02-10,Cancellation,Basic,0
TXN005893,CUST1143,2023-04-13,New Subscription,Pro,59
TXN005894,CUST1143,2023-05-13,Renewal,Pro,59
TXN005895,CUST1143,2023-06-13,Renewal,Pro,59
TXN005896,CUST1143,2023-07-13,Renewal,Pro,59
TXN005897,CUST1143,2023-08-13,Renewal,Pro,59
TXN005898,CUST1143,2023-09-13,Renewal,Pro,59
TXN005899,CUST1143,2023-10-13,Upgrade,Enterprise,149
TXN005900,CUST1143,2023-11-13,Renewal,Enterprise,149
TXN005901,CUST1143,2023-12-13,Renewal,Enterprise,149
TXN005902,CUST1143,2024-01-13,Renewal,Enterprise,149
TXN005903,CUST1143,2024-02-13,Renewal,Enterprise,149
TXN005904,CUST1143,2024-03-13,Renewal,Enterprise,149
TXN005905,CUST1143,2024-04-13,Renewal,Enterprise,149
TXN005906,CUST1143,2024-05-13,Renewal,Enterprise,149
TXN005907,CUST1143,2024-06-13,Renewal,Enterprise,149
TXN005908,CUST1143,2024-07-13,Renewal,Enterprise,149
TXN005909,CUST1143,2024-08-13,Renewal,Enterprise,149
TXN005910,CUST1143,2024-09-13,Renewal,Enterprise,149
TXN005911,CUST1143,2024-10-13,Renewal,Enterprise,149
TXN005912,CUST1143,2024-11-13,Renewal,Enterprise,149
TXN005913,CUST1143,2024-12-13,Renewal,Enterprise,149
TXN005914,CUST1143,2025-01-13,Renewal,Enterprise,149
TXN005915,CUST1143,2025-02-13,Renewal,Enterprise,149
TXN005916,CUST1143,2025-03-13,Downgrade,Pro,59
TXN005917,CUST1143,2025-04-13,Renewal,Pro,59
TXN005918,CUST1143,2025-05-13,Renewal,Pro,59
TXN005919,CUST1143,2025-06-13,Renewal,Pro,59
TXN005920,CUST1143,2025-07-13,Renewal,Pro,59
TXN005921,CUST1143,2025-08-13,Renewal,Pro,59
TXN005922,CUST1143,2025-09-13,Renewal,Pro,59
TXN005923,CUST1143,2025-10-13,Downgrade,Basic,29
TXN005924,CUST1143,2025-11-13,Renewal,Basic,29
TXN005925,CUST1143,2025-12-13,Renewal,Basic,29
TXN005926,CUST1143,2026-01-13,Upgrade,Pro,59
TXN005927,CUST1143,2026-02-13,Renewal,Pro,59
TXN005928,CUST1143,2026-03-13,Renewal,Pro,59
TXN005929,CUST1143,2026-04-13,Renewal,Pro,59
TXN005930,CUST1143,2026-05-13,Renewal,Pro,59
TXN005931,CUST1143,2026-06-13,Renewal,Pro,59
TXN005932,CUST1143,2026-07-13,Renewal,Pro,59
TXN005933,CUST1143,2026-08-13,Renewal,Pro,59
TXN005934,CUST1207,2023-04-15,New Subscription,Pro,59
TXN005935,CUST1207,2023-05-15,Renewal,Pro,59
TXN005936,CUST1207,2023-06-15,Renewal,Pro,59
TXN005937,CUST1207,2023-07-15,Renewal,Pro,59
TXN005938,CUST1207,2023-08-15,Renewal,Pro,59
TXN005939,CUST1207,2023-09-15,Renewal,Pro,59
TXN005940,CUST1207,2023-10-15,Cancellation,Pro,0
TXN005941,CUST1191,2023-04-23,New Subscription,Enterprise,149
TXN005942,CUST1191,2023-05-23,Renewal,Enterprise,149
TXN005943,CUST1191,2023-06-23,Renewal,Enterprise,149
TXN005944,CUST1191,2023-07-23,Renewal,Enterprise,149
TXN005945,CUST1191,2023-08-23,Renewal,Enterprise,149
TXN005946,CUST1191,2023-09-23,Renewal,Enterprise,149
TXN005947,CUST1191,2023-10-23,Renewal,Enterprise,149
TXN005948,CUST1191,2023-11-23,Renewal,Enterprise,149
TXN005949,CUST1191,2023-12-23,Renewal,Enterprise,149
TXN005950,CUST1191,2024-01-23,Renewal,Enterprise,149
TXN005951,CUST1191,2024-02-23,Renewal,Enterprise,149
TXN005952,CUST1191,2024-03-23,Renewal,Enterprise,149
TXN005953,CUST1191,2024-04-23,Renewal,Enterprise,149
TXN005954,CUST1191,2024-05-23,Renewal,Enterprise,149
TXN005955,CUST1191,2024-06-23,Renewal,Enterprise,149
TXN005956,CUST1191,2024-07-23,Renewal,Enterprise,149
TXN005957,CUST1191,2024-08-23,Renewal,Enterprise,149
TXN005958,CUST1191,2024-09-23,Renewal,Enterprise,149
TXN005959,CUST1191,2024-10-23,Renewal,Enterprise,149
TXN005960,CUST1191,2024-11-23,Renewal,Enterprise,149
TXN005961,CUST1191,2024-12-23,Renewal,Enterprise,149
TXN005962,CUST1191,2025-01-23,Renewal,Enterprise,149
TXN005963,CUST1191,2025-02-23,Renewal,Enterprise,149
TXN005964,CUST1191,2025-03-23,Renewal,Enterprise,149
TXN005965,CUST1191,2025-04-23,Renewal,Enterprise,149
TXN005966,CUST1191,2025-05-23,Renewal,Enterprise,149
TXN005967,CUST1191,2025-06-23,Renewal,Enterprise,149
TXN005968,CUST1191,2025-07-23,Renewal,Enterprise,149
TXN005969,CUST1191,2025-08-23,Renewal,Enterprise,149
TXN005970,CUST1191,2025-09-23,Renewal,Enterprise,149
TXN005971,CUST1191,2025-10-23,Renewal,Enterprise,149
TXN005972,CUST1191,2025-11-23,Renewal,Enterprise,149
TXN005973,CUST1191,2025-12-23,Renewal,Enterprise,149
TXN005974,CUST1191,2026-01-23,Renewal,Enterprise,149
TXN005975,CUST1191,2026-02-23,Renewal,Enterprise,149
TXN005976,CUST1191,2026-03-23,Renewal,Enterprise,149
TXN005977,CUST1191,2026-04-23,Renewal,Enterprise,149
TXN005978,CUST1191,2026-05-23,Renewal,Enterprise,149
TXN005979,CUST1191,2026-06-23,Renewal,Enterprise,149
TXN005980,CUST1191,2026-07-23,Renewal,Enterprise,149
TXN005981,CUST1157,2023-04-25,New Subscription,Basic,29
TXN005982,CUST1157,2023-05-25,Renewal,Basic,29
TXN005983,CUST1157,2023-06-25,Renewal,Basic,29
TXN005984,CUST1157,2023-07-25,Renewal,Basic,29
TXN005985,CUST1157,2023-08-25,Renewal,Basic,29
TXN005986,CUST1157,2023-09-25,Renewal,Basic,29
TXN005987,CUST1157,2023-10-25,Renewal,Basic,29
TXN005988,CUST1157,2023-11-25,Renewal,Basic,29
TXN005989,CUST1157,2023-12-25,Renewal,Basic,29
TXN005990,CUST1157,2024-01-25,Renewal,Basic,29
TXN005991,CUST1157,2024-02-25,Renewal,Basic,29
TXN005992,CUST1157,2024-03-25,Renewal,Basic,29
TXN005993,CUST1157,2024-04-25,Renewal,Basic,29
TXN005994,CUST1157,2024-05-25,Renewal,Basic,29
TXN005995,CUST1157,2024-06-25,Renewal,Basic,29
TXN005996,CUST1157,2024-07-25,Renewal,Basic,29
TXN005997,CUST1157,2024-08-25,Renewal,Basic,29
TXN005998,CUST1157,2024-09-25,Renewal,Basic,29
TXN005999,CUST1157,2024-10-25,Renewal,Basic,29
TXN006000,CUST1157,2024-11-25,Renewal,Basic,29
TXN006001,CUST1157,2024-12-25,Renewal,Basic,29
TXN006002,CUST1157,2025-01-25,Renewal,Basic,29
TXN006003,CUST1157,2025-02-25,Renewal,Basic,29
TXN006004,CUST1157,2025-03-25,Renewal,Basic,29
TXN006005,CUST1157,2025-04-25,Renewal,Basic,29
TXN006006,CUST1157,2025-05-25,Renewal,Basic,29
TXN006007,CUST1157,2025-06-25,Renewal,Basic,29
TXN006008,CUST1157,2025-07-25,Renewal,Basic,29
TXN006009,CUST1157,2025-08-25,Renewal,Basic,29
TXN006010,CUST1157,2025-09-25,Renewal,Basic,29
TXN006011,CUST1157,2025-10-25,Renewal,Basic,29
TXN006012,CUST1157,2025-11-25,Renewal,Basic,29
TXN006013,CUST1157,2025-12-25,Renewal,Basic,29
TXN006014,CUST1157,2026-01-25,Renewal,Basic,29
TXN006015,CUST1157,2026-02-25,Renewal,Basic,29
TXN006016,CUST1157,2026-03-25,Renewal,Basic,29
TXN006017,CUST1157,2026-04-25,Renewal,Basic,29
TXN006018,CUST1157,2026-05-25,Renewal,Basic,29
TXN006019,CUST1157,2026-06-25,Renewal,Basic,29
TXN006020,CUST1157,2026-07-25,Renewal,Basic,29
TXN006021,CUST1136,2023-05-11,New Subscription,Basic,29
TXN006022,CUST1136,2023-06-11,Renewal,Basic,29
TXN006023,CUST1136,2023-07-11,Renewal,Basic,29
TXN006024,CUST1136,2023-08-11,Renewal,Basic,29
TXN006025,CUST1136,2023-09-11,Renewal,Basic,29
TXN006026,CUST1136,2023-10-11,Renewal,Basic,29
TXN006027,CUST1136,2023-11-11,Renewal,Basic,29
TXN006028,CUST1136,2023-12-11,Renewal,Basic,29
TXN006029,CUST1136,2024-01-11,Renewal,Basic,29
TXN006030,CUST1136,2024-02-11,Renewal,Basic,29
TXN006031,CUST1136,2024-03-11,Renewal,Basic,29
TXN006032,CUST1136,2024-04-11,Renewal,Basic,29
TXN006033,CUST1136,2024-05-11,Renewal,Basic,29
TXN006034,CUST1136,2024-06-11,Renewal,Basic,29
TXN006035,CUST1136,2024-07-11,Renewal,Basic,29
TXN006036,CUST1136,2024-08-11,Renewal,Basic,29
TXN006037,CUST1136,2024-09-11,Renewal,Basic,29
TXN006038,CUST1136,2024-10-11,Cancellation,Basic,0
TXN006039,CUST1204,2023-05-12,New Subscription,Pro,59
TXN006040,CUST1204,2023-06-12,Renewal,Pro,59
TXN006041,CUST1204,2023-07-12,Renewal,Pro,59
TXN006042,CUST1204,2023-08-12,Renewal,Pro,59
TXN006043,CUST1204,2023-09-12,Renewal,Pro,59
TXN006044,CUST1204,2023-10-12,Renewal,Pro,59
TXN006045,CUST1204,2023-11-12,Renewal,Pro,59
TXN006046,CUST1204,2023-12-12,Renewal,Pro,59
TXN006047,CUST1204,2024-01-12,Renewal,Pro,59
TXN006048,CUST1204,2024-02-12,Renewal,Pro,59
TXN006049,CUST1204,2024-03-12,Renewal,Pro,59
TXN006050,CUST1204,2024-04-12,Renewal,Pro,59
TXN006051,CUST1204,2024-05-12,Renewal,Pro,59
TXN006052,CUST1204,2024-06-12,Renewal,Pro,59
TXN006053,CUST1204,2024-07-12,Renewal,Pro,59
TXN006054,CUST1204,2024-08-12,Upgrade,Enterprise,149
TXN006055,CUST1204,2024-09-12,Renewal,Enterprise,149
TXN006056,CUST1204,2024-10-12,Renewal,Enterprise,149
TXN006057,CUST1204,2024-11-12,Renewal,Enterprise,149
TXN006058,CUST1204,2024-12-12,Renewal,Enterprise,149
TXN006059,CUST1204,2025-01-12,Renewal,Enterprise,149
TXN006060,CUST1204,2025-02-12,Renewal,Enterprise,149
TXN006061,CUST1204,2025-03-12,Renewal,Enterprise,149
TXN006062,CUST1204,2025-04-12,Renewal,Enterprise,149
TXN006063,CUST1204,2025-05-12,Renewal,Enterprise,149
TXN006064,CUST1204,2025-06-12,Renewal,Enterprise,149
TXN006065,CUST1204,2025-07-12,Renewal,Enterprise,149
TXN006066,CUST1204,2025-08-12,Renewal,Enterprise,149
TXN006067,CUST1204,2025-09-12,Renewal,Enterprise,149
TXN006068,CUST1204,2025-10-12,Renewal,Enterprise,149
TXN006069,CUST1204,2025-11-12,Renewal,Enterprise,149
TXN006070,CUST1204,2025-12-12,Renewal,Enterprise,149
TXN006071,CUST1204,2026-01-12,Renewal,Enterprise,149
TXN006072,CUST1204,2026-02-12,Renewal,Enterprise,149
TXN006073,CUST1204,2026-03-12,Renewal,Enterprise,149
TXN006074,CUST1204,2026-04-12,Renewal,Enterprise,149
TXN006075,CUST1204,2026-05-12,Renewal,Enterprise,149
TXN006076,CUST1204,2026-06-12,Renewal,Enterprise,149
TXN006077,CUST1204,2026-07-12,Renewal,Enterprise,149
TXN006078,CUST1204,2026-08-12,Renewal,Enterprise,149
TXN006079,CUST1167,2023-05-15,New Subscription,Pro,59
TXN006080,CUST1167,2023-06-15,Renewal,Pro,59
TXN006081,CUST1167,2023-07-15,Renewal,Pro,59
TXN006082,CUST1167,2023-08-15,Renewal,Pro,59
TXN006083,CUST1167,2023-09-15,Renewal,Pro,59
TXN006084,CUST1167,2023-10-15,Renewal,Pro,59
TXN006085,CUST1167,2023-11-15,Renewal,Pro,59
TXN006086,CUST1167,2023-12-15,Renewal,Pro,59
TXN006087,CUST1167,2024-01-15,Renewal,Pro,59
TXN006088,CUST1167,2024-02-15,Renewal,Pro,59
TXN006089,CUST1167,2024-03-15,Renewal,Pro,59
TXN006090,CUST1167,2024-04-15,Renewal,Pro,59
TXN006091,CUST1167,2024-05-15,Renewal,Pro,59
TXN006092,CUST1167,2024-06-15,Renewal,Pro,59
TXN006093,CUST1167,2024-07-15,Renewal,Pro,59
TXN006094,CUST1167,2024-08-15,Renewal,Pro,59
TXN006095,CUST1167,2024-09-15,Renewal,Pro,59
TXN006096,CUST1167,2024-10-15,Renewal,Pro,59
TXN006097,CUST1167,2024-11-15,Renewal,Pro,59
TXN006098,CUST1167,2024-12-15,Renewal,Pro,59
TXN006099,CUST1167,2025-01-15,Renewal,Pro,59
TXN006100,CUST1167,2025-02-15,Renewal,Pro,59
TXN006101,CUST1167,2025-03-15,Renewal,Pro,59
TXN006102,CUST1167,2025-04-15,Renewal,Pro,59
TXN006103,CUST1167,2025-05-15,Renewal,Pro,59
TXN006104,CUST1167,2025-06-15,Renewal,Pro,59
TXN006105,CUST1167,2025-07-15,Renewal,Pro,59
TXN006106,CUST1167,2025-08-15,Renewal,Pro,59
TXN006107,CUST1167,2025-09-15,Renewal,Pro,59
TXN006108,CUST1167,2025-10-15,Renewal,Pro,59
TXN006109,CUST1167,2025-11-15,Renewal,Pro,59
TXN006110,CUST1167,2025-12-15,Renewal,Pro,59
TXN006111,CUST1167,2026-01-15,Renewal,Pro,59
TXN006112,CUST1167,2026-02-15,Renewal,Pro,59
TXN006113,CUST1167,2026-03-15,Renewal,Pro,59
TXN006114,CUST1167,2026-04-15,Renewal,Pro,59
TXN006115,CUST1167,2026-05-15,Renewal,Pro,59
TXN006116,CUST1167,2026-06-15,Renewal,Pro,59
TXN006117,CUST1167,2026-07-15,Renewal,Pro,59
TXN006118,CUST1167,2026-08-15,Renewal,Pro,59
TXN006119,CUST1168,2023-05-17,New Subscription,Pro,59
TXN006120,CUST1168,2023-06-17,Renewal,Pro,59
TXN006121,CUST1168,2023-07-17,Renewal,Pro,59
TXN006122,CUST1168,2023-08-17,Renewal,Pro,59
TXN006123,CUST1168,2023-09-17,Renewal,Pro,59
TXN006124,CUST1168,2023-10-17,Renewal,Pro,59
TXN006125,CUST1168,2023-11-17,Upgrade,Enterprise,149
TXN006126,CUST1168,2023-12-17,Renewal,Enterprise,149
TXN006127,CUST1168,2024-01-17,Downgrade,Pro,59
TXN006128,CUST1168,2024-02-17,Renewal,Pro,59
TXN006129,CUST1168,2024-03-17,Renewal,Pro,59
TXN006130,CUST1168,2024-04-17,Renewal,Pro,59
TXN006131,CUST1168,2024-05-17,Renewal,Pro,59
TXN006132,CUST1168,2024-06-17,Renewal,Pro,59
TXN006133,CUST1168,2024-07-17,Renewal,Pro,59
TXN006134,CUST1168,2024-08-17,Renewal,Pro,59
TXN006135,CUST1168,2024-09-17,Renewal,Pro,59
TXN006136,CUST1168,2024-10-17,Renewal,Pro,59
TXN006137,CUST1168,2024-11-17,Cancellation,Pro,0
TXN006138,CUST1140,2023-05-18,New Subscription,Basic,29
TXN006139,CUST1140,2023-06-18,Renewal,Basic,29
TXN006140,CUST1140,2023-07-18,Renewal,Basic,29
TXN006141,CUST1140,2023-08-18,Renewal,Basic,29
TXN006142,CUST1140,2023-09-18,Renewal,Basic,29
TXN006143,CUST1140,2023-10-18,Renewal,Basic,29
TXN006144,CUST1140,2023-11-18,Renewal,Basic,29
TXN006145,CUST1140,2023-12-18,Renewal,Basic,29
TXN006146,CUST1140,2024-01-18,Renewal,Basic,29
TXN006147,CUST1140,2024-02-18,Renewal,Basic,29
TXN006148,CUST1140,2024-03-18,Renewal,Basic,29
TXN006149,CUST1140,2024-04-18,Renewal,Basic,29
TXN006150,CUST1140,2024-05-18,Renewal,Basic,29
TXN006151,CUST1140,2024-06-18,Renewal,Basic,29
TXN006152,CUST1140,2024-07-18,Renewal,Basic,29
TXN006153,CUST1140,2024-08-18,Renewal,Basic,29
TXN006154,CUST1140,2024-09-18,Renewal,Basic,29
TXN006155,CUST1140,2024-10-18,Renewal,Basic,29
TXN006156,CUST1140,2024-11-18,Renewal,Basic,29
TXN006157,CUST1140,2024-12-18,Renewal,Basic,29
TXN006158,CUST1140,2025-01-18,Renewal,Basic,29
TXN006159,CUST1140,2025-02-18,Renewal,Basic,29
TXN006160,CUST1140,2025-03-18,Renewal,Basic,29
TXN006161,CUST1140,2025-04-18,Renewal,Basic,29
TXN006162,CUST1140,2025-05-18,Renewal,Basic,29
TXN006163,CUST1140,2025-06-18,Renewal,Basic,29
TXN006164,CUST1140,2025-07-18,Renewal,Basic,29
TXN006165,CUST1140,2025-08-18,Renewal,Basic,29
TXN006166,CUST1140,2025-09-18,Renewal,Basic,29
TXN006167,CUST1140,2025-10-18,Renewal,Basic,29
TXN006168,CUST1140,2025-11-18,Renewal,Basic,29
TXN006169,CUST1140,2025-12-18,Renewal,Basic,29
TXN006170,CUST1140,2026-01-18,Renewal,Basic,29
TXN006171,CUST1140,2026-02-18,Renewal,Basic,29
TXN006172,CUST1140,2026-03-18,Renewal,Basic,29
TXN006173,CUST1140,2026-04-18,Renewal,Basic,29
TXN006174,CUST1140,2026-05-18,Renewal,Basic,29
TXN006175,CUST1140,2026-06-18,Renewal,Basic,29
TXN006176,CUST1140,2026-07-18,Upgrade,Pro,59
TXN006177,CUST1188,2023-05-24,New Subscription,Enterprise,149
TXN006178,CUST1188,2023-06-24,Renewal,Enterprise,149
TXN006179,CUST1188,2023-07-24,Renewal,Enterprise,149
TXN006180,CUST1188,2023-08-24,Renewal,Enterprise,149
TXN006181,CUST1188,2023-09-24,Renewal,Enterprise,149
TXN006182,CUST1188,2023-10-24,Renewal,Enterprise,149
TXN006183,CUST1188,2023-11-24,Renewal,Enterprise,149
TXN006184,CUST1188,2023-12-24,Renewal,Enterprise,149
TXN006185,CUST1188,2024-01-24,Renewal,Enterprise,149
TXN006186,CUST1188,2024-02-24,Renewal,Enterprise,149
TXN006187,CUST1188,2024-03-24,Renewal,Enterprise,149
TXN006188,CUST1188,2024-04-24,Renewal,Enterprise,149
TXN006189,CUST1188,2024-05-24,Renewal,Enterprise,149
TXN006190,CUST1188,2024-06-24,Renewal,Enterprise,149
TXN006191,CUST1188,2024-07-24,Renewal,Enterprise,149
TXN006192,CUST1188,2024-08-24,Renewal,Enterprise,149
TXN006193,CUST1188,2024-09-24,Renewal,Enterprise,149
TXN006194,CUST1188,2024-10-24,Renewal,Enterprise,149
TXN006195,CUST1188,2024-11-24,Renewal,Enterprise,149
TXN006196,CUST1188,2024-12-24,Renewal,Enterprise,149
TXN006197,CUST1188,2025-01-24,Cancellation,Enterprise,0
TXN006198,CUST1188,2025-09-24,Reactivation,Enterprise,149
TXN006199,CUST1188,2025-10-24,Renewal,Enterprise,149
TXN006200,CUST1188,2025-11-24,Renewal,Enterprise,149
TXN006201,CUST1188,2025-12-24,Renewal,Enterprise,149
TXN006202,CUST1188,2026-01-24,Renewal,Enterprise,149
TXN006203,CUST1188,2026-02-24,Renewal,Enterprise,149
TXN006204,CUST1188,2026-03-24,Renewal,Enterprise,149
TXN006205,CUST1188,2026-04-24,Renewal,Enterprise,149
TXN006206,CUST1188,2026-05-24,Renewal,Enterprise,149
TXN006207,CUST1188,2026-06-24,Renewal,Enterprise,149
TXN006208,CUST1188,2026-07-24,Renewal,Enterprise,149
TXN006209,CUST1138,2023-06-01,New Subscription,Basic,29
TXN006210,CUST1138,2023-07-01,Renewal,Basic,29
TXN006211,CUST1138,2023-08-01,Renewal,Basic,29
TXN006212,CUST1138,2023-09-01,Renewal,Basic,29
TXN006213,CUST1138,2023-10-01,Renewal,Basic,29
TXN006214,CUST1138,2023-11-01,Cancellation,Basic,0
TXN006215,CUST1145,2023-06-12,New Subscription,Basic,29
TXN006216,CUST1145,2023-07-12,Renewal,Basic,29
TXN006217,CUST1145,2023-08-12,Renewal,Basic,29
TXN006218,CUST1145,2023-09-12,Renewal,Basic,29
TXN006219,CUST1145,2023-10-12,Renewal,Basic,29
TXN006220,CUST1145,2023-11-12,Renewal,Basic,29
TXN006221,CUST1145,2023-12-12,Renewal,Basic,29
TXN006222,CUST1145,2024-01-12,Renewal,Basic,29
TXN006223,CUST1145,2024-02-12,Renewal,Basic,29
TXN006224,CUST1145,2024-03-12,Renewal,Basic,29
TXN006225,CUST1145,2024-04-12,Renewal,Basic,29
TXN006226,CUST1145,2024-05-12,Renewal,Basic,29
TXN006227,CUST1145,2024-06-12,Renewal,Basic,29
TXN006228,CUST1145,2024-07-12,Renewal,Basic,29
TXN006229,CUST1145,2024-08-12,Renewal,Basic,29
TXN006230,CUST1145,2024-09-12,Renewal,Basic,29
TXN006231,CUST1145,2024-10-12,Renewal,Basic,29
TXN006232,CUST1145,2024-11-12,Renewal,Basic,29
TXN006233,CUST1145,2024-12-12,Renewal,Basic,29
TXN006234,CUST1145,2025-01-12,Renewal,Basic,29
TXN006235,CUST1145,2025-02-12,Renewal,Basic,29
TXN006236,CUST1145,2025-03-12,Renewal,Basic,29
TXN006237,CUST1145,2025-04-12,Renewal,Basic,29
TXN006238,CUST1145,2025-05-12,Renewal,Basic,29
TXN006239,CUST1145,2025-06-12,Renewal,Basic,29
TXN006240,CUST1145,2025-07-12,Renewal,Basic,29
TXN006241,CUST1145,2025-08-12,Renewal,Basic,29
TXN006242,CUST1145,2025-09-12,Renewal,Basic,29
TXN006243,CUST1145,2025-10-12,Renewal,Basic,29
TXN006244,CUST1145,2025-11-12,Renewal,Basic,29
TXN006245,CUST1145,2025-12-12,Renewal,Basic,29
TXN006246,CUST1145,2026-01-12,Renewal,Basic,29
TXN006247,CUST1145,2026-02-12,Renewal,Basic,29
TXN006248,CUST1145,2026-03-12,Renewal,Basic,29
TXN006249,CUST1145,2026-04-12,Renewal,Basic,29
TXN006250,CUST1145,2026-05-12,Renewal,Basic,29
TXN006251,CUST1145,2026-06-12,Renewal,Basic,29
TXN006252,CUST1145,2026-07-12,Renewal,Basic,29
TXN006253,CUST1145,2026-08-12,Upgrade,Pro,59
TXN006254,CUST1174,2023-06-14,New Subscription,Enterprise,149
TXN006255,CUST1174,2023-07-14,Renewal,Enterprise,149
TXN006256,CUST1174,2023-08-14,Renewal,Enterprise,149
TXN006257,CUST1174,2023-09-14,Renewal,Enterprise,149
TXN006258,CUST1174,2023-10-14,Renewal,Enterprise,149
TXN006259,CUST1174,2023-11-14,Renewal,Enterprise,149
TXN006260,CUST1174,2023-12-14,Renewal,Enterprise,149
TXN006261,CUST1174,2024-01-14,Renewal,Enterprise,149
TXN006262,CUST1174,2024-02-14,Renewal,Enterprise,149
TXN006263,CUST1174,2024-03-14,Renewal,Enterprise,149
TXN006264,CUST1174,2024-04-14,Renewal,Enterprise,149
TXN006265,CUST1174,2024-05-14,Renewal,Enterprise,149
TXN006266,CUST1174,2024-06-14,Renewal,Enterprise,149
TXN006267,CUST1174,2024-07-14,Renewal,Enterprise,149
TXN006268,CUST1174,2024-08-14,Renewal,Enterprise,149
TXN006269,CUST1174,2024-09-14,Renewal,Enterprise,149
TXN006270,CUST1174,2024-10-14,Renewal,Enterprise,149
TXN006271,CUST1174,2024-11-14,Renewal,Enterprise,149
TXN006272,CUST1174,2024-12-14,Downgrade,Pro,59
TXN006273,CUST1174,2025-01-14,Renewal,Pro,59
TXN006274,CUST1174,2025-02-14,Renewal,Pro,59
TXN006275,CUST1174,2025-03-14,Renewal,Pro,59
TXN006276,CUST1174,2025-04-14,Renewal,Pro,59
TXN006277,CUST1174,2025-05-14,Renewal,Pro,59
TXN006278,CUST1174,2025-06-14,Renewal,Pro,59
TXN006279,CUST1174,2025-07-14,Renewal,Pro,59
TXN006280,CUST1174,2025-08-14,Renewal,Pro,59
TXN006281,CUST1174,2025-09-14,Renewal,Pro,59
TXN006282,CUST1174,2025-10-14,Renewal,Pro,59
TXN006283,CUST1174,2025-11-14,Renewal,Pro,59
TXN006284,CUST1174,2025-12-14,Renewal,Pro,59
TXN006285,CUST1174,2026-01-14,Renewal,Pro,59
TXN006286,CUST1174,2026-02-14,Renewal,Pro,59
TXN006287,CUST1174,2026-03-14,Renewal,Pro,59
TXN006288,CUST1174,2026-04-14,Renewal,Pro,59
TXN006289,CUST1174,2026-05-14,Renewal,Pro,59
TXN006290,CUST1174,2026-06-14,Renewal,Pro,59
TXN006291,CUST1174,2026-07-14,Renewal,Pro,59
TXN006292,CUST1174,2026-08-14,Renewal,Pro,59
TXN006293,CUST1175,2023-06-14,New Subscription,Enterprise,149
TXN006294,CUST1175,2023-07-14,Renewal,Enterprise,149
TXN006295,CUST1175,2023-08-14,Renewal,Enterprise,149
TXN006296,CUST1175,2023-09-14,Renewal,Enterprise,149
TXN006297,CUST1175,2023-10-14,Renewal,Enterprise,149
TXN006298,CUST1175,2023-11-14,Renewal,Enterprise,149
TXN006299,CUST1175,2023-12-14,Renewal,Enterprise,149
TXN006300,CUST1175,2024-01-14,Renewal,Enterprise,149
TXN006301,CUST1175,2024-02-14,Cancellation,Enterprise,0
TXN006302,CUST1209,2023-06-19,New Subscription,Pro,59
TXN006303,CUST1209,2023-07-19,Renewal,Pro,59
TXN006304,CUST1209,2023-08-19,Renewal,Pro,59
TXN006305,CUST1209,2023-09-19,Renewal,Pro,59
TXN006306,CUST1209,2023-10-19,Renewal,Pro,59
TXN006307,CUST1209,2023-11-19,Renewal,Pro,59
TXN006308,CUST1209,2023-12-19,Renewal,Pro,59
TXN006309,CUST1209,2024-01-19,Renewal,Pro,59
TXN006310,CUST1209,2024-02-19,Renewal,Pro,59
TXN006311,CUST1209,2024-03-19,Renewal,Pro,59
TXN006312,CUST1209,2024-04-19,Renewal,Pro,59
TXN006313,CUST1209,2024-05-19,Renewal,Pro,59
TXN006314,CUST1209,2024-06-19,Renewal,Pro,59
TXN006315,CUST1209,2024-07-19,Renewal,Pro,59
TXN006316,CUST1209,2024-08-19,Renewal,Pro,59
TXN006317,CUST1209,2024-09-19,Renewal,Pro,59
TXN006318,CUST1209,2024-10-19,Renewal,Pro,59
TXN006319,CUST1209,2024-11-19,Renewal,Pro,59
TXN006320,CUST1209,2024-12-19,Renewal,Pro,59
TXN006321,CUST1209,2025-01-19,Renewal,Pro,59
TXN006322,CUST1209,2025-02-19,Renewal,Pro,59
TXN006323,CUST1209,2025-03-19,Renewal,Pro,59
TXN006324,CUST1209,2025-04-19,Renewal,Pro,59
TXN006325,CUST1209,2025-05-19,Upgrade,Enterprise,149
TXN006326,CUST1209,2025-06-19,Renewal,Enterprise,149
TXN006327,CUST1209,2025-07-19,Renewal,Enterprise,149
TXN006328,CUST1209,2025-08-19,Cancellation,Enterprise,0
TXN006329,CUST1209,2025-10-19,Reactivation,Enterprise,149
TXN006330,CUST1209,2025-11-19,Renewal,Enterprise,149
TXN006331,CUST1209,2025-12-19,Renewal,Enterprise,149
TXN006332,CUST1209,2026-01-19,Renewal,Enterprise,149
TXN006333,CUST1209,2026-02-19,Renewal,Enterprise,149
TXN006334,CUST1209,2026-03-19,Renewal,Enterprise,149
TXN006335,CUST1209,2026-04-19,Renewal,Enterprise,149
TXN006336,CUST1209,2026-05-19,Renewal,Enterprise,149
TXN006337,CUST1209,2026-06-19,Renewal,Enterprise,149
TXN006338,CUST1209,2026-07-19,Renewal,Enterprise,149
TXN006339,CUST1139,2023-06-26,New Subscription,Pro,59
TXN006340,CUST1139,2023-07-26,Renewal,Pro,59
TXN006341,CUST1139,2023-08-26,Renewal,Pro,59
TXN006342,CUST1139,2023-09-26,Renewal,Pro,59
TXN006343,CUST1139,2023-10-26,Renewal,Pro,59
TXN006344,CUST1139,2023-11-26,Renewal,Pro,59
TXN006345,CUST1139,2023-12-26,Renewal,Pro,59
TXN006346,CUST1139,2024-01-26,Renewal,Pro,59
TXN006347,CUST1139,2024-02-26,Renewal,Pro,59
TXN006348,CUST1139,2024-03-26,Renewal,Pro,59
TXN006349,CUST1139,2024-04-26,Renewal,Pro,59
TXN006350,CUST1139,2024-05-26,Renewal,Pro,59
TXN006351,CUST1139,2024-06-26,Renewal,Pro,59
TXN006352,CUST1139,2024-07-26,Renewal,Pro,59
TXN006353,CUST1139,2024-08-26,Upgrade,Enterprise,149
TXN006354,CUST1139,2024-09-26,Renewal,Enterprise,149
TXN006355,CUST1139,2024-10-26,Renewal,Enterprise,149
TXN006356,CUST1139,2024-11-26,Renewal,Enterprise,149
TXN006357,CUST1139,2024-12-26,Renewal,Enterprise,149
TXN006358,CUST1139,2025-01-26,Renewal,Enterprise,149
TXN006359,CUST1139,2025-02-26,Renewal,Enterprise,149
TXN006360,CUST1139,2025-03-26,Renewal,Enterprise,149
TXN006361,CUST1139,2025-04-26,Renewal,Enterprise,149
TXN006362,CUST1139,2025-05-26,Renewal,Enterprise,149
TXN006363,CUST1139,2025-06-26,Renewal,Enterprise,149
TXN006364,CUST1139,2025-07-26,Renewal,Enterprise,149
TXN006365,CUST1139,2025-08-26,Renewal,Enterprise,149
TXN006366,CUST1139,2025-09-26,Renewal,Enterprise,149
TXN006367,CUST1139,2025-10-26,Renewal,Enterprise,149
TXN006368,CUST1139,2025-11-26,Renewal,Enterprise,149
TXN006369,CUST1139,2025-12-26,Renewal,Enterprise,149
TXN006370,CUST1139,2026-01-26,Renewal,Enterprise,149
TXN006371,CUST1139,2026-02-26,Renewal,Enterprise,149
TXN006372,CUST1139,2026-03-26,Renewal,Enterprise,149
TXN006373,CUST1139,2026-04-26,Renewal,Enterprise,149
TXN006374,CUST1139,2026-05-26,Renewal,Enterprise,149
TXN006375,CUST1139,2026-06-26,Renewal,Enterprise,149
TXN006376,CUST1139,2026-07-26,Renewal,Enterprise,149
TXN006377,CUST1195,2023-06-28,New Subscription,Basic,29
TXN006378,CUST1195,2023-07-28,Renewal,Basic,29
TXN006379,CUST1195,2023-08-28,Renewal,Basic,29
TXN006380,CUST1195,2023-09-28,Renewal,Basic,29
TXN006381,CUST1195,2023-10-28,Renewal,Basic,29
TXN006382,CUST1195,2023-11-28,Renewal,Basic,29
TXN006383,CUST1195,2023-12-28,Cancellation,Basic,0
TXN006384,CUST1192,2023-07-02,New Subscription,Enterprise,149
TXN006385,CUST1192,2023-08-02,Renewal,Enterprise,149
TXN006386,CUST1192,2023-09-02,Renewal,Enterprise,149
TXN006387,CUST1192,2023-10-02,Renewal,Enterprise,149
TXN006388,CUST1192,2023-11-02,Renewal,Enterprise,149
TXN006389,CUST1192,2023-12-02,Renewal,Enterprise,149
TXN006390,CUST1192,2024-01-02,Renewal,Enterprise,149
TXN006391,CUST1192,2024-02-02,Renewal,Enterprise,149
TXN006392,CUST1192,2024-03-02,Renewal,Enterprise,149
TXN006393,CUST1192,2024-04-02,Renewal,Enterprise,149
TXN006394,CUST1192,2024-05-02,Renewal,Enterprise,149
TXN006395,CUST1192,2024-06-02,Renewal,Enterprise,149
TXN006396,CUST1192,2024-07-02,Renewal,Enterprise,149
TXN006397,CUST1192,2024-08-02,Renewal,Enterprise,149
TXN006398,CUST1192,2024-09-02,Renewal,Enterprise,149
TXN006399,CUST1192,2024-10-02,Renewal,Enterprise,149
TXN006400,CUST1192,2024-11-02,Renewal,Enterprise,149
TXN006401,CUST1192,2024-12-02,Renewal,Enterprise,149
TXN006402,CUST1192,2025-01-02,Renewal,Enterprise,149
TXN006403,CUST1192,2025-02-02,Renewal,Enterprise,149
TXN006404,CUST1192,2025-03-02,Downgrade,Pro,59
TXN006405,CUST1192,2025-04-02,Renewal,Pro,59
TXN006406,CUST1192,2025-05-02,Renewal,Pro,59
TXN006407,CUST1192,2025-06-02,Renewal,Pro,59
TXN006408,CUST1192,2025-07-02,Renewal,Pro,59
TXN006409,CUST1192,2025-08-02,Renewal,Pro,59
TXN006410,CUST1192,2025-09-02,Renewal,Pro,59
TXN006411,CUST1192,2025-10-02,Renewal,Pro,59
TXN006412,CUST1192,2025-11-02,Renewal,Pro,59
TXN006413,CUST1192,2025-12-02,Renewal,Pro,59
TXN006414,CUST1192,2026-01-02,Renewal,Pro,59
TXN006415,CUST1192,2026-02-02,Renewal,Pro,59
TXN006416,CUST1192,2026-03-02,Renewal,Pro,59
TXN006417,CUST1192,2026-04-02,Renewal,Pro,59
TXN006418,CUST1192,2026-05-02,Renewal,Pro,59
TXN006419,CUST1192,2026-06-02,Renewal,Pro,59
TXN006420,CUST1192,2026-07-02,Renewal,Pro,59
TXN006421,CUST1192,2026-08-02,Renewal,Pro,59
TXN006422,CUST1187,2023-07-11,New Subscription,Pro,59
TXN006423,CUST1187,2023-08-11,Renewal,Pro,59
TXN006424,CUST1187,2023-09-11,Renewal,Pro,59
TXN006425,CUST1187,2023-10-11,Renewal,Pro,59
TXN006426,CUST1187,2023-11-11,Renewal,Pro,59
TXN006427,CUST1187,2023-12-11,Renewal,Pro,59
TXN006428,CUST1187,2024-01-11,Renewal,Pro,59
TXN006429,CUST1187,2024-02-11,Renewal,Pro,59
TXN006430,CUST1187,2024-03-11,Renewal,Pro,59
TXN006431,CUST1187,2024-04-11,Renewal,Pro,59
TXN006432,CUST1187,2024-05-11,Upgrade,Enterprise,149
TXN006433,CUST1187,2024-06-11,Renewal,Enterprise,149
TXN006434,CUST1187,2024-07-11,Renewal,Enterprise,149
TXN006435,CUST1187,2024-08-11,Renewal,Enterprise,149
TXN006436,CUST1187,2024-09-11,Downgrade,Pro,59
TXN006437,CUST1187,2024-10-11,Renewal,Pro,59
TXN006438,CUST1187,2024-11-11,Renewal,Pro,59
TXN006439,CUST1187,2024-12-11,Renewal,Pro,59
TXN006440,CUST1187,2025-01-11,Renewal,Pro,59
TXN006441,CUST1187,2025-02-11,Renewal,Pro,59
TXN006442,CUST1187,2025-03-11,Renewal,Pro,59
TXN006443,CUST1187,2025-04-11,Renewal,Pro,59
TXN006444,CUST1187,2025-05-11,Renewal,Pro,59
TXN006445,CUST1187,2025-06-11,Renewal,Pro,59
TXN006446,CUST1187,2025-07-11,Renewal,Pro,59
TXN006447,CUST1187,2025-08-11,Renewal,Pro,59
TXN006448,CUST1187,2025-09-11,Renewal,Pro,59
TXN006449,CUST1187,2025-10-11,Renewal,Pro,59
TXN006450,CUST1187,2025-11-11,Renewal,Pro,59
TXN006451,CUST1187,2025-12-11,Renewal,Pro,59
TXN006452,CUST1187,2026-01-11,Renewal,Pro,59
TXN006453,CUST1187,2026-02-11,Renewal,Pro,59
TXN006454,CUST1187,2026-03-11,Renewal,Pro,59
TXN006455,CUST1187,2026-04-11,Renewal,Pro,59
TXN006456,CUST1187,2026-05-11,Renewal,Pro,59
TXN006457,CUST1187,2026-06-11,Renewal,Pro,59
TXN006458,CUST1187,2026-07-11,Renewal,Pro,59
TXN006459,CUST1187,2026-08-11,Renewal,Pro,59
TXN006460,CUST1193,2023-07-13,New Subscription,Pro,59
TXN006461,CUST1193,2023-08-13,Renewal,Pro,59
TXN006462,CUST1193,2023-09-13,Renewal,Pro,59
TXN006463,CUST1193,2023-10-13,Renewal,Pro,59
TXN006464,CUST1193,2023-11-13,Renewal,Pro,59
TXN006465,CUST1193,2023-12-13,Renewal,Pro,59
TXN006466,CUST1193,2024-01-13,Renewal,Pro,59
TXN006467,CUST1193,2024-02-13,Renewal,Pro,59
TXN006468,CUST1193,2024-03-13,Renewal,Pro,59
TXN006469,CUST1193,2024-04-13,Renewal,Pro,59
TXN006470,CUST1193,2024-05-13,Renewal,Pro,59
TXN006471,CUST1193,2024-06-13,Renewal,Pro,59
TXN006472,CUST1193,2024-07-13,Renewal,Pro,59
TXN006473,CUST1193,2024-08-13,Renewal,Pro,59
TXN006474,CUST1193,2024-09-13,Renewal,Pro,59
TXN006475,CUST1193,2024-10-13,Renewal,Pro,59
TXN006476,CUST1193,2024-11-13,Renewal,Pro,59
TXN006477,CUST1193,2024-12-13,Renewal,Pro,59
TXN006478,CUST1193,2025-01-13,Renewal,Pro,59
TXN006479,CUST1193,2025-02-13,Renewal,Pro,59
TXN006480,CUST1193,2025-03-13,Renewal,Pro,59
TXN006481,CUST1193,2025-04-13,Renewal,Pro,59
TXN006482,CUST1193,2025-05-13,Renewal,Pro,59
TXN006483,CUST1193,2025-06-13,Renewal,Pro,59
TXN006484,CUST1193,2025-07-13,Renewal,Pro,59
TXN006485,CUST1193,2025-08-13,Renewal,Pro,59
TXN006486,CUST1193,2025-09-13,Renewal,Pro,59
TXN006487,CUST1193,2025-10-13,Renewal,Pro,59
TXN006488,CUST1193,2025-11-13,Renewal,Pro,59
TXN006489,CUST1193,2025-12-13,Renewal,Pro,59
TXN006490,CUST1193,2026-01-13,Renewal,Pro,59
TXN006491,CUST1193,2026-02-13,Renewal,Pro,59
TXN006492,CUST1193,2026-03-13,Renewal,Pro,59
TXN006493,CUST1193,2026-04-13,Renewal,Pro,59
TXN006494,CUST1193,2026-05-13,Renewal,Pro,59
TXN006495,CUST1193,2026-06-13,Renewal,Pro,59
TXN006496,CUST1193,2026-07-13,Renewal,Pro,59
TXN006497,CUST1193,2026-08-13,Renewal,Pro,59
TXN006498,CUST1154,2023-07-16,New Subscription,Basic,29
TXN006499,CUST1154,2023-08-16,Cancellation,Basic,0
TXN006500,CUST1206,2023-07-20,New Subscription,Pro,59
TXN006501,CUST1206,2023-08-20,Renewal,Pro,59
TXN006502,CUST1206,2023-09-20,Renewal,Pro,59
TXN006503,CUST1206,2023-10-20,Cancellation,Pro,0
TXN006504,CUST1169,2023-07-24,New Subscription,Basic,29
TXN006505,CUST1169,2023-08-24,Renewal,Basic,29
TXN006506,CUST1169,2023-09-24,Renewal,Basic,29
TXN006507,CUST1169,2023-10-24,Renewal,Basic,29
TXN006508,CUST1169,2023-11-24,Renewal,Basic,29
TXN006509,CUST1169,2023-12-24,Renewal,Basic,29
TXN006510,CUST1169,2024-01-24,Renewal,Basic,29
TXN006511,CUST1169,2024-02-24,Renewal,Basic,29
TXN006512,CUST1169,2024-03-24,Renewal,Basic,29
TXN006513,CUST1169,2024-04-24,Renewal,Basic,29
TXN006514,CUST1169,2024-05-24,Renewal,Basic,29
TXN006515,CUST1169,2024-06-24,Renewal,Basic,29
TXN006516,CUST1169,2024-07-24,Renewal,Basic,29
TXN006517,CUST1169,2024-08-24,Renewal,Basic,29
TXN006518,CUST1169,2024-09-24,Renewal,Basic,29
TXN006519,CUST1169,2024-10-24,Renewal,Basic,29
TXN006520,CUST1169,2024-11-24,Renewal,Basic,29
TXN006521,CUST1169,2024-12-24,Renewal,Basic,29
TXN006522,CUST1169,2025-01-24,Renewal,Basic,29
TXN006523,CUST1169,2025-02-24,Renewal,Basic,29
TXN006524,CUST1169,2025-03-24,Renewal,Basic,29
TXN006525,CUST1169,2025-04-24,Renewal,Basic,29
TXN006526,CUST1169,2025-05-24,Renewal,Basic,29
TXN006527,CUST1169,2025-06-24,Renewal,Basic,29
TXN006528,CUST1169,2025-07-24,Renewal,Basic,29
TXN006529,CUST1169,2025-08-24,Renewal,Basic,29
TXN006530,CUST1169,2025-09-24,Renewal,Basic,29
TXN006531,CUST1169,2025-10-24,Renewal,Basic,29
TXN006532,CUST1169,2025-11-24,Renewal,Basic,29
TXN006533,CUST1169,2025-12-24,Renewal,Basic,29
TXN006534,CUST1169,2026-01-24,Renewal,Basic,29
TXN006535,CUST1169,2026-02-24,Renewal,Basic,29
TXN006536,CUST1169,2026-03-24,Renewal,Basic,29
TXN006537,CUST1169,2026-04-24,Renewal,Basic,29
TXN006538,CUST1169,2026-05-24,Renewal,Basic,29
TXN006539,CUST1169,2026-06-24,Cancellation,Basic,0
TXN006540,CUST1177,2023-07-28,New Subscription,Pro,59
TXN006541,CUST1177,2023-08-28,Renewal,Pro,59
TXN006542,CUST1177,2023-09-28,Renewal,Pro,59
TXN006543,CUST1177,2023-10-28,Renewal,Pro,59
TXN006544,CUST1177,2023-11-28,Renewal,Pro,59
TXN006545,CUST1177,2023-12-28,Renewal,Pro,59
TXN006546,CUST1177,2024-01-28,Renewal,Pro,59
TXN006547,CUST1177,2024-02-28,Renewal,Pro,59
TXN006548,CUST1177,2024-03-28,Renewal,Pro,59
TXN006549,CUST1177,2024-04-28,Renewal,Pro,59
TXN006550,CUST1177,2024-05-28,Downgrade,Basic,29
TXN006551,CUST1177,2024-06-28,Renewal,Basic,29
TXN006552,CUST1177,2024-07-28,Renewal,Basic,29
TXN006553,CUST1177,2024-08-28,Renewal,Basic,29
TXN006554,CUST1177,2024-09-28,Renewal,Basic,29
TXN006555,CUST1177,2024-10-28,Renewal,Basic,29
TXN006556,CUST1177,2024-11-28,Renewal,Basic,29
TXN006557,CUST1177,2024-12-28,Renewal,Basic,29
TXN006558,CUST1177,2025-01-28,Renewal,Basic,29
TXN006559,CUST1177,2025-02-28,Renewal,Basic,29
TXN006560,CUST1177,2025-03-28,Renewal,Basic,29
TXN006561,CUST1177,2025-04-28,Renewal,Basic,29
TXN006562,CUST1177,2025-05-28,Renewal,Basic,29
TXN006563,CUST1177,2025-06-28,Renewal,Basic,29
TXN006564,CUST1177,2025-07-28,Renewal,Basic,29
TXN006565,CUST1177,2025-08-28,Renewal,Basic,29
TXN006566,CUST1177,2025-09-28,Renewal,Basic,29
TXN006567,CUST1177,2025-10-28,Renewal,Basic,29
TXN006568,CUST1177,2025-11-28,Renewal,Basic,29
TXN006569,CUST1177,2025-12-28,Renewal,Basic,29
TXN006570,CUST1177,2026-01-28,Renewal,Basic,29
TXN006571,CUST1177,2026-02-28,Renewal,Basic,29
TXN006572,CUST1177,2026-03-28,Renewal,Basic,29
TXN006573,CUST1177,2026-04-28,Renewal,Basic,29
TXN006574,CUST1177,2026-05-28,Renewal,Basic,29
TXN006575,CUST1177,2026-06-28,Renewal,Basic,29
TXN006576,CUST1177,2026-07-28,Renewal,Basic,29
TXN006577,CUST1196,2023-08-01,New Subscription,Pro,59
TXN006578,CUST1196,2023-09-01,Renewal,Pro,59
TXN006579,CUST1196,2023-10-01,Renewal,Pro,59
TXN006580,CUST1196,2023-11-01,Renewal,Pro,59
TXN006581,CUST1196,2023-12-01,Renewal,Pro,59
TXN006582,CUST1196,2024-01-01,Renewal,Pro,59
TXN006583,CUST1196,2024-02-01,Renewal,Pro,59
TXN006584,CUST1196,2024-03-01,Renewal,Pro,59
TXN006585,CUST1196,2024-04-01,Renewal,Pro,59
TXN006586,CUST1196,2024-05-01,Renewal,Pro,59
TXN006587,CUST1196,2024-06-01,Renewal,Pro,59
TXN006588,CUST1196,2024-07-01,Renewal,Pro,59
TXN006589,CUST1196,2024-08-01,Renewal,Pro,59
TXN006590,CUST1196,2024-09-01,Renewal,Pro,59
TXN006591,CUST1196,2024-10-01,Renewal,Pro,59
TXN006592,CUST1196,2024-11-01,Renewal,Pro,59
TXN006593,CUST1196,2024-12-01,Renewal,Pro,59
TXN006594,CUST1196,2025-01-01,Renewal,Pro,59
TXN006595,CUST1196,2025-02-01,Renewal,Pro,59
TXN006596,CUST1196,2025-03-01,Renewal,Pro,59
TXN006597,CUST1196,2025-04-01,Renewal,Pro,59
TXN006598,CUST1196,2025-05-01,Renewal,Pro,59
TXN006599,CUST1196,2025-06-01,Downgrade,Basic,29
TXN006600,CUST1196,2025-07-01,Cancellation,Basic,0
TXN006601,CUST1196,2026-02-01,Reactivation,Basic,29
TXN006602,CUST1196,2026-03-01,Renewal,Basic,29
TXN006603,CUST1196,2026-04-01,Renewal,Basic,29
TXN006604,CUST1196,2026-05-01,Renewal,Basic,29
TXN006605,CUST1196,2026-06-01,Renewal,Basic,29
TXN006606,CUST1196,2026-07-01,Renewal,Basic,29
TXN006607,CUST1196,2026-08-01,Renewal,Basic,29
TXN006608,CUST1137,2023-08-08,New Subscription,Pro,59
TXN006609,CUST1137,2023-09-08,Renewal,Pro,59
TXN006610,CUST1137,2023-10-08,Renewal,Pro,59
TXN006611,CUST1137,2023-11-08,Cancellation,Pro,0
TXN006612,CUST1185,2023-08-08,New Subscription,Basic,29
TXN006613,CUST1185,2023-09-08,Renewal,Basic,29
TXN006614,CUST1185,2023-10-08,Renewal,Basic,29
TXN006615,CUST1185,2023-11-08,Renewal,Basic,29
TXN006616,CUST1185,2023-12-08,Renewal,Basic,29
TXN006617,CUST1185,2024-01-08,Renewal,Basic,29
TXN006618,CUST1185,2024-02-08,Renewal,Basic,29
TXN006619,CUST1185,2024-03-08,Renewal,Basic,29
TXN006620,CUST1185,2024-04-08,Renewal,Basic,29
TXN006621,CUST1185,2024-05-08,Renewal,Basic,29
TXN006622,CUST1185,2024-06-08,Renewal,Basic,29
TXN006623,CUST1185,2024-07-08,Renewal,Basic,29
TXN006624,CUST1185,2024-08-08,Renewal,Basic,29
TXN006625,CUST1185,2024-09-08,Renewal,Basic,29
TXN006626,CUST1185,2024-10-08,Renewal,Basic,29
TXN006627,CUST1185,2024-11-08,Renewal,Basic,29
TXN006628,CUST1185,2024-12-08,Renewal,Basic,29
TXN006629,CUST1185,2025-01-08,Renewal,Basic,29
TXN006630,CUST1185,2025-02-08,Renewal,Basic,29
TXN006631,CUST1185,2025-03-08,Renewal,Basic,29
TXN006632,CUST1185,2025-04-08,Renewal,Basic,29
TXN006633,CUST1185,2025-05-08,Renewal,Basic,29
TXN006634,CUST1185,2025-06-08,Renewal,Basic,29
TXN006635,CUST1185,2025-07-08,Renewal,Basic,29
TXN006636,CUST1185,2025-08-08,Renewal,Basic,29
TXN006637,CUST1185,2025-09-08,Renewal,Basic,29
TXN006638,CUST1185,2025-10-08,Renewal,Basic,29
TXN006639,CUST1185,2025-11-08,Renewal,Basic,29
TXN006640,CUST1185,2025-12-08,Renewal,Basic,29
TXN006641,CUST1185,2026-01-08,Renewal,Basic,29
TXN006642,CUST1185,2026-02-08,Renewal,Basic,29
TXN006643,CUST1185,2026-03-08,Renewal,Basic,29
TXN006644,CUST1185,2026-04-08,Renewal,Basic,29
TXN006645,CUST1185,2026-05-08,Renewal,Basic,29
TXN006646,CUST1185,2026-06-08,Renewal,Basic,29
TXN006647,CUST1185,2026-07-08,Renewal,Basic,29
TXN006648,CUST1185,2026-08-08,Renewal,Basic,29
TXN006649,CUST1208,2023-08-10,New Subscription,Basic,29
TXN006650,CUST1208,2023-09-10,Renewal,Basic,29
TXN006651,CUST1208,2023-10-10,Renewal,Basic,29
TXN006652,CUST1208,2023-11-10,Renewal,Basic,29
TXN006653,CUST1208,2023-12-10,Renewal,Basic,29
TXN006654,CUST1208,2024-01-10,Renewal,Basic,29
TXN006655,CUST1208,2024-02-10,Renewal,Basic,29
TXN006656,CUST1208,2024-03-10,Renewal,Basic,29
TXN006657,CUST1208,2024-04-10,Renewal,Basic,29
TXN006658,CUST1208,2024-05-10,Renewal,Basic,29
TXN006659,CUST1208,2024-06-10,Renewal,Basic,29
TXN006660,CUST1208,2024-07-10,Upgrade,Pro,59
TXN006661,CUST1208,2024-08-10,Renewal,Pro,59
TXN006662,CUST1208,2024-09-10,Renewal,Pro,59
TXN006663,CUST1208,2024-10-10,Renewal,Pro,59
TXN006664,CUST1208,2024-11-10,Renewal,Pro,59
TXN006665,CUST1208,2024-12-10,Renewal,Pro,59
TXN006666,CUST1208,2025-01-10,Renewal,Pro,59
TXN006667,CUST1208,2025-02-10,Renewal,Pro,59
TXN006668,CUST1208,2025-03-10,Renewal,Pro,59
TXN006669,CUST1208,2025-04-10,Renewal,Pro,59
TXN006670,CUST1208,2025-05-10,Renewal,Pro,59
TXN006671,CUST1208,2025-06-10,Renewal,Pro,59
TXN006672,CUST1208,2025-07-10,Renewal,Pro,59
TXN006673,CUST1208,2025-08-10,Renewal,Pro,59
TXN006674,CUST1208,2025-09-10,Renewal,Pro,59
TXN006675,CUST1208,2025-10-10,Renewal,Pro,59
TXN006676,CUST1208,2025-11-10,Renewal,Pro,59
TXN006677,CUST1208,2025-12-10,Renewal,Pro,59
TXN006678,CUST1208,2026-01-10,Renewal,Pro,59
TXN006679,CUST1208,2026-02-10,Upgrade,Enterprise,149
TXN006680,CUST1208,2026-03-10,Renewal,Enterprise,149
TXN006681,CUST1208,2026-04-10,Renewal,Enterprise,149
TXN006682,CUST1208,2026-05-10,Renewal,Enterprise,149
TXN006683,CUST1208,2026-06-10,Renewal,Enterprise,149
TXN006684,CUST1208,2026-07-10,Renewal,Enterprise,149
TXN006685,CUST1208,2026-08-10,Renewal,Enterprise,149
TXN006686,CUST1172,2023-08-17,New Subscription,Basic,29
TXN006687,CUST1172,2023-09-17,Renewal,Basic,29
TXN006688,CUST1172,2023-10-17,Renewal,Basic,29
TXN006689,CUST1172,2023-11-17,Renewal,Basic,29
TXN006690,CUST1172,2023-12-17,Renewal,Basic,29
TXN006691,CUST1172,2024-01-17,Renewal,Basic,29
TXN006692,CUST1172,2024-02-17,Renewal,Basic,29
TXN006693,CUST1172,2024-03-17,Renewal,Basic,29
TXN006694,CUST1172,2024-04-17,Renewal,Basic,29
TXN006695,CUST1172,2024-05-17,Renewal,Basic,29
TXN006696,CUST1172,2024-06-17,Renewal,Basic,29
TXN006697,CUST1172,2024-07-17,Renewal,Basic,29
TXN006698,CUST1172,2024-08-17,Renewal,Basic,29
TXN006699,CUST1172,2024-09-17,Renewal,Basic,29
TXN006700,CUST1172,2024-10-17,Renewal,Basic,29
TXN006701,CUST1172,2024-11-17,Renewal,Basic,29
TXN006702,CUST1172,2024-12-17,Renewal,Basic,29
TXN006703,CUST1172,2025-01-17,Renewal,Basic,29
TXN006704,CUST1172,2025-02-17,Renewal,Basic,29
TXN006705,CUST1172,2025-03-17,Renewal,Basic,29
TXN006706,CUST1172,2025-04-17,Renewal,Basic,29
TXN006707,CUST1172,2025-05-17,Renewal,Basic,29
TXN006708,CUST1172,2025-06-17,Renewal,Basic,29
TXN006709,CUST1172,2025-07-17,Renewal,Basic,29
TXN006710,CUST1172,2025-08-17,Upgrade,Pro,59
TXN006711,CUST1172,2025-09-17,Renewal,Pro,59
TXN006712,CUST1172,2025-10-17,Renewal,Pro,59
TXN006713,CUST1172,2025-11-17,Renewal,Pro,59
TXN006714,CUST1172,2025-12-17,Renewal,Pro,59
TXN006715,CUST1172,2026-01-17,Renewal,Pro,59
TXN006716,CUST1172,2026-02-17,Renewal,Pro,59
TXN006717,CUST1172,2026-03-17,Renewal,Pro,59
TXN006718,CUST1172,2026-04-17,Renewal,Pro,59
TXN006719,CUST1172,2026-05-17,Renewal,Pro,59
TXN006720,CUST1172,2026-06-17,Renewal,Pro,59
TXN006721,CUST1172,2026-07-17,Renewal,Pro,59
TXN006722,CUST1172,2026-08-17,Renewal,Pro,59
TXN006723,CUST1144,2023-08-18,New Subscription,Pro,59
TXN006724,CUST1144,2023-09-18,Renewal,Pro,59
TXN006725,CUST1144,2023-10-18,Renewal,Pro,59
TXN006726,CUST1144,2023-11-18,Renewal,Pro,59
TXN006727,CUST1144,2023-12-18,Renewal,Pro,59
TXN006728,CUST1144,2024-01-18,Renewal,Pro,59
TXN006729,CUST1144,2024-02-18,Renewal,Pro,59
TXN006730,CUST1144,2024-03-18,Downgrade,Basic,29
TXN006731,CUST1144,2024-04-18,Renewal,Basic,29
TXN006732,CUST1144,2024-05-18,Renewal,Basic,29
TXN006733,CUST1144,2024-06-18,Renewal,Basic,29
TXN006734,CUST1144,2024-07-18,Renewal,Basic,29
TXN006735,CUST1144,2024-08-18,Renewal,Basic,29
TXN006736,CUST1144,2024-09-18,Renewal,Basic,29
TXN006737,CUST1144,2024-10-18,Renewal,Basic,29
TXN006738,CUST1144,2024-11-18,Renewal,Basic,29
TXN006739,CUST1144,2024-12-18,Renewal,Basic,29
TXN006740,CUST1144,2025-01-18,Renewal,Basic,29
TXN006741,CUST1144,2025-02-18,Upgrade,Pro,59
TXN006742,CUST1144,2025-03-18,Renewal,Pro,59
TXN006743,CUST1144,2025-04-18,Renewal,Pro,59
TXN006744,CUST1144,2025-05-18,Renewal,Pro,59
TXN006745,CUST1144,2025-06-18,Renewal,Pro,59
TXN006746,CUST1144,2025-07-18,Renewal,Pro,59
TXN006747,CUST1144,2025-08-18,Renewal,Pro,59
TXN006748,CUST1144,2025-09-18,Renewal,Pro,59
TXN006749,CUST1144,2025-10-18,Renewal,Pro,59
TXN006750,CUST1144,2025-11-18,Renewal,Pro,59
TXN006751,CUST1144,2025-12-18,Renewal,Pro,59
TXN006752,CUST1144,2026-01-18,Renewal,Pro,59
TXN006753,CUST1144,2026-02-18,Renewal,Pro,59
TXN006754,CUST1144,2026-03-18,Renewal,Pro,59
TXN006755,CUST1144,2026-04-18,Renewal,Pro,59
TXN006756,CUST1144,2026-05-18,Renewal,Pro,59
TXN006757,CUST1144,2026-06-18,Renewal,Pro,59
TXN006758,CUST1144,2026-07-18,Renewal,Pro,59
TXN006759,CUST1179,2023-08-21,New Subscription,Basic,29
TXN006760,CUST1179,2023-09-21,Renewal,Basic,29
TXN006761,CUST1179,2023-10-21,Renewal,Basic,29
TXN006762,CUST1179,2023-11-21,Renewal,Basic,29
TXN006763,CUST1179,2023-12-21,Renewal,Basic,29
TXN006764,CUST1179,2024-01-21,Renewal,Basic,29
TXN006765,CUST1179,2024-02-21,Renewal,Basic,29
TXN006766,CUST1179,2024-03-21,Cancellation,Basic,0
TXN006767,CUST1189,2023-08-28,New Subscription,Basic,29
TXN006768,CUST1189,2023-09-28,Renewal,Basic,29
TXN006769,CUST1189,2023-10-28,Renewal,Basic,29
TXN006770,CUST1189,2023-11-28,Renewal,Basic,29
TXN006771,CUST1189,2023-12-28,Renewal,Basic,29
TXN006772,CUST1189,2024-01-28,Renewal,Basic,29
TXN006773,CUST1189,2024-02-28,Renewal,Basic,29
TXN006774,CUST1189,2024-03-28,Renewal,Basic,29
TXN006775,CUST1189,2024-04-28,Renewal,Basic,29
TXN006776,CUST1189,2024-05-28,Renewal,Basic,29
TXN006777,CUST1189,2024-06-28,Renewal,Basic,29
TXN006778,CUST1189,2024-07-28,Renewal,Basic,29
TXN006779,CUST1189,2024-08-28,Renewal,Basic,29
TXN006780,CUST1189,2024-09-28,Renewal,Basic,29
TXN006781,CUST1189,2024-10-28,Renewal,Basic,29
TXN006782,CUST1189,2024-11-28,Renewal,Basic,29
TXN006783,CUST1189,2024-12-28,Renewal,Basic,29
TXN006784,CUST1189,2025-01-28,Renewal,Basic,29
TXN006785,CUST1189,2025-02-28,Renewal,Basic,29
TXN006786,CUST1189,2025-03-28,Renewal,Basic,29
TXN006787,CUST1189,2025-04-28,Renewal,Basic,29
TXN006788,CUST1189,2025-05-28,Renewal,Basic,29
TXN006789,CUST1189,2025-06-28,Renewal,Basic,29
TXN006790,CUST1189,2025-07-28,Renewal,Basic,29
TXN006791,CUST1189,2025-08-28,Renewal,Basic,29
TXN006792,CUST1189,2025-09-28,Renewal,Basic,29
TXN006793,CUST1189,2025-10-28,Renewal,Basic,29
TXN006794,CUST1189,2025-11-28,Renewal,Basic,29
TXN006795,CUST1189,2025-12-28,Renewal,Basic,29
TXN006796,CUST1189,2026-01-28,Renewal,Basic,29
TXN006797,CUST1189,2026-02-28,Renewal,Basic,29
TXN006798,CUST1189,2026-03-28,Renewal,Basic,29
TXN006799,CUST1189,2026-04-28,Renewal,Basic,29
TXN006800,CUST1189,2026-05-28,Renewal,Basic,29
TXN006801,CUST1189,2026-06-28,Renewal,Basic,29
TXN006802,CUST1189,2026-07-28,Renewal,Basic,29
TXN006803,CUST1200,2023-08-28,New Subscription,Basic,29
TXN006804,CUST1200,2023-09-28,Renewal,Basic,29
TXN006805,CUST1200,2023-10-28,Renewal,Basic,29
TXN006806,CUST1200,2023-11-28,Renewal,Basic,29
TXN006807,CUST1200,2023-12-28,Renewal,Basic,29
TXN006808,CUST1200,2024-01-28,Renewal,Basic,29
TXN006809,CUST1200,2024-02-28,Renewal,Basic,29
TXN006810,CUST1200,2024-03-28,Renewal,Basic,29
TXN006811,CUST1200,2024-04-28,Renewal,Basic,29
TXN006812,CUST1200,2024-05-28,Renewal,Basic,29
TXN006813,CUST1200,2024-06-28,Renewal,Basic,29
TXN006814,CUST1200,2024-07-28,Renewal,Basic,29
TXN006815,CUST1200,2024-08-28,Renewal,Basic,29
TXN006816,CUST1200,2024-09-28,Renewal,Basic,29
TXN006817,CUST1200,2024-10-28,Renewal,Basic,29
TXN006818,CUST1200,2024-11-28,Renewal,Basic,29
TXN006819,CUST1200,2024-12-28,Renewal,Basic,29
TXN006820,CUST1200,2025-01-28,Renewal,Basic,29
TXN006821,CUST1200,2025-02-28,Renewal,Basic,29
TXN006822,CUST1200,2025-03-28,Renewal,Basic,29
TXN006823,CUST1200,2025-04-28,Renewal,Basic,29
TXN006824,CUST1200,2025-05-28,Renewal,Basic,29
TXN006825,CUST1200,2025-06-28,Renewal,Basic,29
TXN006826,CUST1200,2025-07-28,Renewal,Basic,29
TXN006827,CUST1200,2025-08-28,Renewal,Basic,29
TXN006828,CUST1200,2025-09-28,Upgrade,Pro,59
TXN006829,CUST1200,2025-10-28,Renewal,Pro,59
TXN006830,CUST1200,2025-11-28,Renewal,Pro,59
TXN006831,CUST1200,2025-12-28,Renewal,Pro,59
TXN006832,CUST1200,2026-01-28,Renewal,Pro,59
TXN006833,CUST1200,2026-02-28,Renewal,Pro,59
TXN006834,CUST1200,2026-03-28,Renewal,Pro,59
TXN006835,CUST1200,2026-04-28,Renewal,Pro,59
TXN006836,CUST1200,2026-05-28,Renewal,Pro,59
TXN006837,CUST1200,2026-06-28,Renewal,Pro,59
TXN006838,CUST1200,2026-07-28,Renewal,Pro,59
TXN006839,CUST1210,2023-08-28,New Subscription,Enterprise,149
TXN006840,CUST1210,2023-09-28,Renewal,Enterprise,149
TXN006841,CUST1210,2023-10-28,Downgrade,Pro,59
TXN006842,CUST1210,2023-11-28,Renewal,Pro,59
TXN006843,CUST1210,2023-12-28,Renewal,Pro,59
TXN006844,CUST1210,2024-01-28,Renewal,Pro,59
TXN006845,CUST1210,2024-02-28,Renewal,Pro,59
TXN006846,CUST1210,2024-03-28,Renewal,Pro,59
TXN006847,CUST1210,2024-04-28,Renewal,Pro,59
TXN006848,CUST1210,2024-05-28,Renewal,Pro,59
TXN006849,CUST1210,2024-06-28,Renewal,Pro,59
TXN006850,CUST1210,2024-07-28,Renewal,Pro,59
TXN006851,CUST1210,2024-08-28,Renewal,Pro,59
TXN006852,CUST1210,2024-09-28,Renewal,Pro,59
TXN006853,CUST1210,2024-10-28,Renewal,Pro,59
TXN006854,CUST1210,2024-11-28,Renewal,Pro,59
TXN006855,CUST1210,2024-12-28,Renewal,Pro,59
TXN006856,CUST1210,2025-01-28,Renewal,Pro,59
TXN006857,CUST1210,2025-02-28,Renewal,Pro,59
TXN006858,CUST1210,2025-03-28,Renewal,Pro,59
TXN006859,CUST1210,2025-04-28,Renewal,Pro,59
TXN006860,CUST1210,2025-05-28,Renewal,Pro,59
TXN006861,CUST1210,2025-06-28,Renewal,Pro,59
TXN006862,CUST1210,2025-07-28,Renewal,Pro,59
TXN006863,CUST1210,2025-08-28,Renewal,Pro,59
TXN006864,CUST1210,2025-09-28,Renewal,Pro,59
TXN006865,CUST1210,2025-10-28,Renewal,Pro,59
TXN006866,CUST1210,2025-11-28,Renewal,Pro,59
TXN006867,CUST1210,2025-12-28,Renewal,Pro,59
TXN006868,CUST1210,2026-01-28,Renewal,Pro,59
TXN006869,CUST1210,2026-02-28,Renewal,Pro,59
TXN006870,CUST1210,2026-03-28,Renewal,Pro,59
TXN006871,CUST1210,2026-04-28,Renewal,Pro,59
TXN006872,CUST1210,2026-05-28,Renewal,Pro,59
TXN006873,CUST1210,2026-06-28,Renewal,Pro,59
TXN006874,CUST1210,2026-07-28,Renewal,Pro,59
TXN006875,CUST1176,2023-09-02,New Subscription,Basic,29
TXN006876,CUST1176,2023-10-02,Renewal,Basic,29
TXN006877,CUST1176,2023-11-02,Renewal,Basic,29
TXN006878,CUST1176,2023-12-02,Renewal,Basic,29
TXN006879,CUST1176,2024-01-02,Renewal,Basic,29
TXN006880,CUST1176,2024-02-02,Renewal,Basic,29
TXN006881,CUST1176,2024-03-02,Upgrade,Pro,59
TXN006882,CUST1176,2024-04-02,Renewal,Pro,59
TXN006883,CUST1176,2024-05-02,Renewal,Pro,59
TXN006884,CUST1176,2024-06-02,Upgrade,Enterprise,149
TXN006885,CUST1176,2024-07-02,Renewal,Enterprise,149
TXN006886,CUST1176,2024-08-02,Renewal,Enterprise,149
TXN006887,CUST1176,2024-09-02,Renewal,Enterprise,149
TXN006888,CUST1176,2024-10-02,Renewal,Enterprise,149
TXN006889,CUST1176,2024-11-02,Renewal,Enterprise,149
TXN006890,CUST1176,2024-12-02,Renewal,Enterprise,149
TXN006891,CUST1176,2025-01-02,Renewal,Enterprise,149
TXN006892,CUST1176,2025-02-02,Renewal,Enterprise,149
TXN006893,CUST1176,2025-03-02,Renewal,Enterprise,149
TXN006894,CUST1176,2025-04-02,Renewal,Enterprise,149
TXN006895,CUST1176,2025-05-02,Renewal,Enterprise,149
TXN006896,CUST1176,2025-06-02,Renewal,Enterprise,149
TXN006897,CUST1176,2025-07-02,Renewal,Enterprise,149
TXN006898,CUST1176,2025-08-02,Renewal,Enterprise,149
TXN006899,CUST1176,2025-09-02,Renewal,Enterprise,149
TXN006900,CUST1176,2025-10-02,Renewal,Enterprise,149
TXN006901,CUST1176,2025-11-02,Renewal,Enterprise,149
TXN006902,CUST1176,2025-12-02,Renewal,Enterprise,149
TXN006903,CUST1176,2026-01-02,Renewal,Enterprise,149
TXN006904,CUST1176,2026-02-02,Renewal,Enterprise,149
TXN006905,CUST1176,2026-03-02,Renewal,Enterprise,149
TXN006906,CUST1176,2026-04-02,Renewal,Enterprise,149
TXN006907,CUST1176,2026-05-02,Renewal,Enterprise,149
TXN006908,CUST1176,2026-06-02,Renewal,Enterprise,149
TXN006909,CUST1176,2026-07-02,Renewal,Enterprise,149
TXN006910,CUST1176,2026-08-02,Renewal,Enterprise,149
TXN006911,CUST1150,2023-09-05,New Subscription,Pro,59
TXN006912,CUST1150,2023-10-05,Renewal,Pro,59
TXN006913,CUST1150,2023-11-05,Renewal,Pro,59
TXN006914,CUST1150,2023-12-05,Renewal,Pro,59
TXN006915,CUST1150,2024-01-05,Renewal,Pro,59
TXN006916,CUST1150,2024-02-05,Renewal,Pro,59
TXN006917,CUST1150,2024-03-05,Renewal,Pro,59
TXN006918,CUST1150,2024-04-05,Renewal,Pro,59
TXN006919,CUST1150,2024-05-05,Renewal,Pro,59
TXN006920,CUST1150,2024-06-05,Renewal,Pro,59
TXN006921,CUST1150,2024-07-05,Renewal,Pro,59
TXN006922,CUST1150,2024-08-05,Renewal,Pro,59
TXN006923,CUST1150,2024-09-05,Renewal,Pro,59
TXN006924,CUST1150,2024-10-05,Renewal,Pro,59
TXN006925,CUST1150,2024-11-05,Renewal,Pro,59
TXN006926,CUST1150,2024-12-05,Renewal,Pro,59
TXN006927,CUST1150,2025-01-05,Upgrade,Enterprise,149
TXN006928,CUST1150,2025-02-05,Renewal,Enterprise,149
TXN006929,CUST1150,2025-03-05,Renewal,Enterprise,149
TXN006930,CUST1150,2025-04-05,Renewal,Enterprise,149
TXN006931,CUST1150,2025-05-05,Renewal,Enterprise,149
TXN006932,CUST1150,2025-06-05,Renewal,Enterprise,149
TXN006933,CUST1150,2025-07-05,Renewal,Enterprise,149
TXN006934,CUST1150,2025-08-05,Renewal,Enterprise,149
TXN006935,CUST1150,2025-09-05,Renewal,Enterprise,149
TXN006936,CUST1150,2025-10-05,Renewal,Enterprise,149
TXN006937,CUST1150,2025-11-05,Renewal,Enterprise,149
TXN006938,CUST1150,2025-12-05,Renewal,Enterprise,149
TXN006939,CUST1150,2026-01-05,Renewal,Enterprise,149
TXN006940,CUST1150,2026-02-05,Renewal,Enterprise,149
TXN006941,CUST1150,2026-03-05,Renewal,Enterprise,149
TXN006942,CUST1150,2026-04-05,Renewal,Enterprise,149
TXN006943,CUST1150,2026-05-05,Renewal,Enterprise,149
TXN006944,CUST1150,2026-06-05,Renewal,Enterprise,149
TXN006945,CUST1150,2026-07-05,Renewal,Enterprise,149
TXN006946,CUST1150,2026-08-05,Renewal,Enterprise,149
TXN006947,CUST1199,2023-09-13,New Subscription,Enterprise,149
TXN006948,CUST1199,2023-10-13,Renewal,Enterprise,149
TXN006949,CUST1199,2023-11-13,Renewal,Enterprise,149
TXN006950,CUST1199,2023-12-13,Renewal,Enterprise,149
TXN006951,CUST1199,2024-01-13,Renewal,Enterprise,149
TXN006952,CUST1199,2024-02-13,Renewal,Enterprise,149
TXN006953,CUST1199,2024-03-13,Renewal,Enterprise,149
TXN006954,CUST1199,2024-04-13,Renewal,Enterprise,149
TXN006955,CUST1199,2024-05-13,Renewal,Enterprise,149
TXN006956,CUST1199,2024-06-13,Renewal,Enterprise,149
TXN006957,CUST1199,2024-07-13,Renewal,Enterprise,149
TXN006958,CUST1199,2024-08-13,Renewal,Enterprise,149
TXN006959,CUST1199,2024-09-13,Renewal,Enterprise,149
TXN006960,CUST1199,2024-10-13,Renewal,Enterprise,149
TXN006961,CUST1199,2024-11-13,Renewal,Enterprise,149
TXN006962,CUST1199,2024-12-13,Renewal,Enterprise,149
TXN006963,CUST1199,2025-01-13,Renewal,Enterprise,149
TXN006964,CUST1199,2025-02-13,Renewal,Enterprise,149
TXN006965,CUST1199,2025-03-13,Renewal,Enterprise,149
TXN006966,CUST1199,2025-04-13,Renewal,Enterprise,149
TXN006967,CUST1199,2025-05-13,Renewal,Enterprise,149
TXN006968,CUST1199,2025-06-13,Renewal,Enterprise,149
TXN006969,CUST1199,2025-07-13,Renewal,Enterprise,149
TXN006970,CUST1199,2025-08-13,Renewal,Enterprise,149
TXN006971,CUST1199,2025-09-13,Renewal,Enterprise,149
TXN006972,CUST1199,2025-10-13,Renewal,Enterprise,149
TXN006973,CUST1199,2025-11-13,Renewal,Enterprise,149
TXN006974,CUST1199,2025-12-13,Renewal,Enterprise,149
TXN006975,CUST1199,2026-01-13,Renewal,Enterprise,149
TXN006976,CUST1199,2026-02-13,Renewal,Enterprise,149
TXN006977,CUST1199,2026-03-13,Renewal,Enterprise,149
TXN006978,CUST1199,2026-04-13,Renewal,Enterprise,149
TXN006979,CUST1199,2026-05-13,Renewal,Enterprise,149
TXN006980,CUST1199,2026-06-13,Renewal,Enterprise,149
TXN006981,CUST1199,2026-07-13,Renewal,Enterprise,149
TXN006982,CUST1199,2026-08-13,Renewal,Enterprise,149
TXN006983,CUST1178,2023-09-15,New Subscription,Basic,29
TXN006984,CUST1178,2023-10-15,Renewal,Basic,29
TXN006985,CUST1178,2023-11-15,Renewal,Basic,29
TXN006986,CUST1178,2023-12-15,Renewal,Basic,29
TXN006987,CUST1178,2024-01-15,Renewal,Basic,29
TXN006988,CUST1178,2024-02-15,Renewal,Basic,29
TXN006989,CUST1178,2024-03-15,Renewal,Basic,29
TXN006990,CUST1178,2024-04-15,Renewal,Basic,29
TXN006991,CUST1178,2024-05-15,Renewal,Basic,29
TXN006992,CUST1178,2024-06-15,Renewal,Basic,29
TXN006993,CUST1178,2024-07-15,Renewal,Basic,29
TXN006994,CUST1178,2024-08-15,Renewal,Basic,29
TXN006995,CUST1178,2024-09-15,Renewal,Basic,29
TXN006996,CUST1178,2024-10-15,Renewal,Basic,29
TXN006997,CUST1178,2024-11-15,Renewal,Basic,29
TXN006998,CUST1178,2024-12-15,Renewal,Basic,29
TXN006999,CUST1178,2025-01-15,Renewal,Basic,29
TXN007000,CUST1178,2025-02-15,Renewal,Basic,29
TXN007001,CUST1178,2025-03-15,Renewal,Basic,29
TXN007002,CUST1178,2025-04-15,Renewal,Basic,29
TXN007003,CUST1178,2025-05-15,Renewal,Basic,29
TXN007004,CUST1178,2025-06-15,Renewal,Basic,29
TXN007005,CUST1178,2025-07-15,Renewal,Basic,29
TXN007006,CUST1178,2025-08-15,Renewal,Basic,29
TXN007007,CUST1178,2025-09-15,Renewal,Basic,29
TXN007008,CUST1178,2025-10-15,Renewal,Basic,29
TXN007009,CUST1178,2025-11-15,Renewal,Basic,29
TXN007010,CUST1178,2025-12-15,Renewal,Basic,29
TXN007011,CUST1178,2026-01-15,Renewal,Basic,29
TXN007012,CUST1178,2026-02-15,Renewal,Basic,29
TXN007013,CUST1178,2026-03-15,Renewal,Basic,29
TXN007014,CUST1178,2026-04-15,Renewal,Basic,29
TXN007015,CUST1178,2026-05-15,Renewal,Basic,29
TXN007016,CUST1178,2026-06-15,Renewal,Basic,29
TXN007017,CUST1178,2026-07-15,Renewal,Basic,29
TXN007018,CUST1178,2026-08-15,Cancellation,Basic,0
TXN007019,CUST1190,2023-09-25,New Subscription,Basic,29
TXN007020,CUST1190,2023-10-25,Renewal,Basic,29
TXN007021,CUST1190,2023-11-25,Renewal,Basic,29
TXN007022,CUST1190,2023-12-25,Renewal,Basic,29
TXN007023,CUST1190,2024-01-25,Renewal,Basic,29
TXN007024,CUST1190,2024-02-25,Renewal,Basic,29
TXN007025,CUST1190,2024-03-25,Renewal,Basic,29
TXN007026,CUST1190,2024-04-25,Renewal,Basic,29
TXN007027,CUST1190,2024-05-25,Renewal,Basic,29
TXN007028,CUST1190,2024-06-25,Renewal,Basic,29
TXN007029,CUST1190,2024-07-25,Renewal,Basic,29
TXN007030,CUST1190,2024-08-25,Renewal,Basic,29
TXN007031,CUST1190,2024-09-25,Renewal,Basic,29
TXN007032,CUST1190,2024-10-25,Renewal,Basic,29
TXN007033,CUST1190,2024-11-25,Renewal,Basic,29
TXN007034,CUST1190,2024-12-25,Renewal,Basic,29
TXN007035,CUST1190,2025-01-25,Renewal,Basic,29
TXN007036,CUST1190,2025-02-25,Upgrade,Pro,59
TXN007037,CUST1190,2025-03-25,Renewal,Pro,59
TXN007038,CUST1190,2025-04-25,Renewal,Pro,59
TXN007039,CUST1190,2025-05-25,Renewal,Pro,59
TXN007040,CUST1190,2025-06-25,Renewal,Pro,59
TXN007041,CUST1190,2025-07-25,Renewal,Pro,59
TXN007042,CUST1190,2025-08-25,Renewal,Pro,59
TXN007043,CUST1190,2025-09-25,Renewal,Pro,59
TXN007044,CUST1190,2025-10-25,Renewal,Pro,59
TXN007045,CUST1190,2025-11-25,Renewal,Pro,59
TXN007046,CUST1190,2025-12-25,Upgrade,Enterprise,149
TXN007047,CUST1190,2026-01-25,Renewal,Enterprise,149
TXN007048,CUST1190,2026-02-25,Renewal,Enterprise,149
TXN007049,CUST1190,2026-03-25,Renewal,Enterprise,149
TXN007050,CUST1190,2026-04-25,Renewal,Enterprise,149
TXN007051,CUST1190,2026-05-25,Renewal,Enterprise,149
TXN007052,CUST1190,2026-06-25,Renewal,Enterprise,149
TXN007053,CUST1190,2026-07-25,Renewal,Enterprise,149
TXN007054,CUST1158,2023-10-14,New Subscription,Pro,59
TXN007055,CUST1158,2023-11-14,Renewal,Pro,59
TXN007056,CUST1158,2023-12-14,Renewal,Pro,59
TXN007057,CUST1158,2024-01-14,Renewal,Pro,59
TXN007058,CUST1158,2024-02-14,Renewal,Pro,59
TXN007059,CUST1158,2024-03-14,Renewal,Pro,59
TXN007060,CUST1158,2024-04-14,Renewal,Pro,59
TXN007061,CUST1158,2024-05-14,Renewal,Pro,59
TXN007062,CUST1158,2024-06-14,Renewal,Pro,59
TXN007063,CUST1158,2024-07-14,Renewal,Pro,59
TXN007064,CUST1158,2024-08-14,Renewal,Pro,59
TXN007065,CUST1158,2024-09-14,Renewal,Pro,59
TXN007066,CUST1158,2024-10-14,Renewal,Pro,59
TXN007067,CUST1158,2024-11-14,Renewal,Pro,59
TXN007068,CUST1158,2024-12-14,Renewal,Pro,59
TXN007069,CUST1158,2025-01-14,Cancellation,Pro,0
TXN007070,CUST1158,2025-04-14,Reactivation,Pro,59
TXN007071,CUST1158,2025-05-14,Renewal,Pro,59
TXN007072,CUST1158,2025-06-14,Renewal,Pro,59
TXN007073,CUST1158,2025-07-14,Renewal,Pro,59
TXN007074,CUST1158,2025-08-14,Renewal,Pro,59
TXN007075,CUST1158,2025-09-14,Renewal,Pro,59
TXN007076,CUST1158,2025-10-14,Renewal,Pro,59
TXN007077,CUST1158,2025-11-14,Upgrade,Enterprise,149
TXN007078,CUST1158,2025-12-14,Downgrade,Pro,59
TXN007079,CUST1158,2026-01-14,Renewal,Pro,59
TXN007080,CUST1158,2026-02-14,Renewal,Pro,59
TXN007081,CUST1158,2026-03-14,Renewal,Pro,59
TXN007082,CUST1158,2026-04-14,Renewal,Pro,59
TXN007083,CUST1158,2026-05-14,Renewal,Pro,59
TXN007084,CUST1158,2026-06-14,Renewal,Pro,59
TXN007085,CUST1158,2026-07-14,Renewal,Pro,59
TXN007086,CUST1158,2026-08-14,Renewal,Pro,59
TXN007087,CUST1173,2023-10-14,New Subscription,Basic,29
TXN007088,CUST1173,2023-11-14,Renewal,Basic,29
TXN007089,CUST1173,2023-12-14,Renewal,Basic,29
TXN007090,CUST1173,2024-01-14,Upgrade,Pro,59
TXN007091,CUST1173,2024-02-14,Renewal,Pro,59
TXN007092,CUST1173,2024-03-14,Renewal,Pro,59
TXN007093,CUST1173,2024-04-14,Renewal,Pro,59
TXN007094,CUST1173,2024-05-14,Renewal,Pro,59
TXN007095,CUST1173,2024-06-14,Renewal,Pro,59
TXN007096,CUST1173,2024-07-14,Renewal,Pro,59
TXN007097,CUST1173,2024-08-14,Renewal,Pro,59
TXN007098,CUST1173,2024-09-14,Renewal,Pro,59
TXN007099,CUST1173,2024-10-14,Renewal,Pro,59
TXN007100,CUST1173,2024-11-14,Cancellation,Pro,0
TXN007101,CUST1186,2023-10-17,New Subscription,Basic,29
TXN007102,CUST1186,2023-11-17,Renewal,Basic,29
TXN007103,CUST1186,2023-12-17,Cancellation,Basic,0
TXN007104,CUST1186,2024-03-17,Reactivation,Basic,29
TXN007105,CUST1186,2024-04-17,Renewal,Basic,29
TXN007106,CUST1186,2024-05-17,Renewal,Basic,29
TXN007107,CUST1186,2024-06-17,Renewal,Basic,29
TXN007108,CUST1186,2024-07-17,Renewal,Basic,29
TXN007109,CUST1186,2024-08-17,Renewal,Basic,29
TXN007110,CUST1186,2024-09-17,Renewal,Basic,29
TXN007111,CUST1186,2024-10-17,Renewal,Basic,29
TXN007112,CUST1186,2024-11-17,Renewal,Basic,29
TXN007113,CUST1186,2024-12-17,Renewal,Basic,29
TXN007114,CUST1186,2025-01-17,Renewal,Basic,29
TXN007115,CUST1186,2025-02-17,Renewal,Basic,29
TXN007116,CUST1186,2025-03-17,Renewal,Basic,29
TXN007117,CUST1186,2025-04-17,Renewal,Basic,29
TXN007118,CUST1186,2025-05-17,Renewal,Basic,29
TXN007119,CUST1186,2025-06-17,Renewal,Basic,29
TXN007120,CUST1186,2025-07-17,Renewal,Basic,29
TXN007121,CUST1186,2025-08-17,Renewal,Basic,29
TXN007122,CUST1186,2025-09-17,Renewal,Basic,29
TXN007123,CUST1186,2025-10-17,Renewal,Basic,29
TXN007124,CUST1186,2025-11-17,Renewal,Basic,29
TXN007125,CUST1186,2025-12-17,Renewal,Basic,29
TXN007126,CUST1186,2026-01-17,Renewal,Basic,29
TXN007127,CUST1186,2026-02-17,Renewal,Basic,29
TXN007128,CUST1186,2026-03-17,Renewal,Basic,29
TXN007129,CUST1186,2026-04-17,Renewal,Basic,29
TXN007130,CUST1186,2026-05-17,Renewal,Basic,29
TXN007131,CUST1186,2026-06-17,Renewal,Basic,29
TXN007132,CUST1186,2026-07-17,Renewal,Basic,29
TXN007133,CUST1186,2026-08-17,Renewal,Basic,29
TXN007134,CUST1205,2023-10-22,New Subscription,Basic,29
TXN007135,CUST1205,2023-11-22,Renewal,Basic,29
TXN007136,CUST1205,2023-12-22,Renewal,Basic,29
TXN007137,CUST1205,2024-01-22,Renewal,Basic,29
TXN007138,CUST1205,2024-02-22,Renewal,Basic,29
TXN007139,CUST1205,2024-03-22,Renewal,Basic,29
TXN007140,CUST1205,2024-04-22,Renewal,Basic,29
TXN007141,CUST1205,2024-05-22,Renewal,Basic,29
TXN007142,CUST1205,2024-06-22,Renewal,Basic,29
TXN007143,CUST1205,2024-07-22,Renewal,Basic,29
TXN007144,CUST1205,2024-08-22,Renewal,Basic,29
TXN007145,CUST1205,2024-09-22,Upgrade,Pro,59
TXN007146,CUST1205,2024-10-22,Renewal,Pro,59
TXN007147,CUST1205,2024-11-22,Renewal,Pro,59
TXN007148,CUST1205,2024-12-22,Renewal,Pro,59
TXN007149,CUST1205,2025-01-22,Renewal,Pro,59
TXN007150,CUST1205,2025-02-22,Renewal,Pro,59
TXN007151,CUST1205,2025-03-22,Upgrade,Enterprise,149
TXN007152,CUST1205,2025-04-22,Renewal,Enterprise,149
TXN007153,CUST1205,2025-05-22,Renewal,Enterprise,149
TXN007154,CUST1205,2025-06-22,Renewal,Enterprise,149
TXN007155,CUST1205,2025-07-22,Renewal,Enterprise,149
TXN007156,CUST1205,2025-08-22,Renewal,Enterprise,149
TXN007157,CUST1205,2025-09-22,Renewal,Enterprise,149
TXN007158,CUST1205,2025-10-22,Renewal,Enterprise,149
TXN007159,CUST1205,2025-11-22,Renewal,Enterprise,149
TXN007160,CUST1205,2025-12-22,Downgrade,Pro,59
TXN007161,CUST1205,2026-01-22,Renewal,Pro,59
TXN007162,CUST1205,2026-02-22,Renewal,Pro,59
TXN007163,CUST1205,2026-03-22,Renewal,Pro,59
TXN007164,CUST1205,2026-04-22,Renewal,Pro,59
TXN007165,CUST1205,2026-05-22,Renewal,Pro,59
TXN007166,CUST1205,2026-06-22,Renewal,Pro,59
TXN007167,CUST1205,2026-07-22,Renewal,Pro,59
TXN007168,CUST1148,2023-10-25,New Subscription,Basic,29
TXN007169,CUST1148,2023-11-25,Renewal,Basic,29
TXN007170,CUST1148,2023-12-25,Renewal,Basic,29
TXN007171,CUST1148,2024-01-25,Renewal,Basic,29
TXN007172,CUST1148,2024-02-25,Renewal,Basic,29
TXN007173,CUST1148,2024-03-25,Renewal,Basic,29
TXN007174,CUST1148,2024-04-25,Renewal,Basic,29
TXN007175,CUST1148,2024-05-25,Renewal,Basic,29
TXN007176,CUST1148,2024-06-25,Renewal,Basic,29
TXN007177,CUST1148,2024-07-25,Upgrade,Pro,59
TXN007178,CUST1148,2024-08-25,Renewal,Pro,59
TXN007179,CUST1148,2024-09-25,Renewal,Pro,59
TXN007180,CUST1148,2024-10-25,Renewal,Pro,59
TXN007181,CUST1148,2024-11-25,Renewal,Pro,59
TXN007182,CUST1148,2024-12-25,Renewal,Pro,59
TXN007183,CUST1148,2025-01-25,Renewal,Pro,59
TXN007184,CUST1148,2025-02-25,Renewal,Pro,59
TXN007185,CUST1148,2025-03-25,Renewal,Pro,59
TXN007186,CUST1148,2025-04-25,Renewal,Pro,59
TXN007187,CUST1148,2025-05-25,Renewal,Pro,59
TXN007188,CUST1148,2025-06-25,Renewal,Pro,59
TXN007189,CUST1148,2025-07-25,Renewal,Pro,59
TXN007190,CUST1148,2025-08-25,Renewal,Pro,59
TXN007191,CUST1148,2025-09-25,Renewal,Pro,59
TXN007192,CUST1148,2025-10-25,Renewal,Pro,59
TXN007193,CUST1148,2025-11-25,Renewal,Pro,59
TXN007194,CUST1148,2025-12-25,Renewal,Pro,59
TXN007195,CUST1148,2026-01-25,Renewal,Pro,59
TXN007196,CUST1148,2026-02-25,Renewal,Pro,59
TXN007197,CUST1148,2026-03-25,Renewal,Pro,59
TXN007198,CUST1148,2026-04-25,Renewal,Pro,59
TXN007199,CUST1148,2026-05-25,Renewal,Pro,59
TXN007200,CUST1148,2026-06-25,Renewal,Pro,59
TXN007201,CUST1148,2026-07-25,Renewal,Pro,59
TXN007202,CUST1160,2023-11-03,New Subscription,Basic,29
TXN007203,CUST1160,2023-12-03,Renewal,Basic,29
TXN007204,CUST1160,2024-01-03,Renewal,Basic,29
TXN007205,CUST1160,2024-02-03,Renewal,Basic,29
TXN007206,CUST1160,2024-03-03,Renewal,Basic,29
TXN007207,CUST1160,2024-04-03,Renewal,Basic,29
TXN007208,CUST1160,2024-05-03,Renewal,Basic,29
TXN007209,CUST1160,2024-06-03,Renewal,Basic,29
TXN007210,CUST1160,2024-07-03,Renewal,Basic,29
TXN007211,CUST1160,2024-08-03,Renewal,Basic,29
TXN007212,CUST1160,2024-09-03,Renewal,Basic,29
TXN007213,CUST1160,2024-10-03,Renewal,Basic,29
TXN007214,CUST1160,2024-11-03,Cancellation,Basic,0
TXN007215,CUST1165,2023-11-05,New Subscription,Basic,29
TXN007216,CUST1165,2023-12-05,Renewal,Basic,29
TXN007217,CUST1165,2024-01-05,Renewal,Basic,29
TXN007218,CUST1165,2024-02-05,Renewal,Basic,29
TXN007219,CUST1165,2024-03-05,Renewal,Basic,29
TXN007220,CUST1165,2024-04-05,Cancellation,Basic,0
TXN007221,CUST1163,2023-11-08,New Subscription,Pro,59
TXN007222,CUST1163,2023-12-08,Renewal,Pro,59
TXN007223,CUST1163,2024-01-08,Renewal,Pro,59
TXN007224,CUST1163,2024-02-08,Renewal,Pro,59
TXN007225,CUST1163,2024-03-08,Renewal,Pro,59
TXN007226,CUST1163,2024-04-08,Upgrade,Enterprise,149
TXN007227,CUST1163,2024-05-08,Renewal,Enterprise,149
TXN007228,CUST1163,2024-06-08,Renewal,Enterprise,149
TXN007229,CUST1163,2024-07-08,Renewal,Enterprise,149
TXN007230,CUST1163,2024-08-08,Renewal,Enterprise,149
TXN007231,CUST1163,2024-09-08,Downgrade,Pro,59
TXN007232,CUST1163,2024-10-08,Renewal,Pro,59
TXN007233,CUST1163,2024-11-08,Renewal,Pro,59
TXN007234,CUST1163,2024-12-08,Renewal,Pro,59
TXN007235,CUST1163,2025-01-08,Renewal,Pro,59
TXN007236,CUST1163,2025-02-08,Renewal,Pro,59
TXN007237,CUST1163,2025-03-08,Renewal,Pro,59
TXN007238,CUST1163,2025-04-08,Renewal,Pro,59
TXN007239,CUST1163,2025-05-08,Renewal,Pro,59
TXN007240,CUST1163,2025-06-08,Renewal,Pro,59
TXN007241,CUST1163,2025-07-08,Renewal,Pro,59
TXN007242,CUST1163,2025-08-08,Renewal,Pro,59
TXN007243,CUST1163,2025-09-08,Renewal,Pro,59
TXN007244,CUST1163,2025-10-08,Renewal,Pro,59
TXN007245,CUST1163,2025-11-08,Renewal,Pro,59
TXN007246,CUST1163,2025-12-08,Renewal,Pro,59
TXN007247,CUST1163,2026-01-08,Renewal,Pro,59
TXN007248,CUST1163,2026-02-08,Renewal,Pro,59
TXN007249,CUST1163,2026-03-08,Renewal,Pro,59
TXN007250,CUST1163,2026-04-08,Renewal,Pro,59
TXN007251,CUST1163,2026-05-08,Renewal,Pro,59
TXN007252,CUST1163,2026-06-08,Renewal,Pro,59
TXN007253,CUST1163,2026-07-08,Renewal,Pro,59
TXN007254,CUST1163,2026-08-08,Renewal,Pro,59
TXN007255,CUST1201,2023-11-10,New Subscription,Basic,29
TXN007256,CUST1201,2023-12-10,Renewal,Basic,29
TXN007257,CUST1201,2024-01-10,Cancellation,Basic,0
TXN007258,CUST1181,2023-11-20,New Subscription,Basic,29
TXN007259,CUST1181,2023-12-20,Renewal,Basic,29
TXN007260,CUST1181,2024-01-20,Upgrade,Pro,59
TXN007261,CUST1181,2024-02-20,Renewal,Pro,59
TXN007262,CUST1181,2024-03-20,Renewal,Pro,59
TXN007263,CUST1181,2024-04-20,Renewal,Pro,59
TXN007264,CUST1181,2024-05-20,Renewal,Pro,59
TXN007265,CUST1181,2024-06-20,Renewal,Pro,59
TXN007266,CUST1181,2024-07-20,Renewal,Pro,59
TXN007267,CUST1181,2024-08-20,Renewal,Pro,59
TXN007268,CUST1181,2024-09-20,Renewal,Pro,59
TXN007269,CUST1181,2024-10-20,Renewal,Pro,59
TXN007270,CUST1181,2024-11-20,Renewal,Pro,59
TXN007271,CUST1181,2024-12-20,Upgrade,Enterprise,149
TXN007272,CUST1181,2025-01-20,Renewal,Enterprise,149
TXN007273,CUST1181,2025-02-20,Renewal,Enterprise,149
TXN007274,CUST1181,2025-03-20,Renewal,Enterprise,149
TXN007275,CUST1181,2025-04-20,Renewal,Enterprise,149
TXN007276,CUST1181,2025-05-20,Renewal,Enterprise,149
TXN007277,CUST1181,2025-06-20,Renewal,Enterprise,149
TXN007278,CUST1181,2025-07-20,Renewal,Enterprise,149
TXN007279,CUST1181,2025-08-20,Renewal,Enterprise,149
TXN007280,CUST1181,2025-09-20,Renewal,Enterprise,149
TXN007281,CUST1181,2025-10-20,Renewal,Enterprise,149
TXN007282,CUST1181,2025-11-20,Renewal,Enterprise,149
TXN007283,CUST1181,2025-12-20,Renewal,Enterprise,149
TXN007284,CUST1181,2026-01-20,Renewal,Enterprise,149
TXN007285,CUST1181,2026-02-20,Renewal,Enterprise,149
TXN007286,CUST1181,2026-03-20,Renewal,Enterprise,149
TXN007287,CUST1181,2026-04-20,Renewal,Enterprise,149
TXN007288,CUST1181,2026-05-20,Renewal,Enterprise,149
TXN007289,CUST1181,2026-06-20,Renewal,Enterprise,149
TXN007290,CUST1181,2026-07-20,Renewal,Enterprise,149
TXN007291,CUST1142,2023-11-23,New Subscription,Basic,29
TXN007292,CUST1142,2023-12-23,Renewal,Basic,29
TXN007293,CUST1142,2024-01-23,Renewal,Basic,29
TXN007294,CUST1142,2024-02-23,Cancellation,Basic,0
TXN007295,CUST1164,2023-11-26,New Subscription,Pro,59
TXN007296,CUST1164,2023-12-26,Renewal,Pro,59
TXN007297,CUST1164,2024-01-26,Renewal,Pro,59
TXN007298,CUST1164,2024-02-26,Renewal,Pro,59
TXN007299,CUST1164,2024-03-26,Renewal,Pro,59
TXN007300,CUST1164,2024-04-26,Renewal,Pro,59
TXN007301,CUST1164,2024-05-26,Renewal,Pro,59
TXN007302,CUST1164,2024-06-26,Renewal,Pro,59
TXN007303,CUST1164,2024-07-26,Renewal,Pro,59
TXN007304,CUST1164,2024-08-26,Renewal,Pro,59
TXN007305,CUST1164,2024-09-26,Renewal,Pro,59
TXN007306,CUST1164,2024-10-26,Renewal,Pro,59
TXN007307,CUST1164,2024-11-26,Renewal,Pro,59
TXN007308,CUST1164,2024-12-26,Renewal,Pro,59
TXN007309,CUST1164,2025-01-26,Upgrade,Enterprise,149
TXN007310,CUST1164,2025-02-26,Renewal,Enterprise,149
TXN007311,CUST1164,2025-03-26,Renewal,Enterprise,149
TXN007312,CUST1164,2025-04-26,Renewal,Enterprise,149
TXN007313,CUST1164,2025-05-26,Renewal,Enterprise,149
TXN007314,CUST1164,2025-06-26,Renewal,Enterprise,149
TXN007315,CUST1164,2025-07-26,Renewal,Enterprise,149
TXN007316,CUST1164,2025-08-26,Renewal,Enterprise,149
TXN007317,CUST1164,2025-09-26,Renewal,Enterprise,149
TXN007318,CUST1164,2025-10-26,Renewal,Enterprise,149
TXN007319,CUST1164,2025-11-26,Renewal,Enterprise,149
TXN007320,CUST1164,2025-12-26,Renewal,Enterprise,149
TXN007321,CUST1164,2026-01-26,Renewal,Enterprise,149
TXN007322,CUST1164,2026-02-26,Renewal,Enterprise,149
TXN007323,CUST1164,2026-03-26,Renewal,Enterprise,149
TXN007324,CUST1164,2026-04-26,Renewal,Enterprise,149
TXN007325,CUST1164,2026-05-26,Renewal,Enterprise,149
TXN007326,CUST1164,2026-06-26,Renewal,Enterprise,149
TXN007327,CUST1164,2026-07-26,Renewal,Enterprise,149
TXN007328,CUST1170,2023-11-27,New Subscription,Basic,29
TXN007329,CUST1170,2023-12-27,Renewal,Basic,29
TXN007330,CUST1170,2024-01-27,Renewal,Basic,29
TXN007331,CUST1170,2024-02-27,Renewal,Basic,29
TXN007332,CUST1170,2024-03-27,Renewal,Basic,29
TXN007333,CUST1170,2024-04-27,Renewal,Basic,29
TXN007334,CUST1170,2024-05-27,Renewal,Basic,29
TXN007335,CUST1170,2024-06-27,Renewal,Basic,29
TXN007336,CUST1170,2024-07-27,Renewal,Basic,29
TXN007337,CUST1170,2024-08-27,Renewal,Basic,29
TXN007338,CUST1170,2024-09-27,Renewal,Basic,29
TXN007339,CUST1170,2024-10-27,Renewal,Basic,29
TXN007340,CUST1170,2024-11-27,Renewal,Basic,29
TXN007341,CUST1170,2024-12-27,Renewal,Basic,29
TXN007342,CUST1170,2025-01-27,Renewal,Basic,29
TXN007343,CUST1170,2025-02-27,Renewal,Basic,29
TXN007344,CUST1170,2025-03-27,Renewal,Basic,29
TXN007345,CUST1170,2025-04-27,Renewal,Basic,29
TXN007346,CUST1170,2025-05-27,Renewal,Basic,29
TXN007347,CUST1170,2025-06-27,Renewal,Basic,29
TXN007348,CUST1170,2025-07-27,Renewal,Basic,29
TXN007349,CUST1170,2025-08-27,Renewal,Basic,29
TXN007350,CUST1170,2025-09-27,Renewal,Basic,29
TXN007351,CUST1170,2025-10-27,Renewal,Basic,29
TXN007352,CUST1170,2025-11-27,Renewal,Basic,29
TXN007353,CUST1170,2025-12-27,Renewal,Basic,29
TXN007354,CUST1170,2026-01-27,Renewal,Basic,29
TXN007355,CUST1170,2026-02-27,Renewal,Basic,29
TXN007356,CUST1170,2026-03-27,Renewal,Basic,29
TXN007357,CUST1170,2026-04-27,Renewal,Basic,29
TXN007358,CUST1170,2026-05-27,Renewal,Basic,29
TXN007359,CUST1170,2026-06-27,Renewal,Basic,29
TXN007360,CUST1170,2026-07-27,Renewal,Basic,29
TXN007361,CUST1171,2023-11-27,New Subscription,Pro,59
TXN007362,CUST1171,2023-12-27,Renewal,Pro,59
TXN007363,CUST1171,2024-01-27,Renewal,Pro,59
TXN007364,CUST1171,2024-02-27,Cancellation,Pro,0
TXN007365,CUST1159,2023-12-04,New Subscription,Basic,29
TXN007366,CUST1159,2024-01-04,Renewal,Basic,29
TXN007367,CUST1159,2024-02-04,Renewal,Basic,29
TXN007368,CUST1159,2024-03-04,Cancellation,Basic,0
TXN007369,CUST1151,2023-12-05,New Subscription,Basic,29
TXN007370,CUST1151,2024-01-05,Renewal,Basic,29
TXN007371,CUST1151,2024-02-05,Renewal,Basic,29
TXN007372,CUST1151,2024-03-05,Renewal,Basic,29
TXN007373,CUST1151,2024-04-05,Renewal,Basic,29
TXN007374,CUST1151,2024-05-05,Renewal,Basic,29
TXN007375,CUST1151,2024-06-05,Renewal,Basic,29
TXN007376,CUST1151,2024-07-05,Renewal,Basic,29
TXN007377,CUST1151,2024-08-05,Renewal,Basic,29
TXN007378,CUST1151,2024-09-05,Renewal,Basic,29
TXN007379,CUST1151,2024-10-05,Cancellation,Basic,0
TXN007380,CUST1147,2023-12-06,New Subscription,Basic,29
TXN007381,CUST1147,2024-01-06,Renewal,Basic,29
TXN007382,CUST1147,2024-02-06,Renewal,Basic,29
TXN007383,CUST1147,2024-03-06,Renewal,Basic,29
TXN007384,CUST1147,2024-04-06,Renewal,Basic,29
TXN007385,CUST1147,2024-05-06,Renewal,Basic,29
TXN007386,CUST1147,2024-06-06,Renewal,Basic,29
TXN007387,CUST1147,2024-07-06,Renewal,Basic,29
TXN007388,CUST1147,2024-08-06,Renewal,Basic,29
TXN007389,CUST1147,2024-09-06,Renewal,Basic,29
TXN007390,CUST1147,2024-10-06,Renewal,Basic,29
TXN007391,CUST1147,2024-11-06,Renewal,Basic,29
TXN007392,CUST1147,2024-12-06,Renewal,Basic,29
TXN007393,CUST1147,2025-01-06,Renewal,Basic,29
TXN007394,CUST1147,2025-02-06,Renewal,Basic,29
TXN007395,CUST1147,2025-03-06,Renewal,Basic,29
TXN007396,CUST1147,2025-04-06,Renewal,Basic,29
TXN007397,CUST1147,2025-05-06,Renewal,Basic,29
TXN007398,CUST1147,2025-06-06,Renewal,Basic,29
TXN007399,CUST1147,2025-07-06,Renewal,Basic,29
TXN007400,CUST1147,2025-08-06,Renewal,Basic,29
TXN007401,CUST1147,2025-09-06,Renewal,Basic,29
TXN007402,CUST1147,2025-10-06,Renewal,Basic,29
TXN007403,CUST1147,2025-11-06,Renewal,Basic,29
TXN007404,CUST1147,2025-12-06,Renewal,Basic,29
TXN007405,CUST1147,2026-01-06,Renewal,Basic,29
TXN007406,CUST1147,2026-02-06,Renewal,Basic,29
TXN007407,CUST1147,2026-03-06,Renewal,Basic,29
TXN007408,CUST1147,2026-04-06,Renewal,Basic,29
TXN007409,CUST1147,2026-05-06,Renewal,Basic,29
TXN007410,CUST1147,2026-06-06,Renewal,Basic,29
TXN007411,CUST1147,2026-07-06,Renewal,Basic,29
TXN007412,CUST1147,2026-08-06,Renewal,Basic,29
TXN007413,CUST1184,2023-12-10,New Subscription,Pro,59
TXN007414,CUST1184,2024-01-10,Renewal,Pro,59
TXN007415,CUST1184,2024-02-10,Renewal,Pro,59
TXN007416,CUST1184,2024-03-10,Renewal,Pro,59
TXN007417,CUST1184,2024-04-10,Renewal,Pro,59
TXN007418,CUST1184,2024-05-10,Renewal,Pro,59
TXN007419,CUST1184,2024-06-10,Renewal,Pro,59
TXN007420,CUST1184,2024-07-10,Cancellation,Pro,0
TXN007421,CUST1203,2023-12-10,New Subscription,Pro,59
TXN007422,CUST1203,2024-01-10,Renewal,Pro,59
TXN007423,CUST1203,2024-02-10,Renewal,Pro,59
TXN007424,CUST1203,2024-03-10,Renewal,Pro,59
TXN007425,CUST1203,2024-04-10,Renewal,Pro,59
TXN007426,CUST1203,2024-05-10,Renewal,Pro,59
TXN007427,CUST1203,2024-06-10,Renewal,Pro,59
TXN007428,CUST1203,2024-07-10,Renewal,Pro,59
TXN007429,CUST1203,2024-08-10,Upgrade,Enterprise,149
TXN007430,CUST1203,2024-09-10,Renewal,Enterprise,149
TXN007431,CUST1203,2024-10-10,Renewal,Enterprise,149
TXN007432,CUST1203,2024-11-10,Renewal,Enterprise,149
TXN007433,CUST1203,2024-12-10,Renewal,Enterprise,149
TXN007434,CUST1203,2025-01-10,Renewal,Enterprise,149
TXN007435,CUST1203,2025-02-10,Renewal,Enterprise,149
TXN007436,CUST1203,2025-03-10,Renewal,Enterprise,149
TXN007437,CUST1203,2025-04-10,Renewal,Enterprise,149
TXN007438,CUST1203,2025-05-10,Renewal,Enterprise,149
TXN007439,CUST1203,2025-06-10,Cancellation,Enterprise,0
TXN007440,CUST1198,2023-12-13,New Subscription,Enterprise,149
TXN007441,CUST1198,2024-01-13,Renewal,Enterprise,149
TXN007442,CUST1198,2024-02-13,Renewal,Enterprise,149
TXN007443,CUST1198,2024-03-13,Renewal,Enterprise,149
TXN007444,CUST1198,2024-04-13,Renewal,Enterprise,149
TXN007445,CUST1198,2024-05-13,Renewal,Enterprise,149
TXN007446,CUST1198,2024-06-13,Renewal,Enterprise,149
TXN007447,CUST1198,2024-07-13,Renewal,Enterprise,149
TXN007448,CUST1198,2024-08-13,Renewal,Enterprise,149
TXN007449,CUST1198,2024-09-13,Renewal,Enterprise,149
TXN007450,CUST1198,2024-10-13,Renewal,Enterprise,149
TXN007451,CUST1198,2024-11-13,Renewal,Enterprise,149
TXN007452,CUST1198,2024-12-13,Renewal,Enterprise,149
TXN007453,CUST1198,2025-01-13,Renewal,Enterprise,149
TXN007454,CUST1198,2025-02-13,Renewal,Enterprise,149
TXN007455,CUST1198,2025-03-13,Renewal,Enterprise,149
TXN007456,CUST1198,2025-04-13,Renewal,Enterprise,149
TXN007457,CUST1198,2025-05-13,Renewal,Enterprise,149
TXN007458,CUST1198,2025-06-13,Downgrade,Pro,59
TXN007459,CUST1198,2025-07-13,Renewal,Pro,59
TXN007460,CUST1198,2025-08-13,Renewal,Pro,59
TXN007461,CUST1198,2025-09-13,Renewal,Pro,59
TXN007462,CUST1198,2025-10-13,Renewal,Pro,59
TXN007463,CUST1198,2025-11-13,Renewal,Pro,59
TXN007464,CUST1198,2025-12-13,Renewal,Pro,59
TXN007465,CUST1198,2026-01-13,Renewal,Pro,59
TXN007466,CUST1198,2026-02-13,Renewal,Pro,59
TXN007467,CUST1198,2026-03-13,Renewal,Pro,59
TXN007468,CUST1198,2026-04-13,Renewal,Pro,59
TXN007469,CUST1198,2026-05-13,Renewal,Pro,59
TXN007470,CUST1198,2026-06-13,Renewal,Pro,59
TXN007471,CUST1198,2026-07-13,Renewal,Pro,59
TXN007472,CUST1198,2026-08-13,Renewal,Pro,59
TXN007473,CUST1141,2023-12-14,New Subscription,Pro,59
TXN007474,CUST1141,2024-01-14,Renewal,Pro,59
TXN007475,CUST1141,2024-02-14,Renewal,Pro,59
TXN007476,CUST1141,2024-03-14,Renewal,Pro,59
TXN007477,CUST1141,2024-04-14,Renewal,Pro,59
TXN007478,CUST1141,2024-05-14,Renewal,Pro,59
TXN007479,CUST1141,2024-06-14,Renewal,Pro,59
TXN007480,CUST1141,2024-07-14,Renewal,Pro,59
TXN007481,CUST1141,2024-08-14,Renewal,Pro,59
TXN007482,CUST1141,2024-09-14,Renewal,Pro,59
TXN007483,CUST1141,2024-10-14,Renewal,Pro,59
TXN007484,CUST1141,2024-11-14,Renewal,Pro,59
TXN007485,CUST1141,2024-12-14,Renewal,Pro,59
TXN007486,CUST1141,2025-01-14,Renewal,Pro,59
TXN007487,CUST1141,2025-02-14,Renewal,Pro,59
TXN007488,CUST1141,2025-03-14,Renewal,Pro,59
TXN007489,CUST1141,2025-04-14,Renewal,Pro,59
TXN007490,CUST1141,2025-05-14,Cancellation,Pro,0
TXN007491,CUST1141,2025-12-14,Reactivation,Pro,59
TXN007492,CUST1141,2026-01-14,Renewal,Pro,59
TXN007493,CUST1141,2026-02-14,Renewal,Pro,59
TXN007494,CUST1141,2026-03-14,Renewal,Pro,59
TXN007495,CUST1141,2026-04-14,Renewal,Pro,59
TXN007496,CUST1141,2026-05-14,Renewal,Pro,59
TXN007497,CUST1141,2026-06-14,Renewal,Pro,59
TXN007498,CUST1141,2026-07-14,Renewal,Pro,59
TXN007499,CUST1141,2026-08-14,Renewal,Pro,59
TXN007500,CUST1238,2024-01-02,New Subscription,Basic,29
TXN007501,CUST1238,2024-02-02,Upgrade,Pro,59
TXN007502,CUST1238,2024-03-02,Renewal,Pro,59
TXN007503,CUST1238,2024-04-02,Renewal,Pro,59
TXN007504,CUST1238,2024-05-02,Renewal,Pro,59
TXN007505,CUST1238,2024-06-02,Renewal,Pro,59
TXN007506,CUST1238,2024-07-02,Renewal,Pro,59
TXN007507,CUST1238,2024-08-02,Renewal,Pro,59
TXN007508,CUST1238,2024-09-02,Renewal,Pro,59
TXN007509,CUST1238,2024-10-02,Renewal,Pro,59
TXN007510,CUST1238,2024-11-02,Renewal,Pro,59
TXN007511,CUST1238,2024-12-02,Renewal,Pro,59
TXN007512,CUST1238,2025-01-02,Renewal,Pro,59
TXN007513,CUST1238,2025-02-02,Renewal,Pro,59
TXN007514,CUST1238,2025-03-02,Renewal,Pro,59
TXN007515,CUST1238,2025-04-02,Renewal,Pro,59
TXN007516,CUST1238,2025-05-02,Renewal,Pro,59
TXN007517,CUST1238,2025-06-02,Renewal,Pro,59
TXN007518,CUST1238,2025-07-02,Renewal,Pro,59
TXN007519,CUST1238,2025-08-02,Renewal,Pro,59
TXN007520,CUST1238,2025-09-02,Renewal,Pro,59
TXN007521,CUST1238,2025-10-02,Renewal,Pro,59
TXN007522,CUST1238,2025-11-02,Renewal,Pro,59
TXN007523,CUST1238,2025-12-02,Renewal,Pro,59
TXN007524,CUST1238,2026-01-02,Renewal,Pro,59
TXN007525,CUST1238,2026-02-02,Renewal,Pro,59
TXN007526,CUST1238,2026-03-02,Renewal,Pro,59
TXN007527,CUST1238,2026-04-02,Renewal,Pro,59
TXN007528,CUST1238,2026-05-02,Renewal,Pro,59
TXN007529,CUST1238,2026-06-02,Renewal,Pro,59
TXN007530,CUST1238,2026-07-02,Renewal,Pro,59
TXN007531,CUST1238,2026-08-02,Renewal,Pro,59
TXN007532,CUST1244,2024-01-06,New Subscription,Basic,29
TXN007533,CUST1244,2024-02-06,Cancellation,Basic,0
TXN007534,CUST1230,2024-01-10,New Subscription,Basic,29
TXN007535,CUST1230,2024-02-10,Renewal,Basic,29
TXN007536,CUST1230,2024-03-10,Renewal,Basic,29
TXN007537,CUST1230,2024-04-10,Renewal,Basic,29
TXN007538,CUST1230,2024-05-10,Renewal,Basic,29
TXN007539,CUST1230,2024-06-10,Renewal,Basic,29
TXN007540,CUST1230,2024-07-10,Upgrade,Pro,59
TXN007541,CUST1230,2024-08-10,Renewal,Pro,59
TXN007542,CUST1230,2024-09-10,Renewal,Pro,59
TXN007543,CUST1230,2024-10-10,Renewal,Pro,59
TXN007544,CUST1230,2024-11-10,Renewal,Pro,59
TXN007545,CUST1230,2024-12-10,Renewal,Pro,59
TXN007546,CUST1230,2025-01-10,Renewal,Pro,59
TXN007547,CUST1230,2025-02-10,Renewal,Pro,59
TXN007548,CUST1230,2025-03-10,Renewal,Pro,59
TXN007549,CUST1230,2025-04-10,Renewal,Pro,59
TXN007550,CUST1230,2025-05-10,Renewal,Pro,59
TXN007551,CUST1230,2025-06-10,Renewal,Pro,59
TXN007552,CUST1230,2025-07-10,Renewal,Pro,59
TXN007553,CUST1230,2025-08-10,Renewal,Pro,59
TXN007554,CUST1230,2025-09-10,Renewal,Pro,59
TXN007555,CUST1230,2025-10-10,Renewal,Pro,59
TXN007556,CUST1230,2025-11-10,Renewal,Pro,59
TXN007557,CUST1230,2025-12-10,Renewal,Pro,59
TXN007558,CUST1230,2026-01-10,Renewal,Pro,59
TXN007559,CUST1230,2026-02-10,Renewal,Pro,59
TXN007560,CUST1230,2026-03-10,Renewal,Pro,59
TXN007561,CUST1230,2026-04-10,Renewal,Pro,59
TXN007562,CUST1230,2026-05-10,Renewal,Pro,59
TXN007563,CUST1230,2026-06-10,Renewal,Pro,59
TXN007564,CUST1230,2026-07-10,Renewal,Pro,59
TXN007565,CUST1230,2026-08-10,Renewal,Pro,59
TXN007566,CUST1213,2024-01-19,New Subscription,Enterprise,149
TXN007567,CUST1213,2024-02-19,Renewal,Enterprise,149
TXN007568,CUST1213,2024-03-19,Renewal,Enterprise,149
TXN007569,CUST1213,2024-04-19,Renewal,Enterprise,149
TXN007570,CUST1213,2024-05-19,Renewal,Enterprise,149
TXN007571,CUST1213,2024-06-19,Renewal,Enterprise,149
TXN007572,CUST1213,2024-07-19,Renewal,Enterprise,149
TXN007573,CUST1213,2024-08-19,Renewal,Enterprise,149
TXN007574,CUST1213,2024-09-19,Renewal,Enterprise,149
TXN007575,CUST1213,2024-10-19,Renewal,Enterprise,149
TXN007576,CUST1213,2024-11-19,Renewal,Enterprise,149
TXN007577,CUST1213,2024-12-19,Renewal,Enterprise,149
TXN007578,CUST1213,2025-01-19,Renewal,Enterprise,149
TXN007579,CUST1213,2025-02-19,Renewal,Enterprise,149
TXN007580,CUST1213,2025-03-19,Renewal,Enterprise,149
TXN007581,CUST1213,2025-04-19,Renewal,Enterprise,149
TXN007582,CUST1213,2025-05-19,Renewal,Enterprise,149
TXN007583,CUST1213,2025-06-19,Downgrade,Pro,59
TXN007584,CUST1213,2025-07-19,Renewal,Pro,59
TXN007585,CUST1213,2025-08-19,Renewal,Pro,59
TXN007586,CUST1213,2025-09-19,Renewal,Pro,59
TXN007587,CUST1213,2025-10-19,Renewal,Pro,59
TXN007588,CUST1213,2025-11-19,Renewal,Pro,59
TXN007589,CUST1213,2025-12-19,Renewal,Pro,59
TXN007590,CUST1213,2026-01-19,Renewal,Pro,59
TXN007591,CUST1213,2026-02-19,Renewal,Pro,59
TXN007592,CUST1213,2026-03-19,Renewal,Pro,59
TXN007593,CUST1213,2026-04-19,Renewal,Pro,59
TXN007594,CUST1213,2026-05-19,Renewal,Pro,59
TXN007595,CUST1213,2026-06-19,Renewal,Pro,59
TXN007596,CUST1213,2026-07-19,Renewal,Pro,59
TXN007597,CUST1271,2024-02-02,New Subscription,Basic,29
TXN007598,CUST1271,2024-03-02,Renewal,Basic,29
TXN007599,CUST1271,2024-04-02,Renewal,Basic,29
TXN007600,CUST1271,2024-05-02,Renewal,Basic,29
TXN007601,CUST1271,2024-06-02,Renewal,Basic,29
TXN007602,CUST1271,2024-07-02,Renewal,Basic,29
TXN007603,CUST1271,2024-08-02,Upgrade,Pro,59
TXN007604,CUST1271,2024-09-02,Renewal,Pro,59
TXN007605,CUST1271,2024-10-02,Renewal,Pro,59
TXN007606,CUST1271,2024-11-02,Renewal,Pro,59
TXN007607,CUST1271,2024-12-02,Renewal,Pro,59
TXN007608,CUST1271,2025-01-02,Renewal,Pro,59
TXN007609,CUST1271,2025-02-02,Renewal,Pro,59
TXN007610,CUST1271,2025-03-02,Renewal,Pro,59
TXN007611,CUST1271,2025-04-02,Renewal,Pro,59
TXN007612,CUST1271,2025-05-02,Renewal,Pro,59
TXN007613,CUST1271,2025-06-02,Renewal,Pro,59
TXN007614,CUST1271,2025-07-02,Renewal,Pro,59
TXN007615,CUST1271,2025-08-02,Renewal,Pro,59
TXN007616,CUST1271,2025-09-02,Renewal,Pro,59
TXN007617,CUST1271,2025-10-02,Renewal,Pro,59
TXN007618,CUST1271,2025-11-02,Renewal,Pro,59
TXN007619,CUST1271,2025-12-02,Renewal,Pro,59
TXN007620,CUST1271,2026-01-02,Renewal,Pro,59
TXN007621,CUST1271,2026-02-02,Renewal,Pro,59
TXN007622,CUST1271,2026-03-02,Renewal,Pro,59
TXN007623,CUST1271,2026-04-02,Renewal,Pro,59
TXN007624,CUST1271,2026-05-02,Renewal,Pro,59
TXN007625,CUST1271,2026-06-02,Renewal,Pro,59
TXN007626,CUST1271,2026-07-02,Renewal,Pro,59
TXN007627,CUST1271,2026-08-02,Renewal,Pro,59
TXN007628,CUST1211,2024-02-08,New Subscription,Basic,29
TXN007629,CUST1211,2024-03-08,Renewal,Basic,29
TXN007630,CUST1211,2024-04-08,Renewal,Basic,29
TXN007631,CUST1211,2024-05-08,Renewal,Basic,29
TXN007632,CUST1211,2024-06-08,Renewal,Basic,29
TXN007633,CUST1211,2024-07-08,Renewal,Basic,29
TXN007634,CUST1211,2024-08-08,Renewal,Basic,29
TXN007635,CUST1211,2024-09-08,Renewal,Basic,29
TXN007636,CUST1211,2024-10-08,Cancellation,Basic,0
TXN007637,CUST1284,2024-02-08,New Subscription,Basic,29
TXN007638,CUST1284,2024-03-08,Upgrade,Pro,59
TXN007639,CUST1284,2024-04-08,Renewal,Pro,59
TXN007640,CUST1284,2024-05-08,Renewal,Pro,59
TXN007641,CUST1284,2024-06-08,Renewal,Pro,59
TXN007642,CUST1284,2024-07-08,Renewal,Pro,59
TXN007643,CUST1284,2024-08-08,Renewal,Pro,59
TXN007644,CUST1284,2024-09-08,Renewal,Pro,59
TXN007645,CUST1284,2024-10-08,Cancellation,Pro,0
TXN007646,CUST1284,2025-02-08,Reactivation,Pro,59
TXN007647,CUST1284,2025-03-08,Renewal,Pro,59
TXN007648,CUST1284,2025-04-08,Renewal,Pro,59
TXN007649,CUST1284,2025-05-08,Renewal,Pro,59
TXN007650,CUST1284,2025-06-08,Renewal,Pro,59
TXN007651,CUST1284,2025-07-08,Renewal,Pro,59
TXN007652,CUST1284,2025-08-08,Renewal,Pro,59
TXN007653,CUST1284,2025-09-08,Renewal,Pro,59
TXN007654,CUST1284,2025-10-08,Renewal,Pro,59
TXN007655,CUST1284,2025-11-08,Renewal,Pro,59
TXN007656,CUST1284,2025-12-08,Renewal,Pro,59
TXN007657,CUST1284,2026-01-08,Renewal,Pro,59
TXN007658,CUST1284,2026-02-08,Renewal,Pro,59
TXN007659,CUST1284,2026-03-08,Cancellation,Pro,0
TXN007660,CUST1284,2026-04-08,Reactivation,Pro,59
TXN007661,CUST1284,2026-05-08,Renewal,Pro,59
TXN007662,CUST1284,2026-06-08,Renewal,Pro,59
TXN007663,CUST1284,2026-07-08,Upgrade,Enterprise,149
TXN007664,CUST1284,2026-08-08,Renewal,Enterprise,149
TXN007665,CUST1272,2024-02-09,New Subscription,Pro,59
TXN007666,CUST1272,2024-03-09,Renewal,Pro,59
TXN007667,CUST1272,2024-04-09,Renewal,Pro,59
TXN007668,CUST1272,2024-05-09,Renewal,Pro,59
TXN007669,CUST1272,2024-06-09,Renewal,Pro,59
TXN007670,CUST1272,2024-07-09,Renewal,Pro,59
TXN007671,CUST1272,2024-08-09,Renewal,Pro,59
TXN007672,CUST1272,2024-09-09,Renewal,Pro,59
TXN007673,CUST1272,2024-10-09,Renewal,Pro,59
TXN007674,CUST1272,2024-11-09,Renewal,Pro,59
TXN007675,CUST1272,2024-12-09,Renewal,Pro,59
TXN007676,CUST1272,2025-01-09,Cancellation,Pro,0
TXN007677,CUST1274,2024-02-10,New Subscription,Pro,59
TXN007678,CUST1274,2024-03-10,Renewal,Pro,59
TXN007679,CUST1274,2024-04-10,Renewal,Pro,59
TXN007680,CUST1274,2024-05-10,Renewal,Pro,59
TXN007681,CUST1274,2024-06-10,Renewal,Pro,59
TXN007682,CUST1274,2024-07-10,Renewal,Pro,59
TXN007683,CUST1274,2024-08-10,Renewal,Pro,59
TXN007684,CUST1274,2024-09-10,Renewal,Pro,59
TXN007685,CUST1274,2024-10-10,Renewal,Pro,59
TXN007686,CUST1274,2024-11-10,Renewal,Pro,59
TXN007687,CUST1274,2024-12-10,Renewal,Pro,59
TXN007688,CUST1274,2025-01-10,Cancellation,Pro,0
TXN007689,CUST1250,2024-02-11,New Subscription,Basic,29
TXN007690,CUST1250,2024-03-11,Renewal,Basic,29
TXN007691,CUST1250,2024-04-11,Renewal,Basic,29
TXN007692,CUST1250,2024-05-11,Renewal,Basic,29
TXN007693,CUST1250,2024-06-11,Renewal,Basic,29
TXN007694,CUST1250,2024-07-11,Renewal,Basic,29
TXN007695,CUST1250,2024-08-11,Renewal,Basic,29
TXN007696,CUST1250,2024-09-11,Renewal,Basic,29
TXN007697,CUST1250,2024-10-11,Renewal,Basic,29
TXN007698,CUST1250,2024-11-11,Renewal,Basic,29
TXN007699,CUST1250,2024-12-11,Upgrade,Pro,59
TXN007700,CUST1250,2025-01-11,Renewal,Pro,59
TXN007701,CUST1250,2025-02-11,Renewal,Pro,59
TXN007702,CUST1250,2025-03-11,Renewal,Pro,59
TXN007703,CUST1250,2025-04-11,Renewal,Pro,59
TXN007704,CUST1250,2025-05-11,Renewal,Pro,59
TXN007705,CUST1250,2025-06-11,Renewal,Pro,59
TXN007706,CUST1250,2025-07-11,Renewal,Pro,59
TXN007707,CUST1250,2025-08-11,Renewal,Pro,59
TXN007708,CUST1250,2025-09-11,Renewal,Pro,59
TXN007709,CUST1250,2025-10-11,Renewal,Pro,59
TXN007710,CUST1250,2025-11-11,Renewal,Pro,59
TXN007711,CUST1250,2025-12-11,Renewal,Pro,59
TXN007712,CUST1250,2026-01-11,Renewal,Pro,59
TXN007713,CUST1250,2026-02-11,Renewal,Pro,59
TXN007714,CUST1250,2026-03-11,Renewal,Pro,59
TXN007715,CUST1250,2026-04-11,Renewal,Pro,59
TXN007716,CUST1250,2026-05-11,Renewal,Pro,59
TXN007717,CUST1250,2026-06-11,Renewal,Pro,59
TXN007718,CUST1250,2026-07-11,Renewal,Pro,59
TXN007719,CUST1250,2026-08-11,Renewal,Pro,59
TXN007720,CUST1225,2024-02-15,New Subscription,Basic,29
TXN007721,CUST1225,2024-03-15,Renewal,Basic,29
TXN007722,CUST1225,2024-04-15,Renewal,Basic,29
TXN007723,CUST1225,2024-05-15,Renewal,Basic,29
TXN007724,CUST1225,2024-06-15,Renewal,Basic,29
TXN007725,CUST1225,2024-07-15,Renewal,Basic,29
TXN007726,CUST1225,2024-08-15,Renewal,Basic,29
TXN007727,CUST1225,2024-09-15,Renewal,Basic,29
TXN007728,CUST1225,2024-10-15,Renewal,Basic,29
TXN007729,CUST1225,2024-11-15,Renewal,Basic,29
TXN007730,CUST1225,2024-12-15,Upgrade,Pro,59
TXN007731,CUST1225,2025-01-15,Renewal,Pro,59
TXN007732,CUST1225,2025-02-15,Renewal,Pro,59
TXN007733,CUST1225,2025-03-15,Cancellation,Pro,0
TXN007734,CUST1295,2024-02-20,New Subscription,Pro,59
TXN007735,CUST1295,2024-03-20,Renewal,Pro,59
TXN007736,CUST1295,2024-04-20,Renewal,Pro,59
TXN007737,CUST1295,2024-05-20,Renewal,Pro,59
TXN007738,CUST1295,2024-06-20,Renewal,Pro,59
TXN007739,CUST1295,2024-07-20,Renewal,Pro,59
TXN007740,CUST1295,2024-08-20,Renewal,Pro,59
TXN007741,CUST1295,2024-09-20,Renewal,Pro,59
TXN007742,CUST1295,2024-10-20,Renewal,Pro,59
TXN007743,CUST1295,2024-11-20,Renewal,Pro,59
TXN007744,CUST1295,2024-12-20,Renewal,Pro,59
TXN007745,CUST1295,2025-01-20,Renewal,Pro,59
TXN007746,CUST1295,2025-02-20,Renewal,Pro,59
TXN007747,CUST1295,2025-03-20,Renewal,Pro,59
TXN007748,CUST1295,2025-04-20,Renewal,Pro,59
TXN007749,CUST1295,2025-05-20,Renewal,Pro,59
TXN007750,CUST1295,2025-06-20,Renewal,Pro,59
TXN007751,CUST1295,2025-07-20,Renewal,Pro,59
TXN007752,CUST1295,2025-08-20,Cancellation,Pro,0
TXN007753,CUST1295,2026-04-20,Reactivation,Pro,59
TXN007754,CUST1295,2026-05-20,Renewal,Pro,59
TXN007755,CUST1295,2026-06-20,Renewal,Pro,59
TXN007756,CUST1295,2026-07-20,Renewal,Pro,59
TXN007757,CUST1245,2024-02-24,New Subscription,Basic,29
TXN007758,CUST1245,2024-03-24,Renewal,Basic,29
TXN007759,CUST1245,2024-04-24,Renewal,Basic,29
TXN007760,CUST1245,2024-05-24,Renewal,Basic,29
TXN007761,CUST1245,2024-06-24,Renewal,Basic,29
TXN007762,CUST1245,2024-07-24,Renewal,Basic,29
TXN007763,CUST1245,2024-08-24,Renewal,Basic,29
TXN007764,CUST1245,2024-09-24,Renewal,Basic,29
TXN007765,CUST1245,2024-10-24,Renewal,Basic,29
TXN007766,CUST1245,2024-11-24,Renewal,Basic,29
TXN007767,CUST1245,2024-12-24,Renewal,Basic,29
TXN007768,CUST1245,2025-01-24,Cancellation,Basic,0
TXN007769,CUST1298,2024-02-26,New Subscription,Pro,59
TXN007770,CUST1298,2024-03-26,Renewal,Pro,59
TXN007771,CUST1298,2024-04-26,Renewal,Pro,59
TXN007772,CUST1298,2024-05-26,Renewal,Pro,59
TXN007773,CUST1298,2024-06-26,Renewal,Pro,59
TXN007774,CUST1298,2024-07-26,Renewal,Pro,59
TXN007775,CUST1298,2024-08-26,Renewal,Pro,59
TXN007776,CUST1298,2024-09-26,Renewal,Pro,59
TXN007777,CUST1298,2024-10-26,Renewal,Pro,59
TXN007778,CUST1298,2024-11-26,Renewal,Pro,59
TXN007779,CUST1298,2024-12-26,Renewal,Pro,59
TXN007780,CUST1298,2025-01-26,Renewal,Pro,59
TXN007781,CUST1298,2025-02-26,Renewal,Pro,59
TXN007782,CUST1298,2025-03-26,Renewal,Pro,59
TXN007783,CUST1298,2025-04-26,Renewal,Pro,59
TXN007784,CUST1298,2025-05-26,Renewal,Pro,59
TXN007785,CUST1298,2025-06-26,Renewal,Pro,59
TXN007786,CUST1298,2025-07-26,Renewal,Pro,59
TXN007787,CUST1298,2025-08-26,Renewal,Pro,59
TXN007788,CUST1298,2025-09-26,Renewal,Pro,59
TXN007789,CUST1298,2025-10-26,Renewal,Pro,59
TXN007790,CUST1298,2025-11-26,Renewal,Pro,59
TXN007791,CUST1298,2025-12-26,Renewal,Pro,59
TXN007792,CUST1298,2026-01-26,Renewal,Pro,59
TXN007793,CUST1298,2026-02-26,Renewal,Pro,59
TXN007794,CUST1298,2026-03-26,Renewal,Pro,59
TXN007795,CUST1298,2026-04-26,Renewal,Pro,59
TXN007796,CUST1298,2026-05-26,Renewal,Pro,59
TXN007797,CUST1298,2026-06-26,Renewal,Pro,59
TXN007798,CUST1298,2026-07-26,Renewal,Pro,59
TXN007799,CUST1243,2024-03-01,New Subscription,Pro,59
TXN007800,CUST1243,2024-04-01,Renewal,Pro,59
TXN007801,CUST1243,2024-05-01,Renewal,Pro,59
TXN007802,CUST1243,2024-06-01,Renewal,Pro,59
TXN007803,CUST1243,2024-07-01,Renewal,Pro,59
TXN007804,CUST1243,2024-08-01,Renewal,Pro,59
TXN007805,CUST1243,2024-09-01,Renewal,Pro,59
TXN007806,CUST1243,2024-10-01,Renewal,Pro,59
TXN007807,CUST1243,2024-11-01,Renewal,Pro,59
TXN007808,CUST1243,2024-12-01,Renewal,Pro,59
TXN007809,CUST1243,2025-01-01,Renewal,Pro,59
TXN007810,CUST1243,2025-02-01,Renewal,Pro,59
TXN007811,CUST1243,2025-03-01,Renewal,Pro,59
TXN007812,CUST1243,2025-04-01,Renewal,Pro,59
TXN007813,CUST1243,2025-05-01,Renewal,Pro,59
TXN007814,CUST1243,2025-06-01,Renewal,Pro,59
TXN007815,CUST1243,2025-07-01,Renewal,Pro,59
TXN007816,CUST1243,2025-08-01,Renewal,Pro,59
TXN007817,CUST1243,2025-09-01,Renewal,Pro,59
TXN007818,CUST1243,2025-10-01,Renewal,Pro,59
TXN007819,CUST1243,2025-11-01,Renewal,Pro,59
TXN007820,CUST1243,2025-12-01,Renewal,Pro,59
TXN007821,CUST1243,2026-01-01,Renewal,Pro,59
TXN007822,CUST1243,2026-02-01,Renewal,Pro,59
TXN007823,CUST1243,2026-03-01,Renewal,Pro,59
TXN007824,CUST1243,2026-04-01,Renewal,Pro,59
TXN007825,CUST1243,2026-05-01,Renewal,Pro,59
TXN007826,CUST1243,2026-06-01,Renewal,Pro,59
TXN007827,CUST1243,2026-07-01,Renewal,Pro,59
TXN007828,CUST1243,2026-08-01,Renewal,Pro,59
TXN007829,CUST1278,2024-03-13,New Subscription,Pro,59
TXN007830,CUST1278,2024-04-13,Renewal,Pro,59
TXN007831,CUST1278,2024-05-13,Renewal,Pro,59
TXN007832,CUST1278,2024-06-13,Renewal,Pro,59
TXN007833,CUST1278,2024-07-13,Cancellation,Pro,0
TXN007834,CUST1278,2024-10-13,Reactivation,Pro,59
TXN007835,CUST1278,2024-11-13,Renewal,Pro,59
TXN007836,CUST1278,2024-12-13,Renewal,Pro,59
TXN007837,CUST1278,2025-01-13,Renewal,Pro,59
TXN007838,CUST1278,2025-02-13,Cancellation,Pro,0
TXN007839,CUST1278,2025-03-13,Reactivation,Pro,59
TXN007840,CUST1278,2025-04-13,Renewal,Pro,59
TXN007841,CUST1278,2025-05-13,Renewal,Pro,59
TXN007842,CUST1278,2025-06-13,Renewal,Pro,59
TXN007843,CUST1278,2025-07-13,Renewal,Pro,59
TXN007844,CUST1278,2025-08-13,Renewal,Pro,59
TXN007845,CUST1278,2025-09-13,Renewal,Pro,59
TXN007846,CUST1278,2025-10-13,Renewal,Pro,59
TXN007847,CUST1278,2025-11-13,Renewal,Pro,59
TXN007848,CUST1278,2025-12-13,Renewal,Pro,59
TXN007849,CUST1278,2026-01-13,Renewal,Pro,59
TXN007850,CUST1278,2026-02-13,Renewal,Pro,59
TXN007851,CUST1278,2026-03-13,Renewal,Pro,59
TXN007852,CUST1278,2026-04-13,Renewal,Pro,59
TXN007853,CUST1278,2026-05-13,Renewal,Pro,59
TXN007854,CUST1278,2026-06-13,Renewal,Pro,59
TXN007855,CUST1278,2026-07-13,Renewal,Pro,59
TXN007856,CUST1278,2026-08-13,Renewal,Pro,59
TXN007857,CUST1217,2024-03-21,New Subscription,Basic,29
TXN007858,CUST1217,2024-04-21,Renewal,Basic,29
TXN007859,CUST1217,2024-05-21,Renewal,Basic,29
TXN007860,CUST1217,2024-06-21,Renewal,Basic,29
TXN007861,CUST1217,2024-07-21,Renewal,Basic,29
TXN007862,CUST1217,2024-08-21,Renewal,Basic,29
TXN007863,CUST1217,2024-09-21,Renewal,Basic,29
TXN007864,CUST1217,2024-10-21,Renewal,Basic,29
TXN007865,CUST1217,2024-11-21,Renewal,Basic,29
TXN007866,CUST1217,2024-12-21,Renewal,Basic,29
TXN007867,CUST1217,2025-01-21,Renewal,Basic,29
TXN007868,CUST1217,2025-02-21,Renewal,Basic,29
TXN007869,CUST1217,2025-03-21,Renewal,Basic,29
TXN007870,CUST1217,2025-04-21,Renewal,Basic,29
TXN007871,CUST1217,2025-05-21,Renewal,Basic,29
TXN007872,CUST1217,2025-06-21,Renewal,Basic,29
TXN007873,CUST1217,2025-07-21,Renewal,Basic,29
TXN007874,CUST1217,2025-08-21,Renewal,Basic,29
TXN007875,CUST1217,2025-09-21,Renewal,Basic,29
TXN007876,CUST1217,2025-10-21,Upgrade,Pro,59
TXN007877,CUST1217,2025-11-21,Renewal,Pro,59
TXN007878,CUST1217,2025-12-21,Renewal,Pro,59
TXN007879,CUST1217,2026-01-21,Renewal,Pro,59
TXN007880,CUST1217,2026-02-21,Renewal,Pro,59
TXN007881,CUST1217,2026-03-21,Renewal,Pro,59
TXN007882,CUST1217,2026-04-21,Renewal,Pro,59
TXN007883,CUST1217,2026-05-21,Renewal,Pro,59
TXN007884,CUST1217,2026-06-21,Renewal,Pro,59
TXN007885,CUST1217,2026-07-21,Renewal,Pro,59
TXN007886,CUST1262,2024-03-22,New Subscription,Basic,29
TXN007887,CUST1262,2024-04-22,Renewal,Basic,29
TXN007888,CUST1262,2024-05-22,Upgrade,Pro,59
TXN007889,CUST1262,2024-06-22,Renewal,Pro,59
TXN007890,CUST1262,2024-07-22,Renewal,Pro,59
TXN007891,CUST1262,2024-08-22,Upgrade,Enterprise,149
TXN007892,CUST1262,2024-09-22,Renewal,Enterprise,149
TXN007893,CUST1262,2024-10-22,Cancellation,Enterprise,0
TXN007894,CUST1288,2024-04-04,New Subscription,Pro,59
TXN007895,CUST1288,2024-05-04,Renewal,Pro,59
TXN007896,CUST1288,2024-06-04,Renewal,Pro,59
TXN007897,CUST1288,2024-07-04,Renewal,Pro,59
TXN007898,CUST1288,2024-08-04,Renewal,Pro,59
TXN007899,CUST1288,2024-09-04,Renewal,Pro,59
TXN007900,CUST1288,2024-10-04,Renewal,Pro,59
TXN007901,CUST1288,2024-11-04,Renewal,Pro,59
TXN007902,CUST1288,2024-12-04,Renewal,Pro,59
TXN007903,CUST1288,2025-01-04,Cancellation,Pro,0
TXN007904,CUST1276,2024-04-10,New Subscription,Pro,59
TXN007905,CUST1276,2024-05-10,Renewal,Pro,59
TXN007906,CUST1276,2024-06-10,Renewal,Pro,59
TXN007907,CUST1276,2024-07-10,Renewal,Pro,59
TXN007908,CUST1276,2024-08-10,Renewal,Pro,59
TXN007909,CUST1276,2024-09-10,Renewal,Pro,59
TXN007910,CUST1276,2024-10-10,Upgrade,Enterprise,149
TXN007911,CUST1276,2024-11-10,Renewal,Enterprise,149
TXN007912,CUST1276,2024-12-10,Renewal,Enterprise,149
TXN007913,CUST1276,2025-01-10,Renewal,Enterprise,149
TXN007914,CUST1276,2025-02-10,Cancellation,Enterprise,0
TXN007915,CUST1215,2024-04-20,New Subscription,Basic,29
TXN007916,CUST1215,2024-05-20,Renewal,Basic,29
TXN007917,CUST1215,2024-06-20,Renewal,Basic,29
TXN007918,CUST1215,2024-07-20,Renewal,Basic,29
TXN007919,CUST1215,2024-08-20,Renewal,Basic,29
TXN007920,CUST1215,2024-09-20,Renewal,Basic,29
TXN007921,CUST1215,2024-10-20,Renewal,Basic,29
TXN007922,CUST1215,2024-11-20,Renewal,Basic,29
TXN007923,CUST1215,2024-12-20,Renewal,Basic,29
TXN007924,CUST1215,2025-01-20,Renewal,Basic,29
TXN007925,CUST1215,2025-02-20,Renewal,Basic,29
TXN007926,CUST1215,2025-03-20,Upgrade,Pro,59
TXN007927,CUST1215,2025-04-20,Renewal,Pro,59
TXN007928,CUST1215,2025-05-20,Renewal,Pro,59
TXN007929,CUST1215,2025-06-20,Renewal,Pro,59
TXN007930,CUST1215,2025-07-20,Renewal,Pro,59
TXN007931,CUST1215,2025-08-20,Renewal,Pro,59
TXN007932,CUST1215,2025-09-20,Renewal,Pro,59
TXN007933,CUST1215,2025-10-20,Renewal,Pro,59
TXN007934,CUST1215,2025-11-20,Upgrade,Enterprise,149
TXN007935,CUST1215,2025-12-20,Renewal,Enterprise,149
TXN007936,CUST1215,2026-01-20,Renewal,Enterprise,149
TXN007937,CUST1215,2026-02-20,Renewal,Enterprise,149
TXN007938,CUST1215,2026-03-20,Renewal,Enterprise,149
TXN007939,CUST1215,2026-04-20,Renewal,Enterprise,149
TXN007940,CUST1215,2026-05-20,Renewal,Enterprise,149
TXN007941,CUST1215,2026-06-20,Cancellation,Enterprise,0
TXN007942,CUST1240,2024-04-27,New Subscription,Basic,29
TXN007943,CUST1240,2024-05-27,Renewal,Basic,29
TXN007944,CUST1240,2024-06-27,Renewal,Basic,29
TXN007945,CUST1240,2024-07-27,Renewal,Basic,29
TXN007946,CUST1240,2024-08-27,Renewal,Basic,29
TXN007947,CUST1240,2024-09-27,Renewal,Basic,29
TXN007948,CUST1240,2024-10-27,Renewal,Basic,29
TXN007949,CUST1240,2024-11-27,Renewal,Basic,29
TXN007950,CUST1240,2024-12-27,Renewal,Basic,29
TXN007951,CUST1240,2025-01-27,Renewal,Basic,29
TXN007952,CUST1240,2025-02-27,Renewal,Basic,29
TXN007953,CUST1240,2025-03-27,Renewal,Basic,29
TXN007954,CUST1240,2025-04-27,Renewal,Basic,29
TXN007955,CUST1240,2025-05-27,Renewal,Basic,29
TXN007956,CUST1240,2025-06-27,Renewal,Basic,29
TXN007957,CUST1240,2025-07-27,Renewal,Basic,29
TXN007958,CUST1240,2025-08-27,Renewal,Basic,29
TXN007959,CUST1240,2025-09-27,Renewal,Basic,29
TXN007960,CUST1240,2025-10-27,Renewal,Basic,29
TXN007961,CUST1240,2025-11-27,Renewal,Basic,29
TXN007962,CUST1240,2025-12-27,Renewal,Basic,29
TXN007963,CUST1240,2026-01-27,Cancellation,Basic,0
TXN007964,CUST1223,2024-04-28,New Subscription,Basic,29
TXN007965,CUST1223,2024-05-28,Renewal,Basic,29
TXN007966,CUST1223,2024-06-28,Renewal,Basic,29
TXN007967,CUST1223,2024-07-28,Renewal,Basic,29
TXN007968,CUST1223,2024-08-28,Renewal,Basic,29
TXN007969,CUST1223,2024-09-28,Renewal,Basic,29
TXN007970,CUST1223,2024-10-28,Renewal,Basic,29
TXN007971,CUST1223,2024-11-28,Renewal,Basic,29
TXN007972,CUST1223,2024-12-28,Renewal,Basic,29
TXN007973,CUST1223,2025-01-28,Renewal,Basic,29
TXN007974,CUST1223,2025-02-28,Renewal,Basic,29
TXN007975,CUST1223,2025-03-28,Renewal,Basic,29
TXN007976,CUST1223,2025-04-28,Renewal,Basic,29
TXN007977,CUST1223,2025-05-28,Renewal,Basic,29
TXN007978,CUST1223,2025-06-28,Renewal,Basic,29
TXN007979,CUST1223,2025-07-28,Renewal,Basic,29
TXN007980,CUST1223,2025-08-28,Renewal,Basic,29
TXN007981,CUST1223,2025-09-28,Renewal,Basic,29
TXN007982,CUST1223,2025-10-28,Renewal,Basic,29
TXN007983,CUST1223,2025-11-28,Renewal,Basic,29
TXN007984,CUST1223,2025-12-28,Renewal,Basic,29
TXN007985,CUST1223,2026-01-28,Renewal,Basic,29
TXN007986,CUST1223,2026-02-28,Renewal,Basic,29
TXN007987,CUST1223,2026-03-28,Renewal,Basic,29
TXN007988,CUST1223,2026-04-28,Upgrade,Pro,59
TXN007989,CUST1223,2026-05-28,Renewal,Pro,59
TXN007990,CUST1223,2026-06-28,Renewal,Pro,59
TXN007991,CUST1223,2026-07-28,Renewal,Pro,59
TXN007992,CUST1235,2024-04-28,New Subscription,Basic,29
TXN007993,CUST1235,2024-05-28,Renewal,Basic,29
TXN007994,CUST1235,2024-06-28,Renewal,Basic,29
TXN007995,CUST1235,2024-07-28,Renewal,Basic,29
TXN007996,CUST1235,2024-08-28,Renewal,Basic,29
TXN007997,CUST1235,2024-09-28,Renewal,Basic,29
TXN007998,CUST1235,2024-10-28,Renewal,Basic,29
TXN007999,CUST1235,2024-11-28,Renewal,Basic,29
TXN008000,CUST1235,2024-12-28,Renewal,Basic,29
TXN008001,CUST1235,2025-01-28,Renewal,Basic,29
TXN008002,CUST1235,2025-02-28,Renewal,Basic,29
TXN008003,CUST1235,2025-03-28,Renewal,Basic,29
TXN008004,CUST1235,2025-04-28,Renewal,Basic,29
TXN008005,CUST1235,2025-05-28,Renewal,Basic,29
TXN008006,CUST1235,2025-06-28,Renewal,Basic,29
TXN008007,CUST1235,2025-07-28,Renewal,Basic,29
TXN008008,CUST1235,2025-08-28,Renewal,Basic,29
TXN008009,CUST1235,2025-09-28,Upgrade,Pro,59
TXN008010,CUST1235,2025-10-28,Renewal,Pro,59
TXN008011,CUST1235,2025-11-28,Renewal,Pro,59
TXN008012,CUST1235,2025-12-28,Renewal,Pro,59
TXN008013,CUST1235,2026-01-28,Renewal,Pro,59
TXN008014,CUST1235,2026-02-28,Renewal,Pro,59
TXN008015,CUST1235,2026-03-28,Renewal,Pro,59
TXN008016,CUST1235,2026-04-28,Renewal,Pro,59
TXN008017,CUST1235,2026-05-28,Renewal,Pro,59
TXN008018,CUST1235,2026-06-28,Renewal,Pro,59
TXN008019,CUST1235,2026-07-28,Renewal,Pro,59
TXN008020,CUST1234,2024-05-02,New Subscription,Basic,29
TXN008021,CUST1234,2024-06-02,Cancellation,Basic,0
TXN008022,CUST1275,2024-05-02,New Subscription,Basic,29
TXN008023,CUST1275,2024-06-02,Renewal,Basic,29
TXN008024,CUST1275,2024-07-02,Renewal,Basic,29
TXN008025,CUST1275,2024-08-02,Renewal,Basic,29
TXN008026,CUST1275,2024-09-02,Renewal,Basic,29
TXN008027,CUST1275,2024-10-02,Renewal,Basic,29
TXN008028,CUST1275,2024-11-02,Renewal,Basic,29
TXN008029,CUST1275,2024-12-02,Renewal,Basic,29
TXN008030,CUST1275,2025-01-02,Renewal,Basic,29
TXN008031,CUST1275,2025-02-02,Renewal,Basic,29
TXN008032,CUST1275,2025-03-02,Renewal,Basic,29
TXN008033,CUST1275,2025-04-02,Renewal,Basic,29
TXN008034,CUST1275,2025-05-02,Renewal,Basic,29
TXN008035,CUST1275,2025-06-02,Renewal,Basic,29
TXN008036,CUST1275,2025-07-02,Renewal,Basic,29
TXN008037,CUST1275,2025-08-02,Renewal,Basic,29
TXN008038,CUST1275,2025-09-02,Renewal,Basic,29
TXN008039,CUST1275,2025-10-02,Renewal,Basic,29
TXN008040,CUST1275,2025-11-02,Renewal,Basic,29
TXN008041,CUST1275,2025-12-02,Renewal,Basic,29
TXN008042,CUST1275,2026-01-02,Renewal,Basic,29
TXN008043,CUST1275,2026-02-02,Renewal,Basic,29
TXN008044,CUST1275,2026-03-02,Renewal,Basic,29
TXN008045,CUST1275,2026-04-02,Renewal,Basic,29
TXN008046,CUST1275,2026-05-02,Renewal,Basic,29
TXN008047,CUST1275,2026-06-02,Renewal,Basic,29
TXN008048,CUST1275,2026-07-02,Renewal,Basic,29
TXN008049,CUST1275,2026-08-02,Renewal,Basic,29
TXN008050,CUST1219,2024-05-11,New Subscription,Basic,29
TXN008051,CUST1219,2024-06-11,Renewal,Basic,29
TXN008052,CUST1219,2024-07-11,Renewal,Basic,29
TXN008053,CUST1219,2024-08-11,Renewal,Basic,29
TXN008054,CUST1219,2024-09-11,Renewal,Basic,29
TXN008055,CUST1219,2024-10-11,Renewal,Basic,29
TXN008056,CUST1219,2024-11-11,Renewal,Basic,29
TXN008057,CUST1219,2024-12-11,Renewal,Basic,29
TXN008058,CUST1219,2025-01-11,Renewal,Basic,29
TXN008059,CUST1219,2025-02-11,Renewal,Basic,29
TXN008060,CUST1219,2025-03-11,Renewal,Basic,29
TXN008061,CUST1219,2025-04-11,Renewal,Basic,29
TXN008062,CUST1219,2025-05-11,Renewal,Basic,29
TXN008063,CUST1219,2025-06-11,Renewal,Basic,29
TXN008064,CUST1219,2025-07-11,Renewal,Basic,29
TXN008065,CUST1219,2025-08-11,Renewal,Basic,29
TXN008066,CUST1219,2025-09-11,Renewal,Basic,29
TXN008067,CUST1219,2025-10-11,Renewal,Basic,29
TXN008068,CUST1219,2025-11-11,Renewal,Basic,29
TXN008069,CUST1219,2025-12-11,Renewal,Basic,29
TXN008070,CUST1219,2026-01-11,Renewal,Basic,29
TXN008071,CUST1219,2026-02-11,Renewal,Basic,29
TXN008072,CUST1219,2026-03-11,Renewal,Basic,29
TXN008073,CUST1219,2026-04-11,Renewal,Basic,29
TXN008074,CUST1219,2026-05-11,Upgrade,Pro,59
TXN008075,CUST1219,2026-06-11,Upgrade,Enterprise,149
TXN008076,CUST1219,2026-07-11,Renewal,Enterprise,149
TXN008077,CUST1219,2026-08-11,Renewal,Enterprise,149
TXN008078,CUST1277,2024-05-11,New Subscription,Basic,29
TXN008079,CUST1277,2024-06-11,Renewal,Basic,29
TXN008080,CUST1277,2024-07-11,Renewal,Basic,29
TXN008081,CUST1277,2024-08-11,Renewal,Basic,29
TXN008082,CUST1277,2024-09-11,Renewal,Basic,29
TXN008083,CUST1277,2024-10-11,Renewal,Basic,29
TXN008084,CUST1277,2024-11-11,Upgrade,Pro,59
TXN008085,CUST1277,2024-12-11,Renewal,Pro,59
TXN008086,CUST1277,2025-01-11,Renewal,Pro,59
TXN008087,CUST1277,2025-02-11,Renewal,Pro,59
TXN008088,CUST1277,2025-03-11,Renewal,Pro,59
TXN008089,CUST1277,2025-04-11,Renewal,Pro,59
TXN008090,CUST1277,2025-05-11,Renewal,Pro,59
TXN008091,CUST1277,2025-06-11,Renewal,Pro,59
TXN008092,CUST1277,2025-07-11,Renewal,Pro,59
TXN008093,CUST1277,2025-08-11,Renewal,Pro,59
TXN008094,CUST1277,2025-09-11,Renewal,Pro,59
TXN008095,CUST1277,2025-10-11,Renewal,Pro,59
TXN008096,CUST1277,2025-11-11,Renewal,Pro,59
TXN008097,CUST1277,2025-12-11,Renewal,Pro,59
TXN008098,CUST1277,2026-01-11,Renewal,Pro,59
TXN008099,CUST1277,2026-02-11,Downgrade,Basic,29
TXN008100,CUST1277,2026-03-11,Renewal,Basic,29
TXN008101,CUST1277,2026-04-11,Renewal,Basic,29
TXN008102,CUST1277,2026-05-11,Renewal,Basic,29
TXN008103,CUST1277,2026-06-11,Renewal,Basic,29
TXN008104,CUST1277,2026-07-11,Renewal,Basic,29
TXN008105,CUST1277,2026-08-11,Renewal,Basic,29
TXN008106,CUST1301,2024-05-13,New Subscription,Pro,59
TXN008107,CUST1301,2024-06-13,Renewal,Pro,59
TXN008108,CUST1301,2024-07-13,Renewal,Pro,59
TXN008109,CUST1301,2024-08-13,Renewal,Pro,59
TXN008110,CUST1301,2024-09-13,Renewal,Pro,59
TXN008111,CUST1301,2024-10-13,Renewal,Pro,59
TXN008112,CUST1301,2024-11-13,Renewal,Pro,59
TXN008113,CUST1301,2024-12-13,Renewal,Pro,59
TXN008114,CUST1301,2025-01-13,Renewal,Pro,59
TXN008115,CUST1301,2025-02-13,Renewal,Pro,59
TXN008116,CUST1301,2025-03-13,Renewal,Pro,59
TXN008117,CUST1301,2025-04-13,Renewal,Pro,59
TXN008118,CUST1301,2025-05-13,Renewal,Pro,59
TXN008119,CUST1301,2025-06-13,Renewal,Pro,59
TXN008120,CUST1301,2025-07-13,Renewal,Pro,59
TXN008121,CUST1301,2025-08-13,Renewal,Pro,59
TXN008122,CUST1301,2025-09-13,Cancellation,Pro,0
TXN008123,CUST1293,2024-05-19,New Subscription,Basic,29
TXN008124,CUST1293,2024-06-19,Renewal,Basic,29
TXN008125,CUST1293,2024-07-19,Renewal,Basic,29
TXN008126,CUST1293,2024-08-19,Renewal,Basic,29
TXN008127,CUST1293,2024-09-19,Renewal,Basic,29
TXN008128,CUST1293,2024-10-19,Cancellation,Basic,0
TXN008129,CUST1261,2024-05-20,New Subscription,Pro,59
TXN008130,CUST1261,2024-06-20,Renewal,Pro,59
TXN008131,CUST1261,2024-07-20,Downgrade,Basic,29
TXN008132,CUST1261,2024-08-20,Renewal,Basic,29
TXN008133,CUST1261,2024-09-20,Renewal,Basic,29
TXN008134,CUST1261,2024-10-20,Renewal,Basic,29
TXN008135,CUST1261,2024-11-20,Renewal,Basic,29
TXN008136,CUST1261,2024-12-20,Renewal,Basic,29
TXN008137,CUST1261,2025-01-20,Renewal,Basic,29
TXN008138,CUST1261,2025-02-20,Renewal,Basic,29
TXN008139,CUST1261,2025-03-20,Renewal,Basic,29
TXN008140,CUST1261,2025-04-20,Renewal,Basic,29
TXN008141,CUST1261,2025-05-20,Renewal,Basic,29
TXN008142,CUST1261,2025-06-20,Renewal,Basic,29
TXN008143,CUST1261,2025-07-20,Renewal,Basic,29
TXN008144,CUST1261,2025-08-20,Renewal,Basic,29
TXN008145,CUST1261,2025-09-20,Renewal,Basic,29
TXN008146,CUST1261,2025-10-20,Renewal,Basic,29
TXN008147,CUST1261,2025-11-20,Renewal,Basic,29
TXN008148,CUST1261,2025-12-20,Renewal,Basic,29
TXN008149,CUST1261,2026-01-20,Renewal,Basic,29
TXN008150,CUST1261,2026-02-20,Renewal,Basic,29
TXN008151,CUST1261,2026-03-20,Renewal,Basic,29
TXN008152,CUST1261,2026-04-20,Renewal,Basic,29
TXN008153,CUST1261,2026-05-20,Renewal,Basic,29
TXN008154,CUST1261,2026-06-20,Renewal,Basic,29
TXN008155,CUST1261,2026-07-20,Renewal,Basic,29
TXN008156,CUST1216,2024-05-22,New Subscription,Pro,59
TXN008157,CUST1216,2024-06-22,Renewal,Pro,59
TXN008158,CUST1216,2024-07-22,Renewal,Pro,59
TXN008159,CUST1216,2024-08-22,Renewal,Pro,59
TXN008160,CUST1216,2024-09-22,Renewal,Pro,59
TXN008161,CUST1216,2024-10-22,Renewal,Pro,59
TXN008162,CUST1216,2024-11-22,Renewal,Pro,59
TXN008163,CUST1216,2024-12-22,Downgrade,Basic,29
TXN008164,CUST1216,2025-01-22,Renewal,Basic,29
TXN008165,CUST1216,2025-02-22,Renewal,Basic,29
TXN008166,CUST1216,2025-03-22,Renewal,Basic,29
TXN008167,CUST1216,2025-04-22,Renewal,Basic,29
TXN008168,CUST1216,2025-05-22,Renewal,Basic,29
TXN008169,CUST1216,2025-06-22,Renewal,Basic,29
TXN008170,CUST1216,2025-07-22,Upgrade,Pro,59
TXN008171,CUST1216,2025-08-22,Renewal,Pro,59
TXN008172,CUST1216,2025-09-22,Renewal,Pro,59
TXN008173,CUST1216,2025-10-22,Renewal,Pro,59
TXN008174,CUST1216,2025-11-22,Renewal,Pro,59
TXN008175,CUST1216,2025-12-22,Renewal,Pro,59
TXN008176,CUST1216,2026-01-22,Renewal,Pro,59
TXN008177,CUST1216,2026-02-22,Renewal,Pro,59
TXN008178,CUST1216,2026-03-22,Renewal,Pro,59
TXN008179,CUST1216,2026-04-22,Renewal,Pro,59
TXN008180,CUST1216,2026-05-22,Renewal,Pro,59
TXN008181,CUST1216,2026-06-22,Renewal,Pro,59
TXN008182,CUST1216,2026-07-22,Renewal,Pro,59
TXN008183,CUST1285,2024-05-24,New Subscription,Basic,29
TXN008184,CUST1285,2024-06-24,Renewal,Basic,29
TXN008185,CUST1285,2024-07-24,Renewal,Basic,29
TXN008186,CUST1285,2024-08-24,Renewal,Basic,29
TXN008187,CUST1285,2024-09-24,Cancellation,Basic,0
TXN008188,CUST1285,2025-03-24,Reactivation,Basic,29
TXN008189,CUST1285,2025-04-24,Renewal,Basic,29
TXN008190,CUST1285,2025-05-24,Renewal,Basic,29
TXN008191,CUST1285,2025-06-24,Renewal,Basic,29
TXN008192,CUST1285,2025-07-24,Renewal,Basic,29
TXN008193,CUST1285,2025-08-24,Renewal,Basic,29
TXN008194,CUST1285,2025-09-24,Renewal,Basic,29
TXN008195,CUST1285,2025-10-24,Renewal,Basic,29
TXN008196,CUST1285,2025-11-24,Renewal,Basic,29
TXN008197,CUST1285,2025-12-24,Renewal,Basic,29
TXN008198,CUST1285,2026-01-24,Renewal,Basic,29
TXN008199,CUST1285,2026-02-24,Renewal,Basic,29
TXN008200,CUST1285,2026-03-24,Renewal,Basic,29
TXN008201,CUST1285,2026-04-24,Renewal,Basic,29
TXN008202,CUST1285,2026-05-24,Renewal,Basic,29
TXN008203,CUST1285,2026-06-24,Renewal,Basic,29
TXN008204,CUST1285,2026-07-24,Renewal,Basic,29
TXN008205,CUST1221,2024-05-27,New Subscription,Basic,29
TXN008206,CUST1221,2024-06-27,Renewal,Basic,29
TXN008207,CUST1221,2024-07-27,Renewal,Basic,29
TXN008208,CUST1221,2024-08-27,Renewal,Basic,29
TXN008209,CUST1221,2024-09-27,Upgrade,Pro,59
TXN008210,CUST1221,2024-10-27,Renewal,Pro,59
TXN008211,CUST1221,2024-11-27,Renewal,Pro,59
TXN008212,CUST1221,2024-12-27,Renewal,Pro,59
TXN008213,CUST1221,2025-01-27,Renewal,Pro,59
TXN008214,CUST1221,2025-02-27,Renewal,Pro,59
TXN008215,CUST1221,2025-03-27,Renewal,Pro,59
TXN008216,CUST1221,2025-04-27,Renewal,Pro,59
TXN008217,CUST1221,2025-05-27,Renewal,Pro,59
TXN008218,CUST1221,2025-06-27,Renewal,Pro,59
TXN008219,CUST1221,2025-07-27,Renewal,Pro,59
TXN008220,CUST1221,2025-08-27,Renewal,Pro,59
TXN008221,CUST1221,2025-09-27,Renewal,Pro,59
TXN008222,CUST1221,2025-10-27,Renewal,Pro,59
TXN008223,CUST1221,2025-11-27,Renewal,Pro,59
TXN008224,CUST1221,2025-12-27,Renewal,Pro,59
TXN008225,CUST1221,2026-01-27,Renewal,Pro,59
TXN008226,CUST1221,2026-02-27,Renewal,Pro,59
TXN008227,CUST1221,2026-03-27,Renewal,Pro,59
TXN008228,CUST1221,2026-04-27,Renewal,Pro,59
TXN008229,CUST1221,2026-05-27,Upgrade,Enterprise,149
TXN008230,CUST1221,2026-06-27,Renewal,Enterprise,149
TXN008231,CUST1221,2026-07-27,Renewal,Enterprise,149
TXN008232,CUST1292,2024-06-05,New Subscription,Pro,59
TXN008233,CUST1292,2024-07-05,Renewal,Pro,59
TXN008234,CUST1292,2024-08-05,Renewal,Pro,59
TXN008235,CUST1292,2024-09-05,Renewal,Pro,59
TXN008236,CUST1292,2024-10-05,Renewal,Pro,59
TXN008237,CUST1292,2024-11-05,Renewal,Pro,59
TXN008238,CUST1292,2024-12-05,Renewal,Pro,59
TXN008239,CUST1292,2025-01-05,Renewal,Pro,59
TXN008240,CUST1292,2025-02-05,Renewal,Pro,59
TXN008241,CUST1292,2025-03-05,Renewal,Pro,59
TXN008242,CUST1292,2025-04-05,Renewal,Pro,59
TXN008243,CUST1292,2025-05-05,Renewal,Pro,59
TXN008244,CUST1292,2025-06-05,Renewal,Pro,59
TXN008245,CUST1292,2025-07-05,Renewal,Pro,59
TXN008246,CUST1292,2025-08-05,Downgrade,Basic,29
TXN008247,CUST1292,2025-09-05,Renewal,Basic,29
TXN008248,CUST1292,2025-10-05,Renewal,Basic,29
TXN008249,CUST1292,2025-11-05,Renewal,Basic,29
TXN008250,CUST1292,2025-12-05,Renewal,Basic,29
TXN008251,CUST1292,2026-01-05,Renewal,Basic,29
TXN008252,CUST1292,2026-02-05,Renewal,Basic,29
TXN008253,CUST1292,2026-03-05,Renewal,Basic,29
TXN008254,CUST1292,2026-04-05,Renewal,Basic,29
TXN008255,CUST1292,2026-05-05,Renewal,Basic,29
TXN008256,CUST1292,2026-06-05,Renewal,Basic,29
TXN008257,CUST1292,2026-07-05,Renewal,Basic,29
TXN008258,CUST1292,2026-08-05,Renewal,Basic,29
TXN008259,CUST1270,2024-06-10,New Subscription,Pro,59
TXN008260,CUST1270,2024-07-10,Renewal,Pro,59
TXN008261,CUST1270,2024-08-10,Renewal,Pro,59
TXN008262,CUST1270,2024-09-10,Renewal,Pro,59
TXN008263,CUST1270,2024-10-10,Renewal,Pro,59
TXN008264,CUST1270,2024-11-10,Renewal,Pro,59
TXN008265,CUST1270,2024-12-10,Renewal,Pro,59
TXN008266,CUST1270,2025-01-10,Upgrade,Enterprise,149
TXN008267,CUST1270,2025-02-10,Renewal,Enterprise,149
TXN008268,CUST1270,2025-03-10,Renewal,Enterprise,149
TXN008269,CUST1270,2025-04-10,Renewal,Enterprise,149
TXN008270,CUST1270,2025-05-10,Renewal,Enterprise,149
TXN008271,CUST1270,2025-06-10,Renewal,Enterprise,149
TXN008272,CUST1270,2025-07-10,Renewal,Enterprise,149
TXN008273,CUST1270,2025-08-10,Renewal,Enterprise,149
TXN008274,CUST1270,2025-09-10,Renewal,Enterprise,149
TXN008275,CUST1270,2025-10-10,Renewal,Enterprise,149
TXN008276,CUST1270,2025-11-10,Renewal,Enterprise,149
TXN008277,CUST1270,2025-12-10,Renewal,Enterprise,149
TXN008278,CUST1270,2026-01-10,Renewal,Enterprise,149
TXN008279,CUST1270,2026-02-10,Renewal,Enterprise,149
TXN008280,CUST1270,2026-03-10,Renewal,Enterprise,149
TXN008281,CUST1270,2026-04-10,Renewal,Enterprise,149
TXN008282,CUST1270,2026-05-10,Renewal,Enterprise,149
TXN008283,CUST1270,2026-06-10,Renewal,Enterprise,149
TXN008284,CUST1270,2026-07-10,Renewal,Enterprise,149
TXN008285,CUST1270,2026-08-10,Renewal,Enterprise,149
TXN008286,CUST1305,2024-06-10,New Subscription,Basic,29
TXN008287,CUST1305,2024-07-10,Renewal,Basic,29
TXN008288,CUST1305,2024-08-10,Renewal,Basic,29
TXN008289,CUST1305,2024-09-10,Renewal,Basic,29
TXN008290,CUST1305,2024-10-10,Renewal,Basic,29
TXN008291,CUST1305,2024-11-10,Renewal,Basic,29
TXN008292,CUST1305,2024-12-10,Renewal,Basic,29
TXN008293,CUST1305,2025-01-10,Renewal,Basic,29
TXN008294,CUST1305,2025-02-10,Renewal,Basic,29
TXN008295,CUST1305,2025-03-10,Renewal,Basic,29
TXN008296,CUST1305,2025-04-10,Renewal,Basic,29
TXN008297,CUST1305,2025-05-10,Renewal,Basic,29
TXN008298,CUST1305,2025-06-10,Renewal,Basic,29
TXN008299,CUST1305,2025-07-10,Renewal,Basic,29
TXN008300,CUST1305,2025-08-10,Renewal,Basic,29
TXN008301,CUST1305,2025-09-10,Renewal,Basic,29
TXN008302,CUST1305,2025-10-10,Renewal,Basic,29
TXN008303,CUST1305,2025-11-10,Renewal,Basic,29
TXN008304,CUST1305,2025-12-10,Renewal,Basic,29
TXN008305,CUST1305,2026-01-10,Renewal,Basic,29
TXN008306,CUST1305,2026-02-10,Renewal,Basic,29
TXN008307,CUST1305,2026-03-10,Renewal,Basic,29
TXN008308,CUST1305,2026-04-10,Renewal,Basic,29
TXN008309,CUST1305,2026-05-10,Renewal,Basic,29
TXN008310,CUST1305,2026-06-10,Renewal,Basic,29
TXN008311,CUST1305,2026-07-10,Renewal,Basic,29
TXN008312,CUST1305,2026-08-10,Renewal,Basic,29
TXN008313,CUST1267,2024-06-12,New Subscription,Pro,59
TXN008314,CUST1267,2024-07-12,Renewal,Pro,59
TXN008315,CUST1267,2024-08-12,Renewal,Pro,59
TXN008316,CUST1267,2024-09-12,Renewal,Pro,59
TXN008317,CUST1267,2024-10-12,Renewal,Pro,59
TXN008318,CUST1267,2024-11-12,Renewal,Pro,59
TXN008319,CUST1267,2024-12-12,Upgrade,Enterprise,149
TXN008320,CUST1267,2025-01-12,Renewal,Enterprise,149
TXN008321,CUST1267,2025-02-12,Renewal,Enterprise,149
TXN008322,CUST1267,2025-03-12,Renewal,Enterprise,149
TXN008323,CUST1267,2025-04-12,Renewal,Enterprise,149
TXN008324,CUST1267,2025-05-12,Renewal,Enterprise,149
TXN008325,CUST1267,2025-06-12,Renewal,Enterprise,149
TXN008326,CUST1267,2025-07-12,Renewal,Enterprise,149
TXN008327,CUST1267,2025-08-12,Renewal,Enterprise,149
TXN008328,CUST1267,2025-09-12,Renewal,Enterprise,149
TXN008329,CUST1267,2025-10-12,Renewal,Enterprise,149
TXN008330,CUST1267,2025-11-12,Renewal,Enterprise,149
TXN008331,CUST1267,2025-12-12,Renewal,Enterprise,149
TXN008332,CUST1267,2026-01-12,Renewal,Enterprise,149
TXN008333,CUST1267,2026-02-12,Renewal,Enterprise,149
TXN008334,CUST1267,2026-03-12,Renewal,Enterprise,149
TXN008335,CUST1267,2026-04-12,Renewal,Enterprise,149
TXN008336,CUST1267,2026-05-12,Renewal,Enterprise,149
TXN008337,CUST1267,2026-06-12,Renewal,Enterprise,149
TXN008338,CUST1267,2026-07-12,Renewal,Enterprise,149
TXN008339,CUST1267,2026-08-12,Renewal,Enterprise,149
TXN008340,CUST1287,2024-06-12,New Subscription,Pro,59
TXN008341,CUST1287,2024-07-12,Renewal,Pro,59
TXN008342,CUST1287,2024-08-12,Renewal,Pro,59
TXN008343,CUST1287,2024-09-12,Renewal,Pro,59
TXN008344,CUST1287,2024-10-12,Renewal,Pro,59
TXN008345,CUST1287,2024-11-12,Renewal,Pro,59
TXN008346,CUST1287,2024-12-12,Renewal,Pro,59
TXN008347,CUST1287,2025-01-12,Renewal,Pro,59
TXN008348,CUST1287,2025-02-12,Renewal,Pro,59
TXN008349,CUST1287,2025-03-12,Renewal,Pro,59
TXN008350,CUST1287,2025-04-12,Renewal,Pro,59
TXN008351,CUST1287,2025-05-12,Renewal,Pro,59
TXN008352,CUST1287,2025-06-12,Renewal,Pro,59
TXN008353,CUST1287,2025-07-12,Renewal,Pro,59
TXN008354,CUST1287,2025-08-12,Renewal,Pro,59
TXN008355,CUST1287,2025-09-12,Renewal,Pro,59
TXN008356,CUST1287,2025-10-12,Renewal,Pro,59
TXN008357,CUST1287,2025-11-12,Renewal,Pro,59
TXN008358,CUST1287,2025-12-12,Renewal,Pro,59
TXN008359,CUST1287,2026-01-12,Renewal,Pro,59
TXN008360,CUST1287,2026-02-12,Renewal,Pro,59
TXN008361,CUST1287,2026-03-12,Renewal,Pro,59
TXN008362,CUST1287,2026-04-12,Renewal,Pro,59
TXN008363,CUST1287,2026-05-12,Renewal,Pro,59
TXN008364,CUST1287,2026-06-12,Renewal,Pro,59
TXN008365,CUST1287,2026-07-12,Renewal,Pro,59
TXN008366,CUST1287,2026-08-12,Renewal,Pro,59
TXN008367,CUST1297,2024-06-20,New Subscription,Basic,29
TXN008368,CUST1297,2024-07-20,Renewal,Basic,29
TXN008369,CUST1297,2024-08-20,Renewal,Basic,29
TXN008370,CUST1297,2024-09-20,Renewal,Basic,29
TXN008371,CUST1297,2024-10-20,Renewal,Basic,29
TXN008372,CUST1297,2024-11-20,Renewal,Basic,29
TXN008373,CUST1297,2024-12-20,Renewal,Basic,29
TXN008374,CUST1297,2025-01-20,Renewal,Basic,29
TXN008375,CUST1297,2025-02-20,Renewal,Basic,29
TXN008376,CUST1297,2025-03-20,Renewal,Basic,29
TXN008377,CUST1297,2025-04-20,Renewal,Basic,29
TXN008378,CUST1297,2025-05-20,Renewal,Basic,29
TXN008379,CUST1297,2025-06-20,Renewal,Basic,29
TXN008380,CUST1297,2025-07-20,Renewal,Basic,29
TXN008381,CUST1297,2025-08-20,Renewal,Basic,29
TXN008382,CUST1297,2025-09-20,Renewal,Basic,29
TXN008383,CUST1297,2025-10-20,Renewal,Basic,29
TXN008384,CUST1297,2025-11-20,Renewal,Basic,29
TXN008385,CUST1297,2025-12-20,Renewal,Basic,29
TXN008386,CUST1297,2026-01-20,Renewal,Basic,29
TXN008387,CUST1297,2026-02-20,Renewal,Basic,29
TXN008388,CUST1297,2026-03-20,Renewal,Basic,29
TXN008389,CUST1297,2026-04-20,Renewal,Basic,29
TXN008390,CUST1297,2026-05-20,Renewal,Basic,29
TXN008391,CUST1297,2026-06-20,Cancellation,Basic,0
TXN008392,CUST1222,2024-06-26,New Subscription,Basic,29
TXN008393,CUST1222,2024-07-26,Renewal,Basic,29
TXN008394,CUST1222,2024-08-26,Renewal,Basic,29
TXN008395,CUST1222,2024-09-26,Renewal,Basic,29
TXN008396,CUST1222,2024-10-26,Renewal,Basic,29
TXN008397,CUST1222,2024-11-26,Renewal,Basic,29
TXN008398,CUST1222,2024-12-26,Renewal,Basic,29
TXN008399,CUST1222,2025-01-26,Renewal,Basic,29
TXN008400,CUST1222,2025-02-26,Renewal,Basic,29
TXN008401,CUST1222,2025-03-26,Renewal,Basic,29
TXN008402,CUST1222,2025-04-26,Renewal,Basic,29
TXN008403,CUST1222,2025-05-26,Renewal,Basic,29
TXN008404,CUST1222,2025-06-26,Renewal,Basic,29
TXN008405,CUST1222,2025-07-26,Renewal,Basic,29
TXN008406,CUST1222,2025-08-26,Renewal,Basic,29
TXN008407,CUST1222,2025-09-26,Upgrade,Pro,59
TXN008408,CUST1222,2025-10-26,Renewal,Pro,59
TXN008409,CUST1222,2025-11-26,Renewal,Pro,59
TXN008410,CUST1222,2025-12-26,Renewal,Pro,59
TXN008411,CUST1222,2026-01-26,Renewal,Pro,59
TXN008412,CUST1222,2026-02-26,Renewal,Pro,59
TXN008413,CUST1222,2026-03-26,Renewal,Pro,59
TXN008414,CUST1222,2026-04-26,Renewal,Pro,59
TXN008415,CUST1222,2026-05-26,Renewal,Pro,59
TXN008416,CUST1222,2026-06-26,Renewal,Pro,59
TXN008417,CUST1222,2026-07-26,Renewal,Pro,59
TXN008418,CUST1255,2024-06-27,New Subscription,Basic,29
TXN008419,CUST1255,2024-07-27,Renewal,Basic,29
TXN008420,CUST1255,2024-08-27,Renewal,Basic,29
TXN008421,CUST1255,2024-09-27,Renewal,Basic,29
TXN008422,CUST1255,2024-10-27,Renewal,Basic,29
TXN008423,CUST1255,2024-11-27,Renewal,Basic,29
TXN008424,CUST1255,2024-12-27,Renewal,Basic,29
TXN008425,CUST1255,2025-01-27,Renewal,Basic,29
TXN008426,CUST1255,2025-02-27,Renewal,Basic,29
TXN008427,CUST1255,2025-03-27,Renewal,Basic,29
TXN008428,CUST1255,2025-04-27,Renewal,Basic,29
TXN008429,CUST1255,2025-05-27,Renewal,Basic,29
TXN008430,CUST1255,2025-06-27,Renewal,Basic,29
TXN008431,CUST1255,2025-07-27,Renewal,Basic,29
TXN008432,CUST1255,2025-08-27,Renewal,Basic,29
TXN008433,CUST1255,2025-09-27,Renewal,Basic,29
TXN008434,CUST1255,2025-10-27,Renewal,Basic,29
TXN008435,CUST1255,2025-11-27,Renewal,Basic,29
TXN008436,CUST1255,2025-12-27,Renewal,Basic,29
TXN008437,CUST1255,2026-01-27,Renewal,Basic,29
TXN008438,CUST1255,2026-02-27,Renewal,Basic,29
TXN008439,CUST1255,2026-03-27,Renewal,Basic,29
TXN008440,CUST1255,2026-04-27,Renewal,Basic,29
TXN008441,CUST1255,2026-05-27,Renewal,Basic,29
TXN008442,CUST1255,2026-06-27,Renewal,Basic,29
TXN008443,CUST1255,2026-07-27,Renewal,Basic,29
TXN008444,CUST1280,2024-07-01,New Subscription,Basic,29
TXN008445,CUST1280,2024-08-01,Renewal,Basic,29
TXN008446,CUST1280,2024-09-01,Renewal,Basic,29
TXN008447,CUST1280,2024-10-01,Renewal,Basic,29
TXN008448,CUST1280,2024-11-01,Renewal,Basic,29
TXN008449,CUST1280,2024-12-01,Renewal,Basic,29
TXN008450,CUST1280,2025-01-01,Renewal,Basic,29
TXN008451,CUST1280,2025-02-01,Renewal,Basic,29
TXN008452,CUST1280,2025-03-01,Renewal,Basic,29
TXN008453,CUST1280,2025-04-01,Renewal,Basic,29
TXN008454,CUST1280,2025-05-01,Renewal,Basic,29
TXN008455,CUST1280,2025-06-01,Upgrade,Pro,59
TXN008456,CUST1280,2025-07-01,Renewal,Pro,59
TXN008457,CUST1280,2025-08-01,Renewal,Pro,59
TXN008458,CUST1280,2025-09-01,Renewal,Pro,59
TXN008459,CUST1280,2025-10-01,Renewal,Pro,59
TXN008460,CUST1280,2025-11-01,Renewal,Pro,59
TXN008461,CUST1280,2025-12-01,Renewal,Pro,59
TXN008462,CUST1280,2026-01-01,Cancellation,Pro,0
TXN008463,CUST1282,2024-07-01,New Subscription,Enterprise,149
TXN008464,CUST1282,2024-08-01,Renewal,Enterprise,149
TXN008465,CUST1282,2024-09-01,Renewal,Enterprise,149
TXN008466,CUST1282,2024-10-01,Downgrade,Pro,59
TXN008467,CUST1282,2024-11-01,Renewal,Pro,59
TXN008468,CUST1282,2024-12-01,Renewal,Pro,59
TXN008469,CUST1282,2025-01-01,Renewal,Pro,59
TXN008470,CUST1282,2025-02-01,Renewal,Pro,59
TXN008471,CUST1282,2025-03-01,Renewal,Pro,59
TXN008472,CUST1282,2025-04-01,Renewal,Pro,59
TXN008473,CUST1282,2025-05-01,Renewal,Pro,59
TXN008474,CUST1282,2025-06-01,Renewal,Pro,59
TXN008475,CUST1282,2025-07-01,Renewal,Pro,59
TXN008476,CUST1282,2025-08-01,Renewal,Pro,59
TXN008477,CUST1282,2025-09-01,Renewal,Pro,59
TXN008478,CUST1282,2025-10-01,Renewal,Pro,59
TXN008479,CUST1282,2025-11-01,Renewal,Pro,59
TXN008480,CUST1282,2025-12-01,Renewal,Pro,59
TXN008481,CUST1282,2026-01-01,Renewal,Pro,59
TXN008482,CUST1282,2026-02-01,Renewal,Pro,59
TXN008483,CUST1282,2026-03-01,Renewal,Pro,59
TXN008484,CUST1282,2026-04-01,Renewal,Pro,59
TXN008485,CUST1282,2026-05-01,Renewal,Pro,59
TXN008486,CUST1282,2026-06-01,Renewal,Pro,59
TXN008487,CUST1282,2026-07-01,Renewal,Pro,59
TXN008488,CUST1282,2026-08-01,Renewal,Pro,59
TXN008489,CUST1268,2024-07-03,New Subscription,Basic,29
TXN008490,CUST1268,2024-08-03,Renewal,Basic,29
TXN008491,CUST1268,2024-09-03,Renewal,Basic,29
TXN008492,CUST1268,2024-10-03,Renewal,Basic,29
TXN008493,CUST1268,2024-11-03,Renewal,Basic,29
TXN008494,CUST1268,2024-12-03,Renewal,Basic,29
TXN008495,CUST1268,2025-01-03,Renewal,Basic,29
TXN008496,CUST1268,2025-02-03,Renewal,Basic,29
TXN008497,CUST1268,2025-03-03,Renewal,Basic,29
TXN008498,CUST1268,2025-04-03,Renewal,Basic,29
TXN008499,CUST1268,2025-05-03,Renewal,Basic,29
TXN008500,CUST1268,2025-06-03,Renewal,Basic,29
TXN008501,CUST1268,2025-07-03,Renewal,Basic,29
TXN008502,CUST1268,2025-08-03,Renewal,Basic,29
TXN008503,CUST1268,2025-09-03,Renewal,Basic,29
TXN008504,CUST1268,2025-10-03,Renewal,Basic,29
TXN008505,CUST1268,2025-11-03,Renewal,Basic,29
TXN008506,CUST1268,2025-12-03,Renewal,Basic,29
TXN008507,CUST1268,2026-01-03,Renewal,Basic,29
TXN008508,CUST1268,2026-02-03,Renewal,Basic,29
TXN008509,CUST1268,2026-03-03,Renewal,Basic,29
TXN008510,CUST1268,2026-04-03,Renewal,Basic,29
TXN008511,CUST1268,2026-05-03,Renewal,Basic,29
TXN008512,CUST1268,2026-06-03,Renewal,Basic,29
TXN008513,CUST1268,2026-07-03,Renewal,Basic,29
TXN008514,CUST1268,2026-08-03,Renewal,Basic,29
TXN008515,CUST1273,2024-07-09,New Subscription,Basic,29
TXN008516,CUST1273,2024-08-09,Renewal,Basic,29
TXN008517,CUST1273,2024-09-09,Upgrade,Pro,59
TXN008518,CUST1273,2024-10-09,Renewal,Pro,59
TXN008519,CUST1273,2024-11-09,Renewal,Pro,59
TXN008520,CUST1273,2024-12-09,Renewal,Pro,59
TXN008521,CUST1273,2025-01-09,Renewal,Pro,59
TXN008522,CUST1273,2025-02-09,Upgrade,Enterprise,149
TXN008523,CUST1273,2025-03-09,Renewal,Enterprise,149
TXN008524,CUST1273,2025-04-09,Renewal,Enterprise,149
TXN008525,CUST1273,2025-05-09,Renewal,Enterprise,149
TXN008526,CUST1273,2025-06-09,Renewal,Enterprise,149
TXN008527,CUST1273,2025-07-09,Renewal,Enterprise,149
TXN008528,CUST1273,2025-08-09,Renewal,Enterprise,149
TXN008529,CUST1273,2025-09-09,Renewal,Enterprise,149
TXN008530,CUST1273,2025-10-09,Renewal,Enterprise,149
TXN008531,CUST1273,2025-11-09,Renewal,Enterprise,149
TXN008532,CUST1273,2025-12-09,Renewal,Enterprise,149
TXN008533,CUST1273,2026-01-09,Renewal,Enterprise,149
TXN008534,CUST1273,2026-02-09,Renewal,Enterprise,149
TXN008535,CUST1273,2026-03-09,Renewal,Enterprise,149
TXN008536,CUST1273,2026-04-09,Renewal,Enterprise,149
TXN008537,CUST1273,2026-05-09,Renewal,Enterprise,149
TXN008538,CUST1273,2026-06-09,Renewal,Enterprise,149
TXN008539,CUST1273,2026-07-09,Renewal,Enterprise,149
TXN008540,CUST1273,2026-08-09,Renewal,Enterprise,149
TXN008541,CUST1303,2024-07-10,New Subscription,Enterprise,149
TXN008542,CUST1303,2024-08-10,Renewal,Enterprise,149
TXN008543,CUST1303,2024-09-10,Renewal,Enterprise,149
TXN008544,CUST1303,2024-10-10,Renewal,Enterprise,149
TXN008545,CUST1303,2024-11-10,Renewal,Enterprise,149
TXN008546,CUST1303,2024-12-10,Renewal,Enterprise,149
TXN008547,CUST1303,2025-01-10,Renewal,Enterprise,149
TXN008548,CUST1303,2025-02-10,Renewal,Enterprise,149
TXN008549,CUST1303,2025-03-10,Renewal,Enterprise,149
TXN008550,CUST1303,2025-04-10,Renewal,Enterprise,149
TXN008551,CUST1303,2025-05-10,Renewal,Enterprise,149
TXN008552,CUST1303,2025-06-10,Renewal,Enterprise,149
TXN008553,CUST1303,2025-07-10,Downgrade,Pro,59
TXN008554,CUST1303,2025-08-10,Cancellation,Pro,0
TXN008555,CUST1256,2024-07-11,New Subscription,Basic,29
TXN008556,CUST1256,2024-08-11,Renewal,Basic,29
TXN008557,CUST1256,2024-09-11,Renewal,Basic,29
TXN008558,CUST1256,2024-10-11,Upgrade,Pro,59
TXN008559,CUST1256,2024-11-11,Renewal,Pro,59
TXN008560,CUST1256,2024-12-11,Renewal,Pro,59
TXN008561,CUST1256,2025-01-11,Renewal,Pro,59
TXN008562,CUST1256,2025-02-11,Renewal,Pro,59
TXN008563,CUST1256,2025-03-11,Renewal,Pro,59
TXN008564,CUST1256,2025-04-11,Renewal,Pro,59
TXN008565,CUST1256,2025-05-11,Renewal,Pro,59
TXN008566,CUST1256,2025-06-11,Renewal,Pro,59
TXN008567,CUST1256,2025-07-11,Renewal,Pro,59
TXN008568,CUST1256,2025-08-11,Renewal,Pro,59
TXN008569,CUST1256,2025-09-11,Renewal,Pro,59
TXN008570,CUST1256,2025-10-11,Renewal,Pro,59
TXN008571,CUST1256,2025-11-11,Renewal,Pro,59
TXN008572,CUST1256,2025-12-11,Renewal,Pro,59
TXN008573,CUST1256,2026-01-11,Renewal,Pro,59
TXN008574,CUST1256,2026-02-11,Renewal,Pro,59
TXN008575,CUST1256,2026-03-11,Renewal,Pro,59
TXN008576,CUST1256,2026-04-11,Renewal,Pro,59
TXN008577,CUST1256,2026-05-11,Renewal,Pro,59
TXN008578,CUST1256,2026-06-11,Renewal,Pro,59
TXN008579,CUST1256,2026-07-11,Renewal,Pro,59
TXN008580,CUST1256,2026-08-11,Renewal,Pro,59
TXN008581,CUST1281,2024-07-19,New Subscription,Basic,29
TXN008582,CUST1281,2024-08-19,Renewal,Basic,29
TXN008583,CUST1281,2024-09-19,Renewal,Basic,29
TXN008584,CUST1281,2024-10-19,Renewal,Basic,29
TXN008585,CUST1281,2024-11-19,Renewal,Basic,29
TXN008586,CUST1281,2024-12-19,Renewal,Basic,29
TXN008587,CUST1281,2025-01-19,Renewal,Basic,29
TXN008588,CUST1281,2025-02-19,Renewal,Basic,29
TXN008589,CUST1281,2025-03-19,Renewal,Basic,29
TXN008590,CUST1281,2025-04-19,Renewal,Basic,29
TXN008591,CUST1281,2025-05-19,Renewal,Basic,29
TXN008592,CUST1281,2025-06-19,Renewal,Basic,29
TXN008593,CUST1281,2025-07-19,Upgrade,Pro,59
TXN008594,CUST1281,2025-08-19,Renewal,Pro,59
TXN008595,CUST1281,2025-09-19,Renewal,Pro,59
TXN008596,CUST1281,2025-10-19,Renewal,Pro,59
TXN008597,CUST1281,2025-11-19,Renewal,Pro,59
TXN008598,CUST1281,2025-12-19,Cancellation,Pro,0
TXN008599,CUST1233,2024-07-21,New Subscription,Basic,29
TXN008600,CUST1233,2024-08-21,Renewal,Basic,29
TXN008601,CUST1233,2024-09-21,Renewal,Basic,29
TXN008602,CUST1233,2024-10-21,Renewal,Basic,29
TXN008603,CUST1233,2024-11-21,Renewal,Basic,29
TXN008604,CUST1233,2024-12-21,Renewal,Basic,29
TXN008605,CUST1233,2025-01-21,Renewal,Basic,29
TXN008606,CUST1233,2025-02-21,Renewal,Basic,29
TXN008607,CUST1233,2025-03-21,Renewal,Basic,29
TXN008608,CUST1233,2025-04-21,Renewal,Basic,29
TXN008609,CUST1233,2025-05-21,Renewal,Basic,29
TXN008610,CUST1233,2025-06-21,Renewal,Basic,29
TXN008611,CUST1233,2025-07-21,Renewal,Basic,29
TXN008612,CUST1233,2025-08-21,Renewal,Basic,29
TXN008613,CUST1233,2025-09-21,Renewal,Basic,29
TXN008614,CUST1233,2025-10-21,Renewal,Basic,29
TXN008615,CUST1233,2025-11-21,Renewal,Basic,29
TXN008616,CUST1233,2025-12-21,Renewal,Basic,29
TXN008617,CUST1233,2026-01-21,Renewal,Basic,29
TXN008618,CUST1233,2026-02-21,Renewal,Basic,29
TXN008619,CUST1233,2026-03-21,Renewal,Basic,29
TXN008620,CUST1233,2026-04-21,Renewal,Basic,29
TXN008621,CUST1233,2026-05-21,Upgrade,Pro,59
TXN008622,CUST1233,2026-06-21,Renewal,Pro,59
TXN008623,CUST1233,2026-07-21,Renewal,Pro,59
TXN008624,CUST1226,2024-07-27,New Subscription,Pro,59
TXN008625,CUST1226,2024-08-27,Renewal,Pro,59
TXN008626,CUST1226,2024-09-27,Renewal,Pro,59
TXN008627,CUST1226,2024-10-27,Renewal,Pro,59
TXN008628,CUST1226,2024-11-27,Renewal,Pro,59
TXN008629,CUST1226,2024-12-27,Renewal,Pro,59
TXN008630,CUST1226,2025-01-27,Renewal,Pro,59
TXN008631,CUST1226,2025-02-27,Renewal,Pro,59
TXN008632,CUST1226,2025-03-27,Renewal,Pro,59
TXN008633,CUST1226,2025-04-27,Renewal,Pro,59
TXN008634,CUST1226,2025-05-27,Renewal,Pro,59
TXN008635,CUST1226,2025-06-27,Renewal,Pro,59
TXN008636,CUST1226,2025-07-27,Renewal,Pro,59
TXN008637,CUST1226,2025-08-27,Renewal,Pro,59
TXN008638,CUST1226,2025-09-27,Renewal,Pro,59
TXN008639,CUST1226,2025-10-27,Renewal,Pro,59
TXN008640,CUST1226,2025-11-27,Renewal,Pro,59
TXN008641,CUST1226,2025-12-27,Renewal,Pro,59
TXN008642,CUST1226,2026-01-27,Renewal,Pro,59
TXN008643,CUST1226,2026-02-27,Renewal,Pro,59
TXN008644,CUST1226,2026-03-27,Renewal,Pro,59
TXN008645,CUST1226,2026-04-27,Renewal,Pro,59
TXN008646,CUST1226,2026-05-27,Renewal,Pro,59
TXN008647,CUST1226,2026-06-27,Renewal,Pro,59
TXN008648,CUST1226,2026-07-27,Renewal,Pro,59
TXN008649,CUST1264,2024-07-28,New Subscription,Pro,59
TXN008650,CUST1264,2024-08-28,Renewal,Pro,59
TXN008651,CUST1264,2024-09-28,Renewal,Pro,59
TXN008652,CUST1264,2024-10-28,Renewal,Pro,59
TXN008653,CUST1264,2024-11-28,Renewal,Pro,59
TXN008654,CUST1264,2024-12-28,Renewal,Pro,59
TXN008655,CUST1264,2025-01-28,Renewal,Pro,59
TXN008656,CUST1264,2025-02-28,Upgrade,Enterprise,149
TXN008657,CUST1264,2025-03-28,Renewal,Enterprise,149
TXN008658,CUST1264,2025-04-28,Renewal,Enterprise,149
TXN008659,CUST1264,2025-05-28,Renewal,Enterprise,149
TXN008660,CUST1264,2025-06-28,Renewal,Enterprise,149
TXN008661,CUST1264,2025-07-28,Renewal,Enterprise,149
TXN008662,CUST1264,2025-08-28,Renewal,Enterprise,149
TXN008663,CUST1264,2025-09-28,Renewal,Enterprise,149
TXN008664,CUST1264,2025-10-28,Renewal,Enterprise,149
TXN008665,CUST1264,2025-11-28,Renewal,Enterprise,149
TXN008666,CUST1264,2025-12-28,Renewal,Enterprise,149
TXN008667,CUST1264,2026-01-28,Renewal,Enterprise,149
TXN008668,CUST1264,2026-02-28,Renewal,Enterprise,149
TXN008669,CUST1264,2026-03-28,Renewal,Enterprise,149
TXN008670,CUST1264,2026-04-28,Renewal,Enterprise,149
TXN008671,CUST1264,2026-05-28,Renewal,Enterprise,149
TXN008672,CUST1264,2026-06-28,Downgrade,Pro,59
TXN008673,CUST1264,2026-07-28,Renewal,Pro,59
TXN008674,CUST1227,2024-08-01,New Subscription,Basic,29
TXN008675,CUST1227,2024-09-01,Renewal,Basic,29
TXN008676,CUST1227,2024-10-01,Renewal,Basic,29
TXN008677,CUST1227,2024-11-01,Renewal,Basic,29
TXN008678,CUST1227,2024-12-01,Renewal,Basic,29
TXN008679,CUST1227,2025-01-01,Renewal,Basic,29
TXN008680,CUST1227,2025-02-01,Renewal,Basic,29
TXN008681,CUST1227,2025-03-01,Cancellation,Basic,0
TXN008682,CUST1227,2025-08-01,Reactivation,Basic,29
TXN008683,CUST1227,2025-09-01,Renewal,Basic,29
TXN008684,CUST1227,2025-10-01,Renewal,Basic,29
TXN008685,CUST1227,2025-11-01,Renewal,Basic,29
TXN008686,CUST1227,2025-12-01,Renewal,Basic,29
TXN008687,CUST1227,2026-01-01,Renewal,Basic,29
TXN008688,CUST1227,2026-02-01,Renewal,Basic,29
TXN008689,CUST1227,2026-03-01,Renewal,Basic,29
TXN008690,CUST1227,2026-04-01,Renewal,Basic,29
TXN008691,CUST1227,2026-05-01,Renewal,Basic,29
TXN008692,CUST1227,2026-06-01,Renewal,Basic,29
TXN008693,CUST1227,2026-07-01,Renewal,Basic,29
TXN008694,CUST1227,2026-08-01,Renewal,Basic,29
TXN008695,CUST1218,2024-08-02,New Subscription,Basic,29
TXN008696,CUST1218,2024-09-02,Renewal,Basic,29
TXN008697,CUST1218,2024-10-02,Renewal,Basic,29
TXN008698,CUST1218,2024-11-02,Renewal,Basic,29
TXN008699,CUST1218,2024-12-02,Renewal,Basic,29
TXN008700,CUST1218,2025-01-02,Renewal,Basic,29
TXN008701,CUST1218,2025-02-02,Renewal,Basic,29
TXN008702,CUST1218,2025-03-02,Cancellation,Basic,0
TXN008703,CUST1294,2024-08-02,New Subscription,Basic,29
TXN008704,CUST1294,2024-09-02,Renewal,Basic,29
TXN008705,CUST1294,2024-10-02,Renewal,Basic,29
TXN008706,CUST1294,2024-11-02,Renewal,Basic,29
TXN008707,CUST1294,2024-12-02,Renewal,Basic,29
TXN008708,CUST1294,2025-01-02,Renewal,Basic,29
TXN008709,CUST1294,2025-02-02,Renewal,Basic,29
TXN008710,CUST1294,2025-03-02,Renewal,Basic,29
TXN008711,CUST1294,2025-04-02,Renewal,Basic,29
TXN008712,CUST1294,2025-05-02,Renewal,Basic,29
TXN008713,CUST1294,2025-06-02,Renewal,Basic,29
TXN008714,CUST1294,2025-07-02,Renewal,Basic,29
TXN008715,CUST1294,2025-08-02,Renewal,Basic,29
TXN008716,CUST1294,2025-09-02,Renewal,Basic,29
TXN008717,CUST1294,2025-10-02,Upgrade,Pro,59
TXN008718,CUST1294,2025-11-02,Renewal,Pro,59
TXN008719,CUST1294,2025-12-02,Renewal,Pro,59
TXN008720,CUST1294,2026-01-02,Renewal,Pro,59
TXN008721,CUST1294,2026-02-02,Renewal,Pro,59
TXN008722,CUST1294,2026-03-02,Renewal,Pro,59
TXN008723,CUST1294,2026-04-02,Renewal,Pro,59
TXN008724,CUST1294,2026-05-02,Renewal,Pro,59
TXN008725,CUST1294,2026-06-02,Renewal,Pro,59
TXN008726,CUST1294,2026-07-02,Renewal,Pro,59
TXN008727,CUST1294,2026-08-02,Renewal,Pro,59
TXN008728,CUST1237,2024-08-03,New Subscription,Pro,59
TXN008729,CUST1237,2024-09-03,Renewal,Pro,59
TXN008730,CUST1237,2024-10-03,Renewal,Pro,59
TXN008731,CUST1237,2024-11-03,Renewal,Pro,59
TXN008732,CUST1237,2024-12-03,Renewal,Pro,59
TXN008733,CUST1237,2025-01-03,Renewal,Pro,59
TXN008734,CUST1237,2025-02-03,Renewal,Pro,59
TXN008735,CUST1237,2025-03-03,Renewal,Pro,59
TXN008736,CUST1237,2025-04-03,Renewal,Pro,59
TXN008737,CUST1237,2025-05-03,Renewal,Pro,59
TXN008738,CUST1237,2025-06-03,Renewal,Pro,59
TXN008739,CUST1237,2025-07-03,Renewal,Pro,59
TXN008740,CUST1237,2025-08-03,Renewal,Pro,59
TXN008741,CUST1237,2025-09-03,Renewal,Pro,59
TXN008742,CUST1237,2025-10-03,Renewal,Pro,59
TXN008743,CUST1237,2025-11-03,Renewal,Pro,59
TXN008744,CUST1237,2025-12-03,Renewal,Pro,59
TXN008745,CUST1237,2026-01-03,Renewal,Pro,59
TXN008746,CUST1237,2026-02-03,Renewal,Pro,59
TXN008747,CUST1237,2026-03-03,Renewal,Pro,59
TXN008748,CUST1237,2026-04-03,Renewal,Pro,59
TXN008749,CUST1237,2026-05-03,Renewal,Pro,59
TXN008750,CUST1237,2026-06-03,Downgrade,Basic,29
TXN008751,CUST1237,2026-07-03,Renewal,Basic,29
TXN008752,CUST1237,2026-08-03,Renewal,Basic,29
TXN008753,CUST1257,2024-08-03,New Subscription,Basic,29
TXN008754,CUST1257,2024-09-03,Renewal,Basic,29
TXN008755,CUST1257,2024-10-03,Renewal,Basic,29
TXN008756,CUST1257,2024-11-03,Renewal,Basic,29
TXN008757,CUST1257,2024-12-03,Renewal,Basic,29
TXN008758,CUST1257,2025-01-03,Renewal,Basic,29
TXN008759,CUST1257,2025-02-03,Renewal,Basic,29
TXN008760,CUST1257,2025-03-03,Renewal,Basic,29
TXN008761,CUST1257,2025-04-03,Renewal,Basic,29
TXN008762,CUST1257,2025-05-03,Renewal,Basic,29
TXN008763,CUST1257,2025-06-03,Renewal,Basic,29
TXN008764,CUST1257,2025-07-03,Renewal,Basic,29
TXN008765,CUST1257,2025-08-03,Renewal,Basic,29
TXN008766,CUST1257,2025-09-03,Renewal,Basic,29
TXN008767,CUST1257,2025-10-03,Renewal,Basic,29
TXN008768,CUST1257,2025-11-03,Renewal,Basic,29
TXN008769,CUST1257,2025-12-03,Renewal,Basic,29
TXN008770,CUST1257,2026-01-03,Renewal,Basic,29
TXN008771,CUST1257,2026-02-03,Renewal,Basic,29
TXN008772,CUST1257,2026-03-03,Renewal,Basic,29
TXN008773,CUST1257,2026-04-03,Renewal,Basic,29
TXN008774,CUST1257,2026-05-03,Renewal,Basic,29
TXN008775,CUST1257,2026-06-03,Renewal,Basic,29
TXN008776,CUST1257,2026-07-03,Renewal,Basic,29
TXN008777,CUST1257,2026-08-03,Renewal,Basic,29
TXN008778,CUST1300,2024-08-17,New Subscription,Basic,29
TXN008779,CUST1300,2024-09-17,Renewal,Basic,29
TXN008780,CUST1300,2024-10-17,Renewal,Basic,29
TXN008781,CUST1300,2024-11-17,Renewal,Basic,29
TXN008782,CUST1300,2024-12-17,Renewal,Basic,29
TXN008783,CUST1300,2025-01-17,Renewal,Basic,29
TXN008784,CUST1300,2025-02-17,Renewal,Basic,29
TXN008785,CUST1300,2025-03-17,Renewal,Basic,29
TXN008786,CUST1300,2025-04-17,Cancellation,Basic,0
TXN008787,CUST1283,2024-08-27,New Subscription,Basic,29
TXN008788,CUST1283,2024-09-27,Renewal,Basic,29
TXN008789,CUST1283,2024-10-27,Renewal,Basic,29
TXN008790,CUST1283,2024-11-27,Renewal,Basic,29
TXN008791,CUST1283,2024-12-27,Renewal,Basic,29
TXN008792,CUST1283,2025-01-27,Renewal,Basic,29
TXN008793,CUST1283,2025-02-27,Renewal,Basic,29
TXN008794,CUST1283,2025-03-27,Renewal,Basic,29
TXN008795,CUST1283,2025-04-27,Renewal,Basic,29
TXN008796,CUST1283,2025-05-27,Renewal,Basic,29
TXN008797,CUST1283,2025-06-27,Renewal,Basic,29
TXN008798,CUST1283,2025-07-27,Renewal,Basic,29
TXN008799,CUST1283,2025-08-27,Renewal,Basic,29
TXN008800,CUST1283,2025-09-27,Renewal,Basic,29
TXN008801,CUST1283,2025-10-27,Renewal,Basic,29
TXN008802,CUST1283,2025-11-27,Renewal,Basic,29
TXN008803,CUST1283,2025-12-27,Renewal,Basic,29
TXN008804,CUST1283,2026-01-27,Renewal,Basic,29
TXN008805,CUST1283,2026-02-27,Renewal,Basic,29
TXN008806,CUST1283,2026-03-27,Renewal,Basic,29
TXN008807,CUST1283,2026-04-27,Renewal,Basic,29
TXN008808,CUST1283,2026-05-27,Renewal,Basic,29
TXN008809,CUST1283,2026-06-27,Renewal,Basic,29
TXN008810,CUST1283,2026-07-27,Renewal,Basic,29
TXN008811,CUST1231,2024-09-05,New Subscription,Enterprise,149
TXN008812,CUST1231,2024-10-05,Renewal,Enterprise,149
TXN008813,CUST1231,2024-11-05,Renewal,Enterprise,149
TXN008814,CUST1231,2024-12-05,Renewal,Enterprise,149
TXN008815,CUST1231,2025-01-05,Renewal,Enterprise,149
TXN008816,CUST1231,2025-02-05,Renewal,Enterprise,149
TXN008817,CUST1231,2025-03-05,Renewal,Enterprise,149
TXN008818,CUST1231,2025-04-05,Renewal,Enterprise,149
TXN008819,CUST1231,2025-05-05,Renewal,Enterprise,149
TXN008820,CUST1231,2025-06-05,Renewal,Enterprise,149
TXN008821,CUST1231,2025-07-05,Renewal,Enterprise,149
TXN008822,CUST1231,2025-08-05,Renewal,Enterprise,149
TXN008823,CUST1231,2025-09-05,Renewal,Enterprise,149
TXN008824,CUST1231,2025-10-05,Renewal,Enterprise,149
TXN008825,CUST1231,2025-11-05,Renewal,Enterprise,149
TXN008826,CUST1231,2025-12-05,Renewal,Enterprise,149
TXN008827,CUST1231,2026-01-05,Downgrade,Pro,59
TXN008828,CUST1231,2026-02-05,Renewal,Pro,59
TXN008829,CUST1231,2026-03-05,Renewal,Pro,59
TXN008830,CUST1231,2026-04-05,Renewal,Pro,59
TXN008831,CUST1231,2026-05-05,Renewal,Pro,59
TXN008832,CUST1231,2026-06-05,Renewal,Pro,59
TXN008833,CUST1231,2026-07-05,Renewal,Pro,59
TXN008834,CUST1231,2026-08-05,Renewal,Pro,59
TXN008835,CUST1242,2024-09-09,New Subscription,Enterprise,149
TXN008836,CUST1242,2024-10-09,Renewal,Enterprise,149
TXN008837,CUST1242,2024-11-09,Renewal,Enterprise,149
TXN008838,CUST1242,2024-12-09,Renewal,Enterprise,149
TXN008839,CUST1242,2025-01-09,Downgrade,Pro,59
TXN008840,CUST1242,2025-02-09,Renewal,Pro,59
TXN008841,CUST1242,2025-03-09,Cancellation,Pro,0
TXN008842,CUST1252,2024-09-10,New Subscription,Basic,29
TXN008843,CUST1252,2024-10-10,Renewal,Basic,29
TXN008844,CUST1252,2024-11-10,Renewal,Basic,29
TXN008845,CUST1252,2024-12-10,Renewal,Basic,29
TXN008846,CUST1252,2025-01-10,Renewal,Basic,29
TXN008847,CUST1252,2025-02-10,Renewal,Basic,29
TXN008848,CUST1252,2025-03-10,Renewal,Basic,29
TXN008849,CUST1252,2025-04-10,Renewal,Basic,29
TXN008850,CUST1252,2025-05-10,Renewal,Basic,29
TXN008851,CUST1252,2025-06-10,Renewal,Basic,29
TXN008852,CUST1252,2025-07-10,Renewal,Basic,29
TXN008853,CUST1252,2025-08-10,Renewal,Basic,29
TXN008854,CUST1252,2025-09-10,Renewal,Basic,29
TXN008855,CUST1252,2025-10-10,Renewal,Basic,29
TXN008856,CUST1252,2025-11-10,Renewal,Basic,29
TXN008857,CUST1252,2025-12-10,Renewal,Basic,29
TXN008858,CUST1252,2026-01-10,Renewal,Basic,29
TXN008859,CUST1252,2026-02-10,Renewal,Basic,29
TXN008860,CUST1252,2026-03-10,Renewal,Basic,29
TXN008861,CUST1252,2026-04-10,Renewal,Basic,29
TXN008862,CUST1252,2026-05-10,Renewal,Basic,29
TXN008863,CUST1252,2026-06-10,Renewal,Basic,29
TXN008864,CUST1252,2026-07-10,Renewal,Basic,29
TXN008865,CUST1252,2026-08-10,Renewal,Basic,29
TXN008866,CUST1220,2024-09-12,New Subscription,Pro,59
TXN008867,CUST1220,2024-10-12,Cancellation,Pro,0
TXN008868,CUST1224,2024-09-12,New Subscription,Basic,29
TXN008869,CUST1224,2024-10-12,Renewal,Basic,29
TXN008870,CUST1224,2024-11-12,Renewal,Basic,29
TXN008871,CUST1224,2024-12-12,Renewal,Basic,29
TXN008872,CUST1224,2025-01-12,Renewal,Basic,29
TXN008873,CUST1224,2025-02-12,Renewal,Basic,29
TXN008874,CUST1224,2025-03-12,Renewal,Basic,29
TXN008875,CUST1224,2025-04-12,Renewal,Basic,29
TXN008876,CUST1224,2025-05-12,Renewal,Basic,29
TXN008877,CUST1224,2025-06-12,Renewal,Basic,29
TXN008878,CUST1224,2025-07-12,Renewal,Basic,29
TXN008879,CUST1224,2025-08-12,Renewal,Basic,29
TXN008880,CUST1224,2025-09-12,Renewal,Basic,29
TXN008881,CUST1224,2025-10-12,Renewal,Basic,29
TXN008882,CUST1224,2025-11-12,Renewal,Basic,29
TXN008883,CUST1224,2025-12-12,Renewal,Basic,29
TXN008884,CUST1224,2026-01-12,Renewal,Basic,29
TXN008885,CUST1224,2026-02-12,Renewal,Basic,29
TXN008886,CUST1224,2026-03-12,Renewal,Basic,29
TXN008887,CUST1224,2026-04-12,Renewal,Basic,29
TXN008888,CUST1224,2026-05-12,Renewal,Basic,29
TXN008889,CUST1224,2026-06-12,Renewal,Basic,29
TXN008890,CUST1224,2026-07-12,Renewal,Basic,29
TXN008891,CUST1224,2026-08-12,Renewal,Basic,29
TXN008892,CUST1263,2024-09-12,New Subscription,Basic,29
TXN008893,CUST1263,2024-10-12,Renewal,Basic,29
TXN008894,CUST1263,2024-11-12,Renewal,Basic,29
TXN008895,CUST1263,2024-12-12,Renewal,Basic,29
TXN008896,CUST1263,2025-01-12,Renewal,Basic,29
TXN008897,CUST1263,2025-02-12,Renewal,Basic,29
TXN008898,CUST1263,2025-03-12,Cancellation,Basic,0
TXN008899,CUST1259,2024-09-18,New Subscription,Basic,29
TXN008900,CUST1259,2024-10-18,Renewal,Basic,29
TXN008901,CUST1259,2024-11-18,Renewal,Basic,29
TXN008902,CUST1259,2024-12-18,Renewal,Basic,29
TXN008903,CUST1259,2025-01-18,Renewal,Basic,29
TXN008904,CUST1259,2025-02-18,Renewal,Basic,29
TXN008905,CUST1259,2025-03-18,Renewal,Basic,29
TXN008906,CUST1259,2025-04-18,Renewal,Basic,29
TXN008907,CUST1259,2025-05-18,Upgrade,Pro,59
TXN008908,CUST1259,2025-06-18,Renewal,Pro,59
TXN008909,CUST1259,2025-07-18,Renewal,Pro,59
TXN008910,CUST1259,2025-08-18,Renewal,Pro,59
TXN008911,CUST1259,2025-09-18,Renewal,Pro,59
TXN008912,CUST1259,2025-10-18,Renewal,Pro,59
TXN008913,CUST1259,2025-11-18,Renewal,Pro,59
TXN008914,CUST1259,2025-12-18,Renewal,Pro,59
TXN008915,CUST1259,2026-01-18,Renewal,Pro,59
TXN008916,CUST1259,2026-02-18,Renewal,Pro,59
TXN008917,CUST1259,2026-03-18,Renewal,Pro,59
TXN008918,CUST1259,2026-04-18,Renewal,Pro,59
TXN008919,CUST1259,2026-05-18,Renewal,Pro,59
TXN008920,CUST1259,2026-06-18,Renewal,Pro,59
TXN008921,CUST1259,2026-07-18,Renewal,Pro,59
TXN008922,CUST1286,2024-09-21,New Subscription,Enterprise,149
TXN008923,CUST1286,2024-10-21,Renewal,Enterprise,149
TXN008924,CUST1286,2024-11-21,Renewal,Enterprise,149
TXN008925,CUST1286,2024-12-21,Renewal,Enterprise,149
TXN008926,CUST1286,2025-01-21,Renewal,Enterprise,149
TXN008927,CUST1286,2025-02-21,Renewal,Enterprise,149
TXN008928,CUST1286,2025-03-21,Renewal,Enterprise,149
TXN008929,CUST1286,2025-04-21,Renewal,Enterprise,149
TXN008930,CUST1286,2025-05-21,Renewal,Enterprise,149
TXN008931,CUST1286,2025-06-21,Renewal,Enterprise,149
TXN008932,CUST1286,2025-07-21,Renewal,Enterprise,149
TXN008933,CUST1286,2025-08-21,Renewal,Enterprise,149
TXN008934,CUST1286,2025-09-21,Renewal,Enterprise,149
TXN008935,CUST1286,2025-10-21,Renewal,Enterprise,149
TXN008936,CUST1286,2025-11-21,Downgrade,Pro,59
TXN008937,CUST1286,2025-12-21,Renewal,Pro,59
TXN008938,CUST1286,2026-01-21,Cancellation,Pro,0
TXN008939,CUST1286,2026-03-21,Reactivation,Pro,59
TXN008940,CUST1286,2026-04-21,Renewal,Pro,59
TXN008941,CUST1286,2026-05-21,Renewal,Pro,59
TXN008942,CUST1286,2026-06-21,Upgrade,Enterprise,149
TXN008943,CUST1286,2026-07-21,Renewal,Enterprise,149
TXN008944,CUST1299,2024-09-21,New Subscription,Basic,29
TXN008945,CUST1299,2024-10-21,Renewal,Basic,29
TXN008946,CUST1299,2024-11-21,Renewal,Basic,29
TXN008947,CUST1299,2024-12-21,Renewal,Basic,29
TXN008948,CUST1299,2025-01-21,Renewal,Basic,29
TXN008949,CUST1299,2025-02-21,Renewal,Basic,29
TXN008950,CUST1299,2025-03-21,Renewal,Basic,29
TXN008951,CUST1299,2025-04-21,Renewal,Basic,29
TXN008952,CUST1299,2025-05-21,Cancellation,Basic,0
TXN008953,CUST1241,2024-10-01,New Subscription,Enterprise,149
TXN008954,CUST1241,2024-11-01,Renewal,Enterprise,149
TXN008955,CUST1241,2024-12-01,Renewal,Enterprise,149
TXN008956,CUST1241,2025-01-01,Renewal,Enterprise,149
TXN008957,CUST1241,2025-02-01,Renewal,Enterprise,149
TXN008958,CUST1241,2025-03-01,Renewal,Enterprise,149
TXN008959,CUST1241,2025-04-01,Renewal,Enterprise,149
TXN008960,CUST1241,2025-05-01,Renewal,Enterprise,149
TXN008961,CUST1241,2025-06-01,Renewal,Enterprise,149
TXN008962,CUST1241,2025-07-01,Renewal,Enterprise,149
TXN008963,CUST1241,2025-08-01,Renewal,Enterprise,149
TXN008964,CUST1241,2025-09-01,Renewal,Enterprise,149
TXN008965,CUST1241,2025-10-01,Renewal,Enterprise,149
TXN008966,CUST1241,2025-11-01,Renewal,Enterprise,149
TXN008967,CUST1241,2025-12-01,Renewal,Enterprise,149
TXN008968,CUST1241,2026-01-01,Renewal,Enterprise,149
TXN008969,CUST1241,2026-02-01,Renewal,Enterprise,149
TXN008970,CUST1241,2026-03-01,Renewal,Enterprise,149
TXN008971,CUST1241,2026-04-01,Renewal,Enterprise,149
TXN008972,CUST1241,2026-05-01,Renewal,Enterprise,149
TXN008973,CUST1241,2026-06-01,Renewal,Enterprise,149
TXN008974,CUST1241,2026-07-01,Renewal,Enterprise,149
TXN008975,CUST1241,2026-08-01,Renewal,Enterprise,149
TXN008976,CUST1246,2024-10-04,New Subscription,Pro,59
TXN008977,CUST1246,2024-11-04,Upgrade,Enterprise,149
TXN008978,CUST1246,2024-12-04,Renewal,Enterprise,149
TXN008979,CUST1246,2025-01-04,Renewal,Enterprise,149
TXN008980,CUST1246,2025-02-04,Renewal,Enterprise,149
TXN008981,CUST1246,2025-03-04,Renewal,Enterprise,149
TXN008982,CUST1246,2025-04-04,Renewal,Enterprise,149
TXN008983,CUST1246,2025-05-04,Renewal,Enterprise,149
TXN008984,CUST1246,2025-06-04,Renewal,Enterprise,149
TXN008985,CUST1246,2025-07-04,Renewal,Enterprise,149
TXN008986,CUST1246,2025-08-04,Renewal,Enterprise,149
TXN008987,CUST1246,2025-09-04,Renewal,Enterprise,149
TXN008988,CUST1246,2025-10-04,Renewal,Enterprise,149
TXN008989,CUST1246,2025-11-04,Renewal,Enterprise,149
TXN008990,CUST1246,2025-12-04,Downgrade,Pro,59
TXN008991,CUST1246,2026-01-04,Renewal,Pro,59
TXN008992,CUST1246,2026-02-04,Renewal,Pro,59
TXN008993,CUST1246,2026-03-04,Renewal,Pro,59
TXN008994,CUST1246,2026-04-04,Renewal,Pro,59
TXN008995,CUST1246,2026-05-04,Renewal,Pro,59
TXN008996,CUST1246,2026-06-04,Renewal,Pro,59
TXN008997,CUST1246,2026-07-04,Renewal,Pro,59
TXN008998,CUST1246,2026-08-04,Renewal,Pro,59
TXN008999,CUST1239,2024-10-07,New Subscription,Basic,29
TXN009000,CUST1239,2024-11-07,Renewal,Basic,29
TXN009001,CUST1239,2024-12-07,Renewal,Basic,29
TXN009002,CUST1239,2025-01-07,Renewal,Basic,29
TXN009003,CUST1239,2025-02-07,Renewal,Basic,29
TXN009004,CUST1239,2025-03-07,Renewal,Basic,29
TXN009005,CUST1239,2025-04-07,Renewal,Basic,29
TXN009006,CUST1239,2025-05-07,Renewal,Basic,29
TXN009007,CUST1239,2025-06-07,Renewal,Basic,29
TXN009008,CUST1239,2025-07-07,Renewal,Basic,29
TXN009009,CUST1239,2025-08-07,Renewal,Basic,29
TXN009010,CUST1239,2025-09-07,Renewal,Basic,29
TXN009011,CUST1239,2025-10-07,Renewal,Basic,29
TXN009012,CUST1239,2025-11-07,Renewal,Basic,29
TXN009013,CUST1239,2025-12-07,Renewal,Basic,29
TXN009014,CUST1239,2026-01-07,Renewal,Basic,29
TXN009015,CUST1239,2026-02-07,Renewal,Basic,29
TXN009016,CUST1239,2026-03-07,Renewal,Basic,29
TXN009017,CUST1239,2026-04-07,Renewal,Basic,29
TXN009018,CUST1239,2026-05-07,Renewal,Basic,29
TXN009019,CUST1239,2026-06-07,Renewal,Basic,29
TXN009020,CUST1239,2026-07-07,Upgrade,Pro,59
TXN009021,CUST1239,2026-08-07,Renewal,Pro,59
TXN009022,CUST1228,2024-10-08,New Subscription,Basic,29
TXN009023,CUST1228,2024-11-08,Renewal,Basic,29
TXN009024,CUST1228,2024-12-08,Renewal,Basic,29
TXN009025,CUST1228,2025-01-08,Renewal,Basic,29
TXN009026,CUST1228,2025-02-08,Renewal,Basic,29
TXN009027,CUST1228,2025-03-08,Renewal,Basic,29
TXN009028,CUST1228,2025-04-08,Renewal,Basic,29
TXN009029,CUST1228,2025-05-08,Renewal,Basic,29
TXN009030,CUST1228,2025-06-08,Renewal,Basic,29
TXN009031,CUST1228,2025-07-08,Renewal,Basic,29
TXN009032,CUST1228,2025-08-08,Renewal,Basic,29
TXN009033,CUST1228,2025-09-08,Renewal,Basic,29
TXN009034,CUST1228,2025-10-08,Renewal,Basic,29
TXN009035,CUST1228,2025-11-08,Renewal,Basic,29
TXN009036,CUST1228,2025-12-08,Renewal,Basic,29
TXN009037,CUST1228,2026-01-08,Renewal,Basic,29
TXN009038,CUST1228,2026-02-08,Renewal,Basic,29
TXN009039,CUST1228,2026-03-08,Renewal,Basic,29
TXN009040,CUST1228,2026-04-08,Renewal,Basic,29
TXN009041,CUST1228,2026-05-08,Renewal,Basic,29
TXN009042,CUST1228,2026-06-08,Renewal,Basic,29
TXN009043,CUST1228,2026-07-08,Cancellation,Basic,0
TXN009044,CUST1214,2024-10-24,New Subscription,Basic,29
TXN009045,CUST1214,2024-11-24,Renewal,Basic,29
TXN009046,CUST1214,2024-12-24,Renewal,Basic,29
TXN009047,CUST1214,2025-01-24,Renewal,Basic,29
TXN009048,CUST1214,2025-02-24,Renewal,Basic,29
TXN009049,CUST1214,2025-03-24,Renewal,Basic,29
TXN009050,CUST1214,2025-04-24,Renewal,Basic,29
TXN009051,CUST1214,2025-05-24,Renewal,Basic,29
TXN009052,CUST1214,2025-06-24,Renewal,Basic,29
TXN009053,CUST1214,2025-07-24,Renewal,Basic,29
TXN009054,CUST1214,2025-08-24,Renewal,Basic,29
TXN009055,CUST1214,2025-09-24,Renewal,Basic,29
TXN009056,CUST1214,2025-10-24,Renewal,Basic,29
TXN009057,CUST1214,2025-11-24,Renewal,Basic,29
TXN009058,CUST1214,2025-12-24,Renewal,Basic,29
TXN009059,CUST1214,2026-01-24,Renewal,Basic,29
TXN009060,CUST1214,2026-02-24,Renewal,Basic,29
TXN009061,CUST1214,2026-03-24,Renewal,Basic,29
TXN009062,CUST1214,2026-04-24,Renewal,Basic,29
TXN009063,CUST1214,2026-05-24,Renewal,Basic,29
TXN009064,CUST1214,2026-06-24,Renewal,Basic,29
TXN009065,CUST1214,2026-07-24,Renewal,Basic,29
TXN009066,CUST1290,2024-10-25,New Subscription,Enterprise,149
TXN009067,CUST1290,2024-11-25,Renewal,Enterprise,149
TXN009068,CUST1290,2024-12-25,Renewal,Enterprise,149
TXN009069,CUST1290,2025-01-25,Renewal,Enterprise,149
TXN009070,CUST1290,2025-02-25,Renewal,Enterprise,149
TXN009071,CUST1290,2025-03-25,Cancellation,Enterprise,0
TXN009072,CUST1290,2025-09-25,Reactivation,Enterprise,149
TXN009073,CUST1290,2025-10-25,Renewal,Enterprise,149
TXN009074,CUST1290,2025-11-25,Renewal,Enterprise,149
TXN009075,CUST1290,2025-12-25,Renewal,Enterprise,149
TXN009076,CUST1290,2026-01-25,Downgrade,Pro,59
TXN009077,CUST1290,2026-02-25,Renewal,Pro,59
TXN009078,CUST1290,2026-03-25,Renewal,Pro,59
TXN009079,CUST1290,2026-04-25,Renewal,Pro,59
TXN009080,CUST1290,2026-05-25,Upgrade,Enterprise,149
TXN009081,CUST1290,2026-06-25,Renewal,Enterprise,149
TXN009082,CUST1290,2026-07-25,Renewal,Enterprise,149
TXN009083,CUST1304,2024-10-28,New Subscription,Pro,59
TXN009084,CUST1304,2024-11-28,Renewal,Pro,59
TXN009085,CUST1304,2024-12-28,Renewal,Pro,59
TXN009086,CUST1304,2025-01-28,Renewal,Pro,59
TXN009087,CUST1304,2025-02-28,Renewal,Pro,59
TXN009088,CUST1304,2025-03-28,Renewal,Pro,59
TXN009089,CUST1304,2025-04-28,Renewal,Pro,59
TXN009090,CUST1304,2025-05-28,Renewal,Pro,59
TXN009091,CUST1304,2025-06-28,Renewal,Pro,59
TXN009092,CUST1304,2025-07-28,Renewal,Pro,59
TXN009093,CUST1304,2025-08-28,Renewal,Pro,59
TXN009094,CUST1304,2025-09-28,Renewal,Pro,59
TXN009095,CUST1304,2025-10-28,Renewal,Pro,59
TXN009096,CUST1304,2025-11-28,Renewal,Pro,59
TXN009097,CUST1304,2025-12-28,Renewal,Pro,59
TXN009098,CUST1304,2026-01-28,Renewal,Pro,59
TXN009099,CUST1304,2026-02-28,Renewal,Pro,59
TXN009100,CUST1304,2026-03-28,Renewal,Pro,59
TXN009101,CUST1304,2026-04-28,Renewal,Pro,59
TXN009102,CUST1304,2026-05-28,Renewal,Pro,59
TXN009103,CUST1304,2026-06-28,Renewal,Pro,59
TXN009104,CUST1304,2026-07-28,Renewal,Pro,59
TXN009105,CUST1248,2024-11-01,New Subscription,Basic,29
TXN009106,CUST1248,2024-12-01,Renewal,Basic,29
TXN009107,CUST1248,2025-01-01,Renewal,Basic,29
TXN009108,CUST1248,2025-02-01,Renewal,Basic,29
TXN009109,CUST1248,2025-03-01,Upgrade,Pro,59
TXN009110,CUST1248,2025-04-01,Renewal,Pro,59
TXN009111,CUST1248,2025-05-01,Renewal,Pro,59
TXN009112,CUST1248,2025-06-01,Renewal,Pro,59
TXN009113,CUST1248,2025-07-01,Renewal,Pro,59
TXN009114,CUST1248,2025-08-01,Renewal,Pro,59
TXN009115,CUST1248,2025-09-01,Renewal,Pro,59
TXN009116,CUST1248,2025-10-01,Renewal,Pro,59
TXN009117,CUST1248,2025-11-01,Renewal,Pro,59
TXN009118,CUST1248,2025-12-01,Renewal,Pro,59
TXN009119,CUST1248,2026-01-01,Renewal,Pro,59
TXN009120,CUST1248,2026-02-01,Renewal,Pro,59
TXN009121,CUST1248,2026-03-01,Renewal,Pro,59
TXN009122,CUST1248,2026-04-01,Renewal,Pro,59
TXN009123,CUST1248,2026-05-01,Renewal,Pro,59
TXN009124,CUST1248,2026-06-01,Renewal,Pro,59
TXN009125,CUST1248,2026-07-01,Renewal,Pro,59
TXN009126,CUST1248,2026-08-01,Renewal,Pro,59
TXN009127,CUST1289,2024-11-03,New Subscription,Basic,29
TXN009128,CUST1289,2024-12-03,Renewal,Basic,29
TXN009129,CUST1289,2025-01-03,Renewal,Basic,29
TXN009130,CUST1289,2025-02-03,Renewal,Basic,29
TXN009131,CUST1289,2025-03-03,Renewal,Basic,29
TXN009132,CUST1289,2025-04-03,Renewal,Basic,29
TXN009133,CUST1289,2025-05-03,Renewal,Basic,29
TXN009134,CUST1289,2025-06-03,Cancellation,Basic,0
TXN009135,CUST1249,2024-11-04,New Subscription,Basic,29
TXN009136,CUST1249,2024-12-04,Renewal,Basic,29
TXN009137,CUST1249,2025-01-04,Renewal,Basic,29
TXN009138,CUST1249,2025-02-04,Renewal,Basic,29
TXN009139,CUST1249,2025-03-04,Renewal,Basic,29
TXN009140,CUST1249,2025-04-04,Renewal,Basic,29
TXN009141,CUST1249,2025-05-04,Renewal,Basic,29
TXN009142,CUST1249,2025-06-04,Upgrade,Pro,59
TXN009143,CUST1249,2025-07-04,Renewal,Pro,59
TXN009144,CUST1249,2025-08-04,Downgrade,Basic,29
TXN009145,CUST1249,2025-09-04,Renewal,Basic,29
TXN009146,CUST1249,2025-10-04,Renewal,Basic,29
TXN009147,CUST1249,2025-11-04,Cancellation,Basic,0
TXN009148,CUST1249,2026-05-04,Reactivation,Basic,29
TXN009149,CUST1249,2026-06-04,Renewal,Basic,29
TXN009150,CUST1249,2026-07-04,Renewal,Basic,29
TXN009151,CUST1249,2026-08-04,Renewal,Basic,29
TXN009152,CUST1236,2024-11-12,New Subscription,Enterprise,149
TXN009153,CUST1236,2024-12-12,Renewal,Enterprise,149
TXN009154,CUST1236,2025-01-12,Renewal,Enterprise,149
TXN009155,CUST1236,2025-02-12,Renewal,Enterprise,149
TXN009156,CUST1236,2025-03-12,Renewal,Enterprise,149
TXN009157,CUST1236,2025-04-12,Renewal,Enterprise,149
TXN009158,CUST1236,2025-05-12,Cancellation,Enterprise,0
TXN009159,CUST1251,2024-11-19,New Subscription,Enterprise,149
TXN009160,CUST1251,2024-12-19,Renewal,Enterprise,149
TXN009161,CUST1251,2025-01-19,Renewal,Enterprise,149
TXN009162,CUST1251,2025-02-19,Renewal,Enterprise,149
TXN009163,CUST1251,2025-03-19,Renewal,Enterprise,149
TXN009164,CUST1251,2025-04-19,Renewal,Enterprise,149
TXN009165,CUST1251,2025-05-19,Renewal,Enterprise,149
TXN009166,CUST1251,2025-06-19,Renewal,Enterprise,149
TXN009167,CUST1251,2025-07-19,Renewal,Enterprise,149
TXN009168,CUST1251,2025-08-19,Renewal,Enterprise,149
TXN009169,CUST1251,2025-09-19,Renewal,Enterprise,149
TXN009170,CUST1251,2025-10-19,Renewal,Enterprise,149
TXN009171,CUST1251,2025-11-19,Renewal,Enterprise,149
TXN009172,CUST1251,2025-12-19,Renewal,Enterprise,149
TXN009173,CUST1251,2026-01-19,Renewal,Enterprise,149
TXN009174,CUST1251,2026-02-19,Renewal,Enterprise,149
TXN009175,CUST1251,2026-03-19,Renewal,Enterprise,149
TXN009176,CUST1251,2026-04-19,Renewal,Enterprise,149
TXN009177,CUST1251,2026-05-19,Renewal,Enterprise,149
TXN009178,CUST1251,2026-06-19,Renewal,Enterprise,149
TXN009179,CUST1251,2026-07-19,Renewal,Enterprise,149
TXN009180,CUST1265,2024-11-21,New Subscription,Pro,59
TXN009181,CUST1265,2024-12-21,Upgrade,Enterprise,149
TXN009182,CUST1265,2025-01-21,Renewal,Enterprise,149
TXN009183,CUST1265,2025-02-21,Renewal,Enterprise,149
TXN009184,CUST1265,2025-03-21,Renewal,Enterprise,149
TXN009185,CUST1265,2025-04-21,Renewal,Enterprise,149
TXN009186,CUST1265,2025-05-21,Renewal,Enterprise,149
TXN009187,CUST1265,2025-06-21,Renewal,Enterprise,149
TXN009188,CUST1265,2025-07-21,Renewal,Enterprise,149
TXN009189,CUST1265,2025-08-21,Renewal,Enterprise,149
TXN009190,CUST1265,2025-09-21,Renewal,Enterprise,149
TXN009191,CUST1265,2025-10-21,Renewal,Enterprise,149
TXN009192,CUST1265,2025-11-21,Renewal,Enterprise,149
TXN009193,CUST1265,2025-12-21,Renewal,Enterprise,149
TXN009194,CUST1265,2026-01-21,Renewal,Enterprise,149
TXN009195,CUST1265,2026-02-21,Renewal,Enterprise,149
TXN009196,CUST1265,2026-03-21,Renewal,Enterprise,149
TXN009197,CUST1265,2026-04-21,Renewal,Enterprise,149
TXN009198,CUST1265,2026-05-21,Renewal,Enterprise,149
TXN009199,CUST1265,2026-06-21,Renewal,Enterprise,149
TXN009200,CUST1265,2026-07-21,Renewal,Enterprise,149
TXN009201,CUST1291,2024-11-21,New Subscription,Enterprise,149
TXN009202,CUST1291,2024-12-21,Renewal,Enterprise,149
TXN009203,CUST1291,2025-01-21,Renewal,Enterprise,149
TXN009204,CUST1291,2025-02-21,Renewal,Enterprise,149
TXN009205,CUST1291,2025-03-21,Renewal,Enterprise,149
TXN009206,CUST1291,2025-04-21,Renewal,Enterprise,149
TXN009207,CUST1291,2025-05-21,Renewal,Enterprise,149
TXN009208,CUST1291,2025-06-21,Renewal,Enterprise,149
TXN009209,CUST1291,2025-07-21,Renewal,Enterprise,149
TXN009210,CUST1291,2025-08-21,Renewal,Enterprise,149
TXN009211,CUST1291,2025-09-21,Renewal,Enterprise,149
TXN009212,CUST1291,2025-10-21,Renewal,Enterprise,149
TXN009213,CUST1291,2025-11-21,Renewal,Enterprise,149
TXN009214,CUST1291,2025-12-21,Renewal,Enterprise,149
TXN009215,CUST1291,2026-01-21,Renewal,Enterprise,149
TXN009216,CUST1291,2026-02-21,Renewal,Enterprise,149
TXN009217,CUST1291,2026-03-21,Renewal,Enterprise,149
TXN009218,CUST1291,2026-04-21,Renewal,Enterprise,149
TXN009219,CUST1291,2026-05-21,Renewal,Enterprise,149
TXN009220,CUST1291,2026-06-21,Renewal,Enterprise,149
TXN009221,CUST1291,2026-07-21,Downgrade,Pro,59
TXN009222,CUST1302,2024-11-21,New Subscription,Pro,59
TXN009223,CUST1302,2024-12-21,Renewal,Pro,59
TXN009224,CUST1302,2025-01-21,Renewal,Pro,59
TXN009225,CUST1302,2025-02-21,Renewal,Pro,59
TXN009226,CUST1302,2025-03-21,Renewal,Pro,59
TXN009227,CUST1302,2025-04-21,Renewal,Pro,59
TXN009228,CUST1302,2025-05-21,Renewal,Pro,59
TXN009229,CUST1302,2025-06-21,Renewal,Pro,59
TXN009230,CUST1302,2025-07-21,Renewal,Pro,59
TXN009231,CUST1302,2025-08-21,Renewal,Pro,59
TXN009232,CUST1302,2025-09-21,Renewal,Pro,59
TXN009233,CUST1302,2025-10-21,Renewal,Pro,59
TXN009234,CUST1302,2025-11-21,Renewal,Pro,59
TXN009235,CUST1302,2025-12-21,Renewal,Pro,59
TXN009236,CUST1302,2026-01-21,Renewal,Pro,59
TXN009237,CUST1302,2026-02-21,Renewal,Pro,59
TXN009238,CUST1302,2026-03-21,Renewal,Pro,59
TXN009239,CUST1302,2026-04-21,Renewal,Pro,59
TXN009240,CUST1302,2026-05-21,Renewal,Pro,59
TXN009241,CUST1302,2026-06-21,Renewal,Pro,59
TXN009242,CUST1302,2026-07-21,Upgrade,Enterprise,149
TXN009243,CUST1260,2024-11-25,New Subscription,Basic,29
TXN009244,CUST1260,2024-12-25,Renewal,Basic,29
TXN009245,CUST1260,2025-01-25,Renewal,Basic,29
TXN009246,CUST1260,2025-02-25,Renewal,Basic,29
TXN009247,CUST1260,2025-03-25,Renewal,Basic,29
TXN009248,CUST1260,2025-04-25,Renewal,Basic,29
TXN009249,CUST1260,2025-05-25,Renewal,Basic,29
TXN009250,CUST1260,2025-06-25,Renewal,Basic,29
TXN009251,CUST1260,2025-07-25,Renewal,Basic,29
TXN009252,CUST1260,2025-08-25,Renewal,Basic,29
TXN009253,CUST1260,2025-09-25,Renewal,Basic,29
TXN009254,CUST1260,2025-10-25,Renewal,Basic,29
TXN009255,CUST1260,2025-11-25,Renewal,Basic,29
TXN009256,CUST1260,2025-12-25,Renewal,Basic,29
TXN009257,CUST1260,2026-01-25,Renewal,Basic,29
TXN009258,CUST1260,2026-02-25,Renewal,Basic,29
TXN009259,CUST1260,2026-03-25,Renewal,Basic,29
TXN009260,CUST1260,2026-04-25,Renewal,Basic,29
TXN009261,CUST1260,2026-05-25,Renewal,Basic,29
TXN009262,CUST1260,2026-06-25,Renewal,Basic,29
TXN009263,CUST1260,2026-07-25,Renewal,Basic,29
TXN009264,CUST1279,2024-11-26,New Subscription,Pro,59
TXN009265,CUST1279,2024-12-26,Renewal,Pro,59
TXN009266,CUST1279,2025-01-26,Renewal,Pro,59
TXN009267,CUST1279,2025-02-26,Renewal,Pro,59
TXN009268,CUST1279,2025-03-26,Renewal,Pro,59
TXN009269,CUST1279,2025-04-26,Renewal,Pro,59
TXN009270,CUST1279,2025-05-26,Renewal,Pro,59
TXN009271,CUST1279,2025-06-26,Renewal,Pro,59
TXN009272,CUST1279,2025-07-26,Renewal,Pro,59
TXN009273,CUST1279,2025-08-26,Renewal,Pro,59
TXN009274,CUST1279,2025-09-26,Renewal,Pro,59
TXN009275,CUST1279,2025-10-26,Renewal,Pro,59
TXN009276,CUST1279,2025-11-26,Renewal,Pro,59
TXN009277,CUST1279,2025-12-26,Renewal,Pro,59
TXN009278,CUST1279,2026-01-26,Renewal,Pro,59
TXN009279,CUST1279,2026-02-26,Renewal,Pro,59
TXN009280,CUST1279,2026-03-26,Renewal,Pro,59
TXN009281,CUST1279,2026-04-26,Renewal,Pro,59
TXN009282,CUST1279,2026-05-26,Renewal,Pro,59
TXN009283,CUST1279,2026-06-26,Renewal,Pro,59
TXN009284,CUST1279,2026-07-26,Renewal,Pro,59
TXN009285,CUST1296,2024-12-02,New Subscription,Pro,59
TXN009286,CUST1296,2025-01-02,Renewal,Pro,59
TXN009287,CUST1296,2025-02-02,Renewal,Pro,59
TXN009288,CUST1296,2025-03-02,Renewal,Pro,59
TXN009289,CUST1296,2025-04-02,Renewal,Pro,59
TXN009290,CUST1296,2025-05-02,Renewal,Pro,59
TXN009291,CUST1296,2025-06-02,Renewal,Pro,59
TXN009292,CUST1296,2025-07-02,Renewal,Pro,59
TXN009293,CUST1296,2025-08-02,Renewal,Pro,59
TXN009294,CUST1296,2025-09-02,Renewal,Pro,59
TXN009295,CUST1296,2025-10-02,Renewal,Pro,59
TXN009296,CUST1296,2025-11-02,Renewal,Pro,59
TXN009297,CUST1296,2025-12-02,Renewal,Pro,59
TXN009298,CUST1296,2026-01-02,Renewal,Pro,59
TXN009299,CUST1296,2026-02-02,Renewal,Pro,59
TXN009300,CUST1296,2026-03-02,Renewal,Pro,59
TXN009301,CUST1296,2026-04-02,Renewal,Pro,59
TXN009302,CUST1296,2026-05-02,Renewal,Pro,59
TXN009303,CUST1296,2026-06-02,Renewal,Pro,59
TXN009304,CUST1296,2026-07-02,Upgrade,Enterprise,149
TXN009305,CUST1296,2026-08-02,Renewal,Enterprise,149
TXN009306,CUST1253,2024-12-04,New Subscription,Pro,59
TXN009307,CUST1253,2025-01-04,Renewal,Pro,59
TXN009308,CUST1253,2025-02-04,Renewal,Pro,59
TXN009309,CUST1253,2025-03-04,Renewal,Pro,59
TXN009310,CUST1253,2025-04-04,Renewal,Pro,59
TXN009311,CUST1253,2025-05-04,Renewal,Pro,59
TXN009312,CUST1253,2025-06-04,Renewal,Pro,59
TXN009313,CUST1253,2025-07-04,Renewal,Pro,59
TXN009314,CUST1253,2025-08-04,Renewal,Pro,59
TXN009315,CUST1253,2025-09-04,Renewal,Pro,59
TXN009316,CUST1253,2025-10-04,Renewal,Pro,59
TXN009317,CUST1253,2025-11-04,Cancellation,Pro,0
TXN009318,CUST1266,2024-12-09,New Subscription,Pro,59
TXN009319,CUST1266,2025-01-09,Renewal,Pro,59
TXN009320,CUST1266,2025-02-09,Renewal,Pro,59
TXN009321,CUST1266,2025-03-09,Renewal,Pro,59
TXN009322,CUST1266,2025-04-09,Renewal,Pro,59
TXN009323,CUST1266,2025-05-09,Renewal,Pro,59
TXN009324,CUST1266,2025-06-09,Renewal,Pro,59
TXN009325,CUST1266,2025-07-09,Renewal,Pro,59
TXN009326,CUST1266,2025-08-09,Renewal,Pro,59
TXN009327,CUST1266,2025-09-09,Upgrade,Enterprise,149
TXN009328,CUST1266,2025-10-09,Renewal,Enterprise,149
TXN009329,CUST1266,2025-11-09,Renewal,Enterprise,149
TXN009330,CUST1266,2025-12-09,Renewal,Enterprise,149
TXN009331,CUST1266,2026-01-09,Renewal,Enterprise,149
TXN009332,CUST1266,2026-02-09,Renewal,Enterprise,149
TXN009333,CUST1266,2026-03-09,Renewal,Enterprise,149
TXN009334,CUST1266,2026-04-09,Renewal,Enterprise,149
TXN009335,CUST1266,2026-05-09,Renewal,Enterprise,149
TXN009336,CUST1266,2026-06-09,Renewal,Enterprise,149
TXN009337,CUST1266,2026-07-09,Renewal,Enterprise,149
TXN009338,CUST1266,2026-08-09,Renewal,Enterprise,149
TXN009339,CUST1212,2024-12-10,New Subscription,Basic,29
TXN009340,CUST1212,2025-01-10,Renewal,Basic,29
TXN009341,CUST1212,2025-02-10,Renewal,Basic,29
TXN009342,CUST1212,2025-03-10,Renewal,Basic,29
TXN009343,CUST1212,2025-04-10,Renewal,Basic,29
TXN009344,CUST1212,2025-05-10,Renewal,Basic,29
TXN009345,CUST1212,2025-06-10,Renewal,Basic,29
TXN009346,CUST1212,2025-07-10,Upgrade,Pro,59
TXN009347,CUST1212,2025-08-10,Renewal,Pro,59
TXN009348,CUST1212,2025-09-10,Renewal,Pro,59
TXN009349,CUST1212,2025-10-10,Renewal,Pro,59
TXN009350,CUST1212,2025-11-10,Renewal,Pro,59
TXN009351,CUST1212,2025-12-10,Renewal,Pro,59
TXN009352,CUST1212,2026-01-10,Renewal,Pro,59
TXN009353,CUST1212,2026-02-10,Renewal,Pro,59
TXN009354,CUST1212,2026-03-10,Renewal,Pro,59
TXN009355,CUST1212,2026-04-10,Renewal,Pro,59
TXN009356,CUST1212,2026-05-10,Renewal,Pro,59
TXN009357,CUST1212,2026-06-10,Renewal,Pro,59
TXN009358,CUST1212,2026-07-10,Renewal,Pro,59
TXN009359,CUST1212,2026-08-10,Renewal,Pro,59
TXN009360,CUST1229,2024-12-10,New Subscription,Basic,29
TXN009361,CUST1229,2025-01-10,Renewal,Basic,29
TXN009362,CUST1229,2025-02-10,Renewal,Basic,29
TXN009363,CUST1229,2025-03-10,Renewal,Basic,29
TXN009364,CUST1229,2025-04-10,Renewal,Basic,29
TXN009365,CUST1229,2025-05-10,Renewal,Basic,29
TXN009366,CUST1229,2025-06-10,Renewal,Basic,29
TXN009367,CUST1229,2025-07-10,Renewal,Basic,29
TXN009368,CUST1229,2025-08-10,Renewal,Basic,29
TXN009369,CUST1229,2025-09-10,Renewal,Basic,29
TXN009370,CUST1229,2025-10-10,Renewal,Basic,29
TXN009371,CUST1229,2025-11-10,Renewal,Basic,29
TXN009372,CUST1229,2025-12-10,Renewal,Basic,29
TXN009373,CUST1229,2026-01-10,Renewal,Basic,29
TXN009374,CUST1229,2026-02-10,Renewal,Basic,29
TXN009375,CUST1229,2026-03-10,Renewal,Basic,29
TXN009376,CUST1229,2026-04-10,Renewal,Basic,29
TXN009377,CUST1229,2026-05-10,Renewal,Basic,29
TXN009378,CUST1229,2026-06-10,Renewal,Basic,29
TXN009379,CUST1229,2026-07-10,Renewal,Basic,29
TXN009380,CUST1229,2026-08-10,Renewal,Basic,29
TXN009381,CUST1269,2024-12-17,New Subscription,Basic,29
TXN009382,CUST1269,2025-01-17,Renewal,Basic,29
TXN009383,CUST1269,2025-02-17,Renewal,Basic,29
TXN009384,CUST1269,2025-03-17,Renewal,Basic,29
TXN009385,CUST1269,2025-04-17,Renewal,Basic,29
TXN009386,CUST1269,2025-05-17,Renewal,Basic,29
TXN009387,CUST1269,2025-06-17,Renewal,Basic,29
TXN009388,CUST1269,2025-07-17,Renewal,Basic,29
TXN009389,CUST1269,2025-08-17,Cancellation,Basic,0
TXN009390,CUST1232,2024-12-18,New Subscription,Basic,29
TXN009391,CUST1232,2025-01-18,Renewal,Basic,29
TXN009392,CUST1232,2025-02-18,Renewal,Basic,29
TXN009393,CUST1232,2025-03-18,Renewal,Basic,29
TXN009394,CUST1232,2025-04-18,Renewal,Basic,29
TXN009395,CUST1232,2025-05-18,Renewal,Basic,29
TXN009396,CUST1232,2025-06-18,Renewal,Basic,29
TXN009397,CUST1232,2025-07-18,Renewal,Basic,29
TXN009398,CUST1232,2025-08-18,Renewal,Basic,29
TXN009399,CUST1232,2025-09-18,Renewal,Basic,29
TXN009400,CUST1232,2025-10-18,Renewal,Basic,29
TXN009401,CUST1232,2025-11-18,Renewal,Basic,29
TXN009402,CUST1232,2025-12-18,Renewal,Basic,29
TXN009403,CUST1232,2026-01-18,Renewal,Basic,29
TXN009404,CUST1232,2026-02-18,Renewal,Basic,29
TXN009405,CUST1232,2026-03-18,Renewal,Basic,29
TXN009406,CUST1232,2026-04-18,Renewal,Basic,29
TXN009407,CUST1232,2026-05-18,Renewal,Basic,29
TXN009408,CUST1232,2026-06-18,Renewal,Basic,29
TXN009409,CUST1232,2026-07-18,Renewal,Basic,29
TXN009410,CUST1258,2024-12-24,New Subscription,Basic,29
TXN009411,CUST1258,2025-01-24,Renewal,Basic,29
TXN009412,CUST1258,2025-02-24,Renewal,Basic,29
TXN009413,CUST1258,2025-03-24,Renewal,Basic,29
TXN009414,CUST1258,2025-04-24,Renewal,Basic,29
TXN009415,CUST1258,2025-05-24,Renewal,Basic,29
TXN009416,CUST1258,2025-06-24,Renewal,Basic,29
TXN009417,CUST1258,2025-07-24,Renewal,Basic,29
TXN009418,CUST1258,2025-08-24,Renewal,Basic,29
TXN009419,CUST1258,2025-09-24,Renewal,Basic,29
TXN009420,CUST1258,2025-10-24,Renewal,Basic,29
TXN009421,CUST1258,2025-11-24,Renewal,Basic,29
TXN009422,CUST1258,2025-12-24,Upgrade,Pro,59
TXN009423,CUST1258,2026-01-24,Renewal,Pro,59
TXN009424,CUST1258,2026-02-24,Renewal,Pro,59
TXN009425,CUST1258,2026-03-24,Renewal,Pro,59
TXN009426,CUST1258,2026-04-24,Renewal,Pro,59
TXN009427,CUST1258,2026-05-24,Renewal,Pro,59
TXN009428,CUST1258,2026-06-24,Renewal,Pro,59
TXN009429,CUST1258,2026-07-24,Renewal,Pro,59
TXN009430,CUST1247,2024-12-26,New Subscription,Basic,29
TXN009431,CUST1247,2025-01-26,Renewal,Basic,29
TXN009432,CUST1247,2025-02-26,Renewal,Basic,29
TXN009433,CUST1247,2025-03-26,Upgrade,Pro,59
TXN009434,CUST1247,2025-04-26,Renewal,Pro,59
TXN009435,CUST1247,2025-05-26,Renewal,Pro,59
TXN009436,CUST1247,2025-06-26,Renewal,Pro,59
TXN009437,CUST1247,2025-07-26,Upgrade,Enterprise,149
TXN009438,CUST1247,2025-08-26,Renewal,Enterprise,149
TXN009439,CUST1247,2025-09-26,Renewal,Enterprise,149
TXN009440,CUST1247,2025-10-26,Renewal,Enterprise,149
TXN009441,CUST1247,2025-11-26,Renewal,Enterprise,149
TXN009442,CUST1247,2025-12-26,Renewal,Enterprise,149
TXN009443,CUST1247,2026-01-26,Renewal,Enterprise,149
TXN009444,CUST1247,2026-02-26,Renewal,Enterprise,149
TXN009445,CUST1247,2026-03-26,Renewal,Enterprise,149
TXN009446,CUST1247,2026-04-26,Renewal,Enterprise,149
TXN009447,CUST1247,2026-05-26,Renewal,Enterprise,149
TXN009448,CUST1247,2026-06-26,Renewal,Enterprise,149
TXN009449,CUST1247,2026-07-26,Renewal,Enterprise,149
TXN009450,CUST1254,2024-12-28,New Subscription,Basic,29
TXN009451,CUST1254,2025-01-28,Renewal,Basic,29
TXN009452,CUST1254,2025-02-28,Renewal,Basic,29
TXN009453,CUST1254,2025-03-28,Renewal,Basic,29
TXN009454,CUST1254,2025-04-28,Renewal,Basic,29
TXN009455,CUST1254,2025-05-28,Renewal,Basic,29
TXN009456,CUST1254,2025-06-28,Renewal,Basic,29
TXN009457,CUST1254,2025-07-28,Renewal,Basic,29
TXN009458,CUST1254,2025-08-28,Renewal,Basic,29
TXN009459,CUST1254,2025-09-28,Renewal,Basic,29
TXN009460,CUST1254,2025-10-28,Renewal,Basic,29
TXN009461,CUST1254,2025-11-28,Renewal,Basic,29
TXN009462,CUST1254,2025-12-28,Renewal,Basic,29
TXN009463,CUST1254,2026-01-28,Renewal,Basic,29
TXN009464,CUST1254,2026-02-28,Renewal,Basic,29
TXN009465,CUST1254,2026-03-28,Renewal,Basic,29
TXN009466,CUST1254,2026-04-28,Renewal,Basic,29
TXN009467,CUST1254,2026-05-28,Renewal,Basic,29
TXN009468,CUST1254,2026-06-28,Upgrade,Pro,59
TXN009469,CUST1254,2026-07-28,Renewal,Pro,59
TXN009470,CUST1353,2025-01-03,New Subscription,Pro,59
TXN009471,CUST1353,2025-02-03,Renewal,Pro,59
TXN009472,CUST1353,2025-03-03,Renewal,Pro,59
TXN009473,CUST1353,2025-04-03,Renewal,Pro,59
TXN009474,CUST1353,2025-05-03,Renewal,Pro,59
TXN009475,CUST1353,2025-06-03,Renewal,Pro,59
TXN009476,CUST1353,2025-07-03,Renewal,Pro,59
TXN009477,CUST1353,2025-08-03,Renewal,Pro,59
TXN009478,CUST1353,2025-09-03,Renewal,Pro,59
TXN009479,CUST1353,2025-10-03,Renewal,Pro,59
TXN009480,CUST1353,2025-11-03,Renewal,Pro,59
TXN009481,CUST1353,2025-12-03,Renewal,Pro,59
TXN009482,CUST1353,2026-01-03,Renewal,Pro,59
TXN009483,CUST1353,2026-02-03,Renewal,Pro,59
TXN009484,CUST1353,2026-03-03,Renewal,Pro,59
TXN009485,CUST1353,2026-04-03,Renewal,Pro,59
TXN009486,CUST1353,2026-05-03,Renewal,Pro,59
TXN009487,CUST1353,2026-06-03,Renewal,Pro,59
TXN009488,CUST1353,2026-07-03,Renewal,Pro,59
TXN009489,CUST1353,2026-08-03,Renewal,Pro,59
TXN009490,CUST1343,2025-01-11,New Subscription,Enterprise,149
TXN009491,CUST1343,2025-02-11,Renewal,Enterprise,149
TXN009492,CUST1343,2025-03-11,Renewal,Enterprise,149
TXN009493,CUST1343,2025-04-11,Downgrade,Pro,59
TXN009494,CUST1343,2025-05-11,Renewal,Pro,59
TXN009495,CUST1343,2025-06-11,Renewal,Pro,59
TXN009496,CUST1343,2025-07-11,Renewal,Pro,59
TXN009497,CUST1343,2025-08-11,Renewal,Pro,59
TXN009498,CUST1343,2025-09-11,Renewal,Pro,59
TXN009499,CUST1343,2025-10-11,Renewal,Pro,59
TXN009500,CUST1343,2025-11-11,Renewal,Pro,59
TXN009501,CUST1343,2025-12-11,Renewal,Pro,59
TXN009502,CUST1343,2026-01-11,Renewal,Pro,59
TXN009503,CUST1343,2026-02-11,Renewal,Pro,59
TXN009504,CUST1343,2026-03-11,Renewal,Pro,59
TXN009505,CUST1343,2026-04-11,Renewal,Pro,59
TXN009506,CUST1343,2026-05-11,Renewal,Pro,59
TXN009507,CUST1343,2026-06-11,Renewal,Pro,59
TXN009508,CUST1343,2026-07-11,Renewal,Pro,59
TXN009509,CUST1343,2026-08-11,Renewal,Pro,59
TXN009510,CUST1309,2025-01-12,New Subscription,Basic,29
TXN009511,CUST1309,2025-02-12,Renewal,Basic,29
TXN009512,CUST1309,2025-03-12,Renewal,Basic,29
TXN009513,CUST1309,2025-04-12,Renewal,Basic,29
TXN009514,CUST1309,2025-05-12,Renewal,Basic,29
TXN009515,CUST1309,2025-06-12,Renewal,Basic,29
TXN009516,CUST1309,2025-07-12,Cancellation,Basic,0
TXN009517,CUST1324,2025-01-13,New Subscription,Enterprise,149
TXN009518,CUST1324,2025-02-13,Renewal,Enterprise,149
TXN009519,CUST1324,2025-03-13,Renewal,Enterprise,149
TXN009520,CUST1324,2025-04-13,Renewal,Enterprise,149
TXN009521,CUST1324,2025-05-13,Renewal,Enterprise,149
TXN009522,CUST1324,2025-06-13,Renewal,Enterprise,149
TXN009523,CUST1324,2025-07-13,Renewal,Enterprise,149
TXN009524,CUST1324,2025-08-13,Renewal,Enterprise,149
TXN009525,CUST1324,2025-09-13,Renewal,Enterprise,149
TXN009526,CUST1324,2025-10-13,Renewal,Enterprise,149
TXN009527,CUST1324,2025-11-13,Renewal,Enterprise,149
TXN009528,CUST1324,2025-12-13,Renewal,Enterprise,149
TXN009529,CUST1324,2026-01-13,Renewal,Enterprise,149
TXN009530,CUST1324,2026-02-13,Downgrade,Pro,59
TXN009531,CUST1324,2026-03-13,Renewal,Pro,59
TXN009532,CUST1324,2026-04-13,Renewal,Pro,59
TXN009533,CUST1324,2026-05-13,Cancellation,Pro,0
TXN009534,CUST1312,2025-01-22,New Subscription,Basic,29
TXN009535,CUST1312,2025-02-22,Renewal,Basic,29
TXN009536,CUST1312,2025-03-22,Renewal,Basic,29
TXN009537,CUST1312,2025-04-22,Renewal,Basic,29
TXN009538,CUST1312,2025-05-22,Renewal,Basic,29
TXN009539,CUST1312,2025-06-22,Renewal,Basic,29
TXN009540,CUST1312,2025-07-22,Upgrade,Pro,59
TXN009541,CUST1312,2025-08-22,Renewal,Pro,59
TXN009542,CUST1312,2025-09-22,Renewal,Pro,59
TXN009543,CUST1312,2025-10-22,Renewal,Pro,59
TXN009544,CUST1312,2025-11-22,Renewal,Pro,59
TXN009545,CUST1312,2025-12-22,Renewal,Pro,59
TXN009546,CUST1312,2026-01-22,Renewal,Pro,59
TXN009547,CUST1312,2026-02-22,Renewal,Pro,59
TXN009548,CUST1312,2026-03-22,Renewal,Pro,59
TXN009549,CUST1312,2026-04-22,Renewal,Pro,59
TXN009550,CUST1312,2026-05-22,Renewal,Pro,59
TXN009551,CUST1312,2026-06-22,Renewal,Pro,59
TXN009552,CUST1312,2026-07-22,Renewal,Pro,59
TXN009553,CUST1369,2025-02-03,New Subscription,Pro,59
TXN009554,CUST1369,2025-03-03,Renewal,Pro,59
TXN009555,CUST1369,2025-04-03,Renewal,Pro,59
TXN009556,CUST1369,2025-05-03,Cancellation,Pro,0
TXN009557,CUST1311,2025-02-17,New Subscription,Enterprise,149
TXN009558,CUST1311,2025-03-17,Renewal,Enterprise,149
TXN009559,CUST1311,2025-04-17,Renewal,Enterprise,149
TXN009560,CUST1311,2025-05-17,Renewal,Enterprise,149
TXN009561,CUST1311,2025-06-17,Renewal,Enterprise,149
TXN009562,CUST1311,2025-07-17,Renewal,Enterprise,149
TXN009563,CUST1311,2025-08-17,Renewal,Enterprise,149
TXN009564,CUST1311,2025-09-17,Renewal,Enterprise,149
TXN009565,CUST1311,2025-10-17,Renewal,Enterprise,149
TXN009566,CUST1311,2025-11-17,Renewal,Enterprise,149
TXN009567,CUST1311,2025-12-17,Renewal,Enterprise,149
TXN009568,CUST1311,2026-01-17,Renewal,Enterprise,149
TXN009569,CUST1311,2026-02-17,Renewal,Enterprise,149
TXN009570,CUST1311,2026-03-17,Renewal,Enterprise,149
TXN009571,CUST1311,2026-04-17,Renewal,Enterprise,149
TXN009572,CUST1311,2026-05-17,Renewal,Enterprise,149
TXN009573,CUST1311,2026-06-17,Renewal,Enterprise,149
TXN009574,CUST1311,2026-07-17,Renewal,Enterprise,149
TXN009575,CUST1311,2026-08-17,Renewal,Enterprise,149
TXN009576,CUST1358,2025-02-19,New Subscription,Basic,29
TXN009577,CUST1358,2025-03-19,Renewal,Basic,29
TXN009578,CUST1358,2025-04-19,Renewal,Basic,29
TXN009579,CUST1358,2025-05-19,Renewal,Basic,29
TXN009580,CUST1358,2025-06-19,Renewal,Basic,29
TXN009581,CUST1358,2025-07-19,Renewal,Basic,29
TXN009582,CUST1358,2025-08-19,Renewal,Basic,29
TXN009583,CUST1358,2025-09-19,Upgrade,Pro,59
TXN009584,CUST1358,2025-10-19,Renewal,Pro,59
TXN009585,CUST1358,2025-11-19,Renewal,Pro,59
TXN009586,CUST1358,2025-12-19,Renewal,Pro,59
TXN009587,CUST1358,2026-01-19,Renewal,Pro,59
TXN009588,CUST1358,2026-02-19,Renewal,Pro,59
TXN009589,CUST1358,2026-03-19,Renewal,Pro,59
TXN009590,CUST1358,2026-04-19,Upgrade,Enterprise,149
TXN009591,CUST1358,2026-05-19,Renewal,Enterprise,149
TXN009592,CUST1358,2026-06-19,Renewal,Enterprise,149
TXN009593,CUST1358,2026-07-19,Renewal,Enterprise,149
TXN009594,CUST1346,2025-02-26,New Subscription,Pro,59
TXN009595,CUST1346,2025-03-26,Cancellation,Pro,0
TXN009596,CUST1346,2025-10-26,Reactivation,Pro,59
TXN009597,CUST1346,2025-11-26,Renewal,Pro,59
TXN009598,CUST1346,2025-12-26,Renewal,Pro,59
TXN009599,CUST1346,2026-01-26,Renewal,Pro,59
TXN009600,CUST1346,2026-02-26,Renewal,Pro,59
TXN009601,CUST1346,2026-03-26,Renewal,Pro,59
TXN009602,CUST1346,2026-04-26,Renewal,Pro,59
TXN009603,CUST1346,2026-05-26,Renewal,Pro,59
TXN009604,CUST1346,2026-06-26,Renewal,Pro,59
TXN009605,CUST1346,2026-07-26,Cancellation,Pro,0
TXN009606,CUST1367,2025-03-08,New Subscription,Pro,59
TXN009607,CUST1367,2025-04-08,Renewal,Pro,59
TXN009608,CUST1367,2025-05-08,Renewal,Pro,59
TXN009609,CUST1367,2025-06-08,Renewal,Pro,59
TXN009610,CUST1367,2025-07-08,Renewal,Pro,59
TXN009611,CUST1367,2025-08-08,Renewal,Pro,59
TXN009612,CUST1367,2025-09-08,Renewal,Pro,59
TXN009613,CUST1367,2025-10-08,Renewal,Pro,59
TXN009614,CUST1367,2025-11-08,Cancellation,Pro,0
TXN009615,CUST1367,2026-01-08,Reactivation,Pro,59
TXN009616,CUST1367,2026-02-08,Renewal,Pro,59
TXN009617,CUST1367,2026-03-08,Renewal,Pro,59
TXN009618,CUST1367,2026-04-08,Renewal,Pro,59
TXN009619,CUST1367,2026-05-08,Renewal,Pro,59
TXN009620,CUST1367,2026-06-08,Renewal,Pro,59
TXN009621,CUST1367,2026-07-08,Renewal,Pro,59
TXN009622,CUST1367,2026-08-08,Renewal,Pro,59
TXN009623,CUST1329,2025-03-18,New Subscription,Basic,29
TXN009624,CUST1329,2025-04-18,Upgrade,Pro,59
TXN009625,CUST1329,2025-05-18,Renewal,Pro,59
TXN009626,CUST1329,2025-06-18,Renewal,Pro,59
TXN009627,CUST1329,2025-07-18,Renewal,Pro,59
TXN009628,CUST1329,2025-08-18,Renewal,Pro,59
TXN009629,CUST1329,2025-09-18,Renewal,Pro,59
TXN009630,CUST1329,2025-10-18,Renewal,Pro,59
TXN009631,CUST1329,2025-11-18,Upgrade,Enterprise,149
TXN009632,CUST1329,2025-12-18,Renewal,Enterprise,149
TXN009633,CUST1329,2026-01-18,Renewal,Enterprise,149
TXN009634,CUST1329,2026-02-18,Renewal,Enterprise,149
TXN009635,CUST1329,2026-03-18,Renewal,Enterprise,149
TXN009636,CUST1329,2026-04-18,Renewal,Enterprise,149
TXN009637,CUST1329,2026-05-18,Renewal,Enterprise,149
TXN009638,CUST1329,2026-06-18,Renewal,Enterprise,149
TXN009639,CUST1329,2026-07-18,Renewal,Enterprise,149
TXN009640,CUST1334,2025-03-22,New Subscription,Basic,29
TXN009641,CUST1334,2025-04-22,Renewal,Basic,29
TXN009642,CUST1334,2025-05-22,Renewal,Basic,29
TXN009643,CUST1334,2025-06-22,Renewal,Basic,29
TXN009644,CUST1334,2025-07-22,Renewal,Basic,29
TXN009645,CUST1334,2025-08-22,Renewal,Basic,29
TXN009646,CUST1334,2025-09-22,Renewal,Basic,29
TXN009647,CUST1334,2025-10-22,Renewal,Basic,29
TXN009648,CUST1334,2025-11-22,Renewal,Basic,29
TXN009649,CUST1334,2025-12-22,Renewal,Basic,29
TXN009650,CUST1334,2026-01-22,Renewal,Basic,29
TXN009651,CUST1334,2026-02-22,Renewal,Basic,29
TXN009652,CUST1334,2026-03-22,Renewal,Basic,29
TXN009653,CUST1334,2026-04-22,Renewal,Basic,29
TXN009654,CUST1334,2026-05-22,Renewal,Basic,29
TXN009655,CUST1334,2026-06-22,Renewal,Basic,29
TXN009656,CUST1334,2026-07-22,Renewal,Basic,29
TXN009657,CUST1357,2025-03-22,New Subscription,Basic,29
TXN009658,CUST1357,2025-04-22,Renewal,Basic,29
TXN009659,CUST1357,2025-05-22,Renewal,Basic,29
TXN009660,CUST1357,2025-06-22,Renewal,Basic,29
TXN009661,CUST1357,2025-07-22,Renewal,Basic,29
TXN009662,CUST1357,2025-08-22,Renewal,Basic,29
TXN009663,CUST1357,2025-09-22,Renewal,Basic,29
TXN009664,CUST1357,2025-10-22,Renewal,Basic,29
TXN009665,CUST1357,2025-11-22,Renewal,Basic,29
TXN009666,CUST1357,2025-12-22,Renewal,Basic,29
TXN009667,CUST1357,2026-01-22,Renewal,Basic,29
TXN009668,CUST1357,2026-02-22,Renewal,Basic,29
TXN009669,CUST1357,2026-03-22,Upgrade,Pro,59
TXN009670,CUST1357,2026-04-22,Renewal,Pro,59
TXN009671,CUST1357,2026-05-22,Renewal,Pro,59
TXN009672,CUST1357,2026-06-22,Renewal,Pro,59
TXN009673,CUST1357,2026-07-22,Renewal,Pro,59
TXN009674,CUST1351,2025-03-23,New Subscription,Pro,59
TXN009675,CUST1351,2025-04-23,Renewal,Pro,59
TXN009676,CUST1351,2025-05-23,Cancellation,Pro,0
TXN009677,CUST1314,2025-03-24,New Subscription,Pro,59
TXN009678,CUST1314,2025-04-24,Renewal,Pro,59
TXN009679,CUST1314,2025-05-24,Renewal,Pro,59
TXN009680,CUST1314,2025-06-24,Renewal,Pro,59
TXN009681,CUST1314,2025-07-24,Renewal,Pro,59
TXN009682,CUST1314,2025-08-24,Renewal,Pro,59
TXN009683,CUST1314,2025-09-24,Renewal,Pro,59
TXN009684,CUST1314,2025-10-24,Renewal,Pro,59
TXN009685,CUST1314,2025-11-24,Renewal,Pro,59
TXN009686,CUST1314,2025-12-24,Renewal,Pro,59
TXN009687,CUST1314,2026-01-24,Renewal,Pro,59
TXN009688,CUST1314,2026-02-24,Renewal,Pro,59
TXN009689,CUST1314,2026-03-24,Renewal,Pro,59
TXN009690,CUST1314,2026-04-24,Renewal,Pro,59
TXN009691,CUST1314,2026-05-24,Renewal,Pro,59
TXN009692,CUST1314,2026-06-24,Renewal,Pro,59
TXN009693,CUST1314,2026-07-24,Renewal,Pro,59
TXN009694,CUST1366,2025-03-26,New Subscription,Enterprise,149
TXN009695,CUST1366,2025-04-26,Renewal,Enterprise,149
TXN009696,CUST1366,2025-05-26,Renewal,Enterprise,149
TXN009697,CUST1366,2025-06-26,Downgrade,Pro,59
TXN009698,CUST1366,2025-07-26,Renewal,Pro,59
TXN009699,CUST1366,2025-08-26,Renewal,Pro,59
TXN009700,CUST1366,2025-09-26,Upgrade,Enterprise,149
TXN009701,CUST1366,2025-10-26,Renewal,Enterprise,149
TXN009702,CUST1366,2025-11-26,Renewal,Enterprise,149
TXN009703,CUST1366,2025-12-26,Renewal,Enterprise,149
TXN009704,CUST1366,2026-01-26,Renewal,Enterprise,149
TXN009705,CUST1366,2026-02-26,Renewal,Enterprise,149
TXN009706,CUST1366,2026-03-26,Renewal,Enterprise,149
TXN009707,CUST1366,2026-04-26,Renewal,Enterprise,149
TXN009708,CUST1366,2026-05-26,Renewal,Enterprise,149
TXN009709,CUST1366,2026-06-26,Renewal,Enterprise,149
TXN009710,CUST1366,2026-07-26,Renewal,Enterprise,149
TXN009711,CUST1340,2025-03-27,New Subscription,Pro,59
TXN009712,CUST1340,2025-04-27,Cancellation,Pro,0
TXN009713,CUST1317,2025-04-12,New Subscription,Basic,29
TXN009714,CUST1317,2025-05-12,Renewal,Basic,29
TXN009715,CUST1317,2025-06-12,Renewal,Basic,29
TXN009716,CUST1317,2025-07-12,Renewal,Basic,29
TXN009717,CUST1317,2025-08-12,Renewal,Basic,29
TXN009718,CUST1317,2025-09-12,Renewal,Basic,29
TXN009719,CUST1317,2025-10-12,Renewal,Basic,29
TXN009720,CUST1317,2025-11-12,Renewal,Basic,29
TXN009721,CUST1317,2025-12-12,Renewal,Basic,29
TXN009722,CUST1317,2026-01-12,Renewal,Basic,29
TXN009723,CUST1317,2026-02-12,Renewal,Basic,29
TXN009724,CUST1317,2026-03-12,Renewal,Basic,29
TXN009725,CUST1317,2026-04-12,Renewal,Basic,29
TXN009726,CUST1317,2026-05-12,Renewal,Basic,29
TXN009727,CUST1317,2026-06-12,Renewal,Basic,29
TXN009728,CUST1317,2026-07-12,Renewal,Basic,29
TXN009729,CUST1317,2026-08-12,Renewal,Basic,29
TXN009730,CUST1315,2025-04-15,New Subscription,Pro,59
TXN009731,CUST1315,2025-05-15,Renewal,Pro,59
TXN009732,CUST1315,2025-06-15,Upgrade,Enterprise,149
TXN009733,CUST1315,2025-07-15,Renewal,Enterprise,149
TXN009734,CUST1315,2025-08-15,Renewal,Enterprise,149
TXN009735,CUST1315,2025-09-15,Renewal,Enterprise,149
TXN009736,CUST1315,2025-10-15,Renewal,Enterprise,149
TXN009737,CUST1315,2025-11-15,Renewal,Enterprise,149
TXN009738,CUST1315,2025-12-15,Renewal,Enterprise,149
TXN009739,CUST1315,2026-01-15,Downgrade,Pro,59
TXN009740,CUST1315,2026-02-15,Renewal,Pro,59
TXN009741,CUST1315,2026-03-15,Renewal,Pro,59
TXN009742,CUST1315,2026-04-15,Renewal,Pro,59
TXN009743,CUST1315,2026-05-15,Renewal,Pro,59
TXN009744,CUST1315,2026-06-15,Renewal,Pro,59
TXN009745,CUST1315,2026-07-15,Renewal,Pro,59
TXN009746,CUST1315,2026-08-15,Renewal,Pro,59
TXN009747,CUST1316,2025-04-18,New Subscription,Pro,59
TXN009748,CUST1316,2025-05-18,Renewal,Pro,59
TXN009749,CUST1316,2025-06-18,Renewal,Pro,59
TXN009750,CUST1316,2025-07-18,Renewal,Pro,59
TXN009751,CUST1316,2025-08-18,Renewal,Pro,59
TXN009752,CUST1316,2025-09-18,Renewal,Pro,59
TXN009753,CUST1316,2025-10-18,Renewal,Pro,59
TXN009754,CUST1316,2025-11-18,Renewal,Pro,59
TXN009755,CUST1316,2025-12-18,Renewal,Pro,59
TXN009756,CUST1316,2026-01-18,Renewal,Pro,59
TXN009757,CUST1316,2026-02-18,Renewal,Pro,59
TXN009758,CUST1316,2026-03-18,Renewal,Pro,59
TXN009759,CUST1316,2026-04-18,Renewal,Pro,59
TXN009760,CUST1316,2026-05-18,Renewal,Pro,59
TXN009761,CUST1316,2026-06-18,Renewal,Pro,59
TXN009762,CUST1316,2026-07-18,Renewal,Pro,59
TXN009763,CUST1319,2025-04-26,New Subscription,Basic,29
TXN009764,CUST1319,2025-05-26,Upgrade,Pro,59
TXN009765,CUST1319,2025-06-26,Renewal,Pro,59
TXN009766,CUST1319,2025-07-26,Renewal,Pro,59
TXN009767,CUST1319,2025-08-26,Renewal,Pro,59
TXN009768,CUST1319,2025-09-26,Renewal,Pro,59
TXN009769,CUST1319,2025-10-26,Renewal,Pro,59
TXN009770,CUST1319,2025-11-26,Cancellation,Pro,0
TXN009771,CUST1323,2025-04-27,New Subscription,Basic,29
TXN009772,CUST1323,2025-05-27,Renewal,Basic,29
TXN009773,CUST1323,2025-06-27,Renewal,Basic,29
TXN009774,CUST1323,2025-07-27,Renewal,Basic,29
TXN009775,CUST1323,2025-08-27,Renewal,Basic,29
TXN009776,CUST1323,2025-09-27,Renewal,Basic,29
TXN009777,CUST1323,2025-10-27,Renewal,Basic,29
TXN009778,CUST1323,2025-11-27,Renewal,Basic,29
TXN009779,CUST1323,2025-12-27,Renewal,Basic,29
TXN009780,CUST1323,2026-01-27,Renewal,Basic,29
TXN009781,CUST1323,2026-02-27,Cancellation,Basic,0
TXN009782,CUST1330,2025-05-08,New Subscription,Basic,29
TXN009783,CUST1330,2025-06-08,Renewal,Basic,29
TXN009784,CUST1330,2025-07-08,Renewal,Basic,29
TXN009785,CUST1330,2025-08-08,Renewal,Basic,29
TXN009786,CUST1330,2025-09-08,Renewal,Basic,29
TXN009787,CUST1330,2025-10-08,Renewal,Basic,29
TXN009788,CUST1330,2025-11-08,Renewal,Basic,29
TXN009789,CUST1330,2025-12-08,Renewal,Basic,29
TXN009790,CUST1330,2026-01-08,Renewal,Basic,29
TXN009791,CUST1330,2026-02-08,Renewal,Basic,29
TXN009792,CUST1330,2026-03-08,Cancellation,Basic,0
TXN009793,CUST1359,2025-05-08,New Subscription,Basic,29
TXN009794,CUST1359,2025-06-08,Renewal,Basic,29
TXN009795,CUST1359,2025-07-08,Renewal,Basic,29
TXN009796,CUST1359,2025-08-08,Renewal,Basic,29
TXN009797,CUST1359,2025-09-08,Renewal,Basic,29
TXN009798,CUST1359,2025-10-08,Renewal,Basic,29
TXN009799,CUST1359,2025-11-08,Renewal,Basic,29
TXN009800,CUST1359,2025-12-08,Renewal,Basic,29
TXN009801,CUST1359,2026-01-08,Renewal,Basic,29
TXN009802,CUST1359,2026-02-08,Renewal,Basic,29
TXN009803,CUST1359,2026-03-08,Renewal,Basic,29
TXN009804,CUST1359,2026-04-08,Renewal,Basic,29
TXN009805,CUST1359,2026-05-08,Renewal,Basic,29
TXN009806,CUST1359,2026-06-08,Renewal,Basic,29
TXN009807,CUST1359,2026-07-08,Upgrade,Pro,59
TXN009808,CUST1359,2026-08-08,Renewal,Pro,59
TXN009809,CUST1333,2025-05-14,New Subscription,Pro,59
TXN009810,CUST1333,2025-06-14,Renewal,Pro,59
TXN009811,CUST1333,2025-07-14,Renewal,Pro,59
TXN009812,CUST1333,2025-08-14,Renewal,Pro,59
TXN009813,CUST1333,2025-09-14,Renewal,Pro,59
TXN009814,CUST1333,2025-10-14,Renewal,Pro,59
TXN009815,CUST1333,2025-11-14,Renewal,Pro,59
TXN009816,CUST1333,2025-12-14,Renewal,Pro,59
TXN009817,CUST1333,2026-01-14,Renewal,Pro,59
TXN009818,CUST1333,2026-02-14,Cancellation,Pro,0
TXN009819,CUST1333,2026-05-14,Reactivation,Pro,59
TXN009820,CUST1333,2026-06-14,Renewal,Pro,59
TXN009821,CUST1333,2026-07-14,Renewal,Pro,59
TXN009822,CUST1333,2026-08-14,Renewal,Pro,59
TXN009823,CUST1337,2025-05-24,New Subscription,Basic,29
TXN009824,CUST1337,2025-06-24,Renewal,Basic,29
TXN009825,CUST1337,2025-07-24,Renewal,Basic,29
TXN009826,CUST1337,2025-08-24,Renewal,Basic,29
TXN009827,CUST1337,2025-09-24,Renewal,Basic,29
TXN009828,CUST1337,2025-10-24,Renewal,Basic,29
TXN009829,CUST1337,2025-11-24,Renewal,Basic,29
TXN009830,CUST1337,2025-12-24,Renewal,Basic,29
TXN009831,CUST1337,2026-01-24,Cancellation,Basic,0
TXN009832,CUST1318,2025-05-25,New Subscription,Enterprise,149
TXN009833,CUST1318,2025-06-25,Renewal,Enterprise,149
TXN009834,CUST1318,2025-07-25,Renewal,Enterprise,149
TXN009835,CUST1318,2025-08-25,Renewal,Enterprise,149
TXN009836,CUST1318,2025-09-25,Renewal,Enterprise,149
TXN009837,CUST1318,2025-10-25,Renewal,Enterprise,149
TXN009838,CUST1318,2025-11-25,Renewal,Enterprise,149
TXN009839,CUST1318,2025-12-25,Cancellation,Enterprise,0
TXN009840,CUST1365,2025-05-28,New Subscription,Pro,59
TXN009841,CUST1365,2025-06-28,Renewal,Pro,59
TXN009842,CUST1365,2025-07-28,Renewal,Pro,59
TXN009843,CUST1365,2025-08-28,Renewal,Pro,59
TXN009844,CUST1365,2025-09-28,Renewal,Pro,59
TXN009845,CUST1365,2025-10-28,Renewal,Pro,59
TXN009846,CUST1365,2025-11-28,Renewal,Pro,59
TXN009847,CUST1365,2025-12-28,Renewal,Pro,59
TXN009848,CUST1365,2026-01-28,Renewal,Pro,59
TXN009849,CUST1365,2026-02-28,Renewal,Pro,59
TXN009850,CUST1365,2026-03-28,Renewal,Pro,59
TXN009851,CUST1365,2026-04-28,Renewal,Pro,59
TXN009852,CUST1365,2026-05-28,Renewal,Pro,59
TXN009853,CUST1365,2026-06-28,Upgrade,Enterprise,149
TXN009854,CUST1365,2026-07-28,Renewal,Enterprise,149
TXN009855,CUST1339,2025-06-05,New Subscription,Pro,59
TXN009856,CUST1339,2025-07-05,Renewal,Pro,59
TXN009857,CUST1339,2025-08-05,Renewal,Pro,59
TXN009858,CUST1339,2025-09-05,Renewal,Pro,59
TXN009859,CUST1339,2025-10-05,Renewal,Pro,59
TXN009860,CUST1339,2025-11-05,Renewal,Pro,59
TXN009861,CUST1339,2025-12-05,Renewal,Pro,59
TXN009862,CUST1339,2026-01-05,Renewal,Pro,59
TXN009863,CUST1339,2026-02-05,Renewal,Pro,59
TXN009864,CUST1339,2026-03-05,Renewal,Pro,59
TXN009865,CUST1339,2026-04-05,Renewal,Pro,59
TXN009866,CUST1339,2026-05-05,Renewal,Pro,59
TXN009867,CUST1339,2026-06-05,Renewal,Pro,59
TXN009868,CUST1339,2026-07-05,Renewal,Pro,59
TXN009869,CUST1339,2026-08-05,Renewal,Pro,59
TXN009870,CUST1325,2025-06-08,New Subscription,Pro,59
TXN009871,CUST1325,2025-07-08,Renewal,Pro,59
TXN009872,CUST1325,2025-08-08,Renewal,Pro,59
TXN009873,CUST1325,2025-09-08,Renewal,Pro,59
TXN009874,CUST1325,2025-10-08,Renewal,Pro,59
TXN009875,CUST1325,2025-11-08,Renewal,Pro,59
TXN009876,CUST1325,2025-12-08,Renewal,Pro,59
TXN009877,CUST1325,2026-01-08,Renewal,Pro,59
TXN009878,CUST1325,2026-02-08,Renewal,Pro,59
TXN009879,CUST1325,2026-03-08,Renewal,Pro,59
TXN009880,CUST1325,2026-04-08,Renewal,Pro,59
TXN009881,CUST1325,2026-05-08,Renewal,Pro,59
TXN009882,CUST1325,2026-06-08,Renewal,Pro,59
TXN009883,CUST1325,2026-07-08,Renewal,Pro,59
TXN009884,CUST1325,2026-08-08,Renewal,Pro,59
TXN009885,CUST1368,2025-06-15,New Subscription,Pro,59
TXN009886,CUST1368,2025-07-15,Renewal,Pro,59
TXN009887,CUST1368,2025-08-15,Renewal,Pro,59
TXN009888,CUST1368,2025-09-15,Renewal,Pro,59
TXN009889,CUST1368,2025-10-15,Upgrade,Enterprise,149
TXN009890,CUST1368,2025-11-15,Renewal,Enterprise,149
TXN009891,CUST1368,2025-12-15,Renewal,Enterprise,149
TXN009892,CUST1368,2026-01-15,Renewal,Enterprise,149
TXN009893,CUST1368,2026-02-15,Renewal,Enterprise,149
TXN009894,CUST1368,2026-03-15,Renewal,Enterprise,149
TXN009895,CUST1368,2026-04-15,Renewal,Enterprise,149
TXN009896,CUST1368,2026-05-15,Renewal,Enterprise,149
TXN009897,CUST1368,2026-06-15,Downgrade,Pro,59
TXN009898,CUST1368,2026-07-15,Cancellation,Pro,0
TXN009899,CUST1352,2025-06-20,New Subscription,Enterprise,149
TXN009900,CUST1352,2025-07-20,Renewal,Enterprise,149
TXN009901,CUST1352,2025-08-20,Renewal,Enterprise,149
TXN009902,CUST1352,2025-09-20,Renewal,Enterprise,149
TXN009903,CUST1352,2025-10-20,Renewal,Enterprise,149
TXN009904,CUST1352,2025-11-20,Renewal,Enterprise,149
TXN009905,CUST1352,2025-12-20,Renewal,Enterprise,149
TXN009906,CUST1352,2026-01-20,Renewal,Enterprise,149
TXN009907,CUST1352,2026-02-20,Renewal,Enterprise,149
TXN009908,CUST1352,2026-03-20,Renewal,Enterprise,149
TXN009909,CUST1352,2026-04-20,Renewal,Enterprise,149
TXN009910,CUST1352,2026-05-20,Renewal,Enterprise,149
TXN009911,CUST1352,2026-06-20,Renewal,Enterprise,149
TXN009912,CUST1352,2026-07-20,Renewal,Enterprise,149
TXN009913,CUST1350,2025-06-22,New Subscription,Pro,59
TXN009914,CUST1350,2025-07-22,Renewal,Pro,59
TXN009915,CUST1350,2025-08-22,Renewal,Pro,59
TXN009916,CUST1350,2025-09-22,Renewal,Pro,59
TXN009917,CUST1350,2025-10-22,Renewal,Pro,59
TXN009918,CUST1350,2025-11-22,Renewal,Pro,59
TXN009919,CUST1350,2025-12-22,Renewal,Pro,59
TXN009920,CUST1350,2026-01-22,Renewal,Pro,59
TXN009921,CUST1350,2026-02-22,Renewal,Pro,59
TXN009922,CUST1350,2026-03-22,Renewal,Pro,59
TXN009923,CUST1350,2026-04-22,Renewal,Pro,59
TXN009924,CUST1350,2026-05-22,Renewal,Pro,59
TXN009925,CUST1350,2026-06-22,Renewal,Pro,59
TXN009926,CUST1350,2026-07-22,Renewal,Pro,59
TXN009927,CUST1364,2025-06-22,New Subscription,Pro,59
TXN009928,CUST1364,2025-07-22,Renewal,Pro,59
TXN009929,CUST1364,2025-08-22,Cancellation,Pro,0
TXN009930,CUST1307,2025-06-27,New Subscription,Enterprise,149
TXN009931,CUST1307,2025-07-27,Renewal,Enterprise,149
TXN009932,CUST1307,2025-08-27,Renewal,Enterprise,149
TXN009933,CUST1307,2025-09-27,Renewal,Enterprise,149
TXN009934,CUST1307,2025-10-27,Renewal,Enterprise,149
TXN009935,CUST1307,2025-11-27,Renewal,Enterprise,149
TXN009936,CUST1307,2025-12-27,Renewal,Enterprise,149
TXN009937,CUST1307,2026-01-27,Renewal,Enterprise,149
TXN009938,CUST1307,2026-02-27,Renewal,Enterprise,149
TXN009939,CUST1307,2026-03-27,Renewal,Enterprise,149
TXN009940,CUST1307,2026-04-27,Downgrade,Pro,59
TXN009941,CUST1307,2026-05-27,Renewal,Pro,59
TXN009942,CUST1307,2026-06-27,Renewal,Pro,59
TXN009943,CUST1307,2026-07-27,Renewal,Pro,59
TXN009944,CUST1345,2025-06-28,New Subscription,Basic,29
TXN009945,CUST1345,2025-07-28,Renewal,Basic,29
TXN009946,CUST1345,2025-08-28,Renewal,Basic,29
TXN009947,CUST1345,2025-09-28,Cancellation,Basic,0
TXN009948,CUST1313,2025-07-05,New Subscription,Pro,59
TXN009949,CUST1313,2025-08-05,Renewal,Pro,59
TXN009950,CUST1313,2025-09-05,Renewal,Pro,59
TXN009951,CUST1313,2025-10-05,Renewal,Pro,59
TXN009952,CUST1313,2025-11-05,Renewal,Pro,59
TXN009953,CUST1313,2025-12-05,Renewal,Pro,59
TXN009954,CUST1313,2026-01-05,Renewal,Pro,59
TXN009955,CUST1313,2026-02-05,Renewal,Pro,59
TXN009956,CUST1313,2026-03-05,Renewal,Pro,59
TXN009957,CUST1313,2026-04-05,Renewal,Pro,59
TXN009958,CUST1313,2026-05-05,Renewal,Pro,59
TXN009959,CUST1313,2026-06-05,Renewal,Pro,59
TXN009960,CUST1313,2026-07-05,Renewal,Pro,59
TXN009961,CUST1313,2026-08-05,Renewal,Pro,59
TXN009962,CUST1347,2025-07-11,New Subscription,Basic,29
TXN009963,CUST1347,2025-08-11,Cancellation,Basic,0
TXN009964,CUST1336,2025-07-28,New Subscription,Enterprise,149
TXN009965,CUST1336,2025-08-28,Renewal,Enterprise,149
TXN009966,CUST1336,2025-09-28,Renewal,Enterprise,149
TXN009967,CUST1336,2025-10-28,Renewal,Enterprise,149
TXN009968,CUST1336,2025-11-28,Renewal,Enterprise,149
TXN009969,CUST1336,2025-12-28,Renewal,Enterprise,149
TXN009970,CUST1336,2026-01-28,Renewal,Enterprise,149
TXN009971,CUST1336,2026-02-28,Renewal,Enterprise,149
TXN009972,CUST1336,2026-03-28,Renewal,Enterprise,149
TXN009973,CUST1336,2026-04-28,Renewal,Enterprise,149
TXN009974,CUST1336,2026-05-28,Renewal,Enterprise,149
TXN009975,CUST1336,2026-06-28,Renewal,Enterprise,149
TXN009976,CUST1336,2026-07-28,Renewal,Enterprise,149
TXN009977,CUST1342,2025-08-02,New Subscription,Basic,29
TXN009978,CUST1342,2025-09-02,Renewal,Basic,29
TXN009979,CUST1342,2025-10-02,Renewal,Basic,29
TXN009980,CUST1342,2025-11-02,Cancellation,Basic,0
TXN009981,CUST1310,2025-08-07,New Subscription,Basic,29
TXN009982,CUST1310,2025-09-07,Renewal,Basic,29
TXN009983,CUST1310,2025-10-07,Cancellation,Basic,0
TXN009984,CUST1362,2025-08-07,New Subscription,Basic,29
TXN009985,CUST1362,2025-09-07,Renewal,Basic,29
TXN009986,CUST1362,2025-10-07,Renewal,Basic,29
TXN009987,CUST1362,2025-11-07,Renewal,Basic,29
TXN009988,CUST1362,2025-12-07,Renewal,Basic,29
TXN009989,CUST1362,2026-01-07,Renewal,Basic,29
TXN009990,CUST1362,2026-02-07,Renewal,Basic,29
TXN009991,CUST1362,2026-03-07,Renewal,Basic,29
TXN009992,CUST1362,2026-04-07,Renewal,Basic,29
TXN009993,CUST1362,2026-05-07,Cancellation,Basic,0
TXN009994,CUST1322,2025-08-17,New Subscription,Enterprise,149
TXN009995,CUST1322,2025-09-17,Downgrade,Pro,59
TXN009996,CUST1322,2025-10-17,Renewal,Pro,59
TXN009997,CUST1322,2025-11-17,Renewal,Pro,59
TXN009998,CUST1322,2025-12-17,Cancellation,Pro,0
TXN009999,CUST1327,2025-08-23,New Subscription,Basic,29
TXN010000,CUST1327,2025-09-23,Renewal,Basic,29
TXN010001,CUST1327,2025-10-23,Renewal,Basic,29
TXN010002,CUST1327,2025-11-23,Upgrade,Pro,59
TXN010003,CUST1327,2025-12-23,Renewal,Pro,59
TXN010004,CUST1327,2026-01-23,Renewal,Pro,59
TXN010005,CUST1327,2026-02-23,Renewal,Pro,59
TXN010006,CUST1327,2026-03-23,Renewal,Pro,59
TXN010007,CUST1327,2026-04-23,Renewal,Pro,59
TXN010008,CUST1327,2026-05-23,Renewal,Pro,59
TXN010009,CUST1327,2026-06-23,Upgrade,Enterprise,149
TXN010010,CUST1327,2026-07-23,Renewal,Enterprise,149
TXN010011,CUST1320,2025-08-28,New Subscription,Pro,59
TXN010012,CUST1320,2025-09-28,Renewal,Pro,59
TXN010013,CUST1320,2025-10-28,Renewal,Pro,59
TXN010014,CUST1320,2025-11-28,Renewal,Pro,59
TXN010015,CUST1320,2025-12-28,Renewal,Pro,59
TXN010016,CUST1320,2026-01-28,Renewal,Pro,59
TXN010017,CUST1320,2026-02-28,Renewal,Pro,59
TXN010018,CUST1320,2026-03-28,Renewal,Pro,59
TXN010019,CUST1320,2026-04-28,Renewal,Pro,59
TXN010020,CUST1320,2026-05-28,Renewal,Pro,59
TXN010021,CUST1320,2026-06-28,Renewal,Pro,59
TXN010022,CUST1320,2026-07-28,Renewal,Pro,59
TXN010023,CUST1332,2025-09-01,New Subscription,Pro,59
TXN010024,CUST1332,2025-10-01,Renewal,Pro,59
TXN010025,CUST1332,2025-11-01,Renewal,Pro,59
TXN010026,CUST1332,2025-12-01,Renewal,Pro,59
TXN010027,CUST1332,2026-01-01,Renewal,Pro,59
TXN010028,CUST1332,2026-02-01,Renewal,Pro,59
TXN010029,CUST1332,2026-03-01,Renewal,Pro,59
TXN010030,CUST1332,2026-04-01,Renewal,Pro,59
TXN010031,CUST1332,2026-05-01,Renewal,Pro,59
TXN010032,CUST1332,2026-06-01,Renewal,Pro,59
TXN010033,CUST1332,2026-07-01,Renewal,Pro,59
TXN010034,CUST1332,2026-08-01,Renewal,Pro,59
TXN010035,CUST1348,2025-09-09,New Subscription,Basic,29
TXN010036,CUST1348,2025-10-09,Renewal,Basic,29
TXN010037,CUST1348,2025-11-09,Renewal,Basic,29
TXN010038,CUST1348,2025-12-09,Renewal,Basic,29
TXN010039,CUST1348,2026-01-09,Renewal,Basic,29
TXN010040,CUST1348,2026-02-09,Renewal,Basic,29
TXN010041,CUST1348,2026-03-09,Renewal,Basic,29
TXN010042,CUST1348,2026-04-09,Renewal,Basic,29
TXN010043,CUST1348,2026-05-09,Renewal,Basic,29
TXN010044,CUST1348,2026-06-09,Cancellation,Basic,0
TXN010045,CUST1360,2025-09-13,New Subscription,Pro,59
TXN010046,CUST1360,2025-10-13,Renewal,Pro,59
TXN010047,CUST1360,2025-11-13,Renewal,Pro,59
TXN010048,CUST1360,2025-12-13,Renewal,Pro,59
TXN010049,CUST1360,2026-01-13,Renewal,Pro,59
TXN010050,CUST1360,2026-02-13,Renewal,Pro,59
TXN010051,CUST1360,2026-03-13,Renewal,Pro,59
TXN010052,CUST1360,2026-04-13,Renewal,Pro,59
TXN010053,CUST1360,2026-05-13,Renewal,Pro,59
TXN010054,CUST1360,2026-06-13,Renewal,Pro,59
TXN010055,CUST1360,2026-07-13,Renewal,Pro,59
TXN010056,CUST1360,2026-08-13,Renewal,Pro,59
TXN010057,CUST1370,2025-09-14,New Subscription,Basic,29
TXN010058,CUST1370,2025-10-14,Renewal,Basic,29
TXN010059,CUST1370,2025-11-14,Renewal,Basic,29
TXN010060,CUST1370,2025-12-14,Renewal,Basic,29
TXN010061,CUST1370,2026-01-14,Renewal,Basic,29
TXN010062,CUST1370,2026-02-14,Renewal,Basic,29
TXN010063,CUST1370,2026-03-14,Renewal,Basic,29
TXN010064,CUST1370,2026-04-14,Renewal,Basic,29
TXN010065,CUST1370,2026-05-14,Renewal,Basic,29
TXN010066,CUST1370,2026-06-14,Renewal,Basic,29
TXN010067,CUST1370,2026-07-14,Renewal,Basic,29
TXN010068,CUST1370,2026-08-14,Renewal,Basic,29
TXN010069,CUST1344,2025-09-16,New Subscription,Basic,29
TXN010070,CUST1344,2025-10-16,Renewal,Basic,29
TXN010071,CUST1344,2025-11-16,Cancellation,Basic,0
TXN010072,CUST1344,2026-06-16,Reactivation,Basic,29
TXN010073,CUST1344,2026-07-16,Renewal,Basic,29
TXN010074,CUST1344,2026-08-16,Renewal,Basic,29
TXN010075,CUST1335,2025-09-18,New Subscription,Pro,59
TXN010076,CUST1335,2025-10-18,Renewal,Pro,59
TXN010077,CUST1335,2025-11-18,Cancellation,Pro,0
TXN010078,CUST1321,2025-09-28,New Subscription,Basic,29
TXN010079,CUST1321,2025-10-28,Cancellation,Basic,0
TXN010080,CUST1321,2026-01-28,Reactivation,Basic,29
TXN010081,CUST1321,2026-02-28,Renewal,Basic,29
TXN010082,CUST1321,2026-03-28,Renewal,Basic,29
TXN010083,CUST1321,2026-04-28,Renewal,Basic,29
TXN010084,CUST1321,2026-05-28,Renewal,Basic,29
TXN010085,CUST1321,2026-06-28,Renewal,Basic,29
TXN010086,CUST1321,2026-07-28,Renewal,Basic,29
TXN010087,CUST1328,2025-10-01,New Subscription,Basic,29
TXN010088,CUST1328,2025-11-01,Renewal,Basic,29
TXN010089,CUST1328,2025-12-01,Renewal,Basic,29
TXN010090,CUST1328,2026-01-01,Renewal,Basic,29
TXN010091,CUST1328,2026-02-01,Renewal,Basic,29
TXN010092,CUST1328,2026-03-01,Renewal,Basic,29
TXN010093,CUST1328,2026-04-01,Renewal,Basic,29
TXN010094,CUST1328,2026-05-01,Renewal,Basic,29
TXN010095,CUST1328,2026-06-01,Renewal,Basic,29
TXN010096,CUST1328,2026-07-01,Renewal,Basic,29
TXN010097,CUST1328,2026-08-01,Renewal,Basic,29
TXN010098,CUST1331,2025-10-15,New Subscription,Basic,29
TXN010099,CUST1331,2025-11-15,Renewal,Basic,29
TXN010100,CUST1331,2025-12-15,Renewal,Basic,29
TXN010101,CUST1331,2026-01-15,Renewal,Basic,29
TXN010102,CUST1331,2026-02-15,Cancellation,Basic,0
TXN010103,CUST1306,2025-10-23,New Subscription,Basic,29
TXN010104,CUST1306,2025-11-23,Renewal,Basic,29
TXN010105,CUST1306,2025-12-23,Renewal,Basic,29
TXN010106,CUST1306,2026-01-23,Renewal,Basic,29
TXN010107,CUST1306,2026-02-23,Renewal,Basic,29
TXN010108,CUST1306,2026-03-23,Renewal,Basic,29
TXN010109,CUST1306,2026-04-23,Renewal,Basic,29
TXN010110,CUST1306,2026-05-23,Renewal,Basic,29
TXN010111,CUST1306,2026-06-23,Renewal,Basic,29
TXN010112,CUST1306,2026-07-23,Renewal,Basic,29
TXN010114,CUST1349,2025-10-27,New Subscription,Basic,29
TXN010115,CUST1349,2025-11-27,Renewal,Basic,29
TXN010116,CUST1349,2025-12-27,Renewal,Basic,29
TXN010117,CUST1349,2026-01-27,Renewal,Basic,29
TXN010118,CUST1349,2026-02-27,Renewal,Basic,29
TXN010119,CUST1349,2026-03-27,Renewal,Basic,29
TXN010120,CUST1349,2026-04-27,Upgrade,Pro,59
TXN010121,CUST1349,2026-05-27,Renewal,Pro,59
TXN010122,CUST1349,2026-06-27,Renewal,Pro,59
TXN010123,CUST1349,2026-07-27,Renewal,Pro,59
TXN010124,CUST1341,2025-11-06,New Subscription,Pro,59
TXN010125,CUST1341,2025-12-06,Cancellation,Pro,0
TXN010126,CUST1326,2025-11-11,New Subscription,Basic,29
TXN010127,CUST1326,2025-12-11,Renewal,Basic,29
TXN010128,CUST1326,2026-01-11,Renewal,Basic,29
TXN010129,CUST1326,2026-02-11,Renewal,Basic,29
TXN010130,CUST1326,2026-03-11,Renewal,Basic,29
TXN010131,CUST1326,2026-04-11,Renewal,Basic,29
TXN010132,CUST1326,2026-05-11,Renewal,Basic,29
TXN010133,CUST1326,2026-06-11,Renewal,Basic,29
TXN010134,CUST1326,2026-07-11,Renewal,Basic,29
TXN010135,CUST1326,2026-08-11,Renewal,Basic,29
TXN010136,CUST1356,2025-11-12,New Subscription,Basic,29
TXN010137,CUST1356,2025-12-12,Renewal,Basic,29
TXN010138,CUST1356,2026-01-12,Renewal,Basic,29
TXN010139,CUST1356,2026-02-12,Renewal,Basic,29
TXN010140,CUST1356,2026-03-12,Renewal,Basic,29
TXN010141,CUST1356,2026-04-12,Renewal,Basic,29
TXN010142,CUST1356,2026-05-12,Renewal,Basic,29
TXN010143,CUST1356,2026-06-12,Renewal,Basic,29
TXN010144,CUST1356,2026-07-12,Renewal,Basic,29
TXN010145,CUST1356,2026-08-12,Renewal,Basic,29
TXN010146,CUST1308,2025-11-17,New Subscription,Pro,59
TXN010147,CUST1308,2025-12-17,Renewal,Pro,59
TXN010148,CUST1308,2026-01-17,Renewal,Pro,59
TXN010149,CUST1308,2026-02-17,Renewal,Pro,59
TXN010150,CUST1308,2026-03-17,Renewal,Pro,59
TXN010151,CUST1308,2026-04-17,Renewal,Pro,59
TXN010152,CUST1308,2026-05-17,Upgrade,Enterprise,149
TXN010153,CUST1308,2026-06-17,Renewal,Enterprise,149
TXN010154,CUST1308,2026-07-17,Renewal,Enterprise,149
TXN010155,CUST1308,2026-08-17,Renewal,Enterprise,149
TXN010156,CUST1355,2025-11-26,New Subscription,Basic,29
TXN010157,CUST1355,2025-12-26,Renewal,Basic,29
TXN010158,CUST1355,2026-01-26,Upgrade,Pro,59
TXN010159,CUST1355,2026-02-26,Renewal,Pro,59
TXN010160,CUST1355,2026-03-26,Renewal,Pro,59
TXN010161,CUST1355,2026-04-26,Renewal,Pro,59
TXN010162,CUST1355,2026-05-26,Renewal,Pro,59
TXN010163,CUST1355,2026-06-26,Renewal,Pro,59
TXN010164,CUST1355,2026-07-26,Renewal,Pro,59
TXN010165,CUST1361,2025-12-15,New Subscription,Pro,59
TXN010166,CUST1361,2026-01-15,Renewal,Pro,59
TXN010167,CUST1361,2026-02-15,Renewal,Pro,59
TXN010168,CUST1361,2026-03-15,Renewal,Pro,59
TXN010169,CUST1361,2026-04-15,Renewal,Pro,59
TXN010170,CUST1361,2026-05-15,Renewal,Pro,59
TXN010171,CUST1361,2026-06-15,Renewal,Pro,59
TXN010172,CUST1361,2026-07-15,Renewal,Pro,59
TXN010173,CUST1361,2026-08-15,Renewal,Pro,59
TXN010174,CUST1363,2025-12-15,New Subscription,Enterprise,149
TXN010175,CUST1363,2026-01-15,Renewal,Enterprise,149
TXN010176,CUST1363,2026-02-15,Renewal,Enterprise,149
TXN010177,CUST1363,2026-03-15,Renewal,Enterprise,149
TXN010178,CUST1363,2026-04-15,Renewal,Enterprise,149
TXN010179,CUST1363,2026-05-15,Renewal,Enterprise,149
TXN010180,CUST1363,2026-06-15,Renewal,Enterprise,149
TXN010181,CUST1363,2026-07-15,Renewal,Enterprise,149
TXN010182,CUST1363,2026-08-15,Renewal,Enterprise,149
TXN010183,CUST1338,2025-12-22,New Subscription,Pro,59
TXN010184,CUST1338,2026-01-22,Renewal,Pro,59
TXN010185,CUST1338,2026-02-22,Renewal,Pro,59
TXN010186,CUST1338,2026-03-22,Renewal,Pro,59
TXN010187,CUST1338,2026-04-22,Upgrade,Enterprise,149
TXN010188,CUST1338,2026-05-22,Renewal,Enterprise,149
TXN010189,CUST1338,2026-06-22,Renewal,Enterprise,149
TXN010190,CUST1338,2026-07-22,Renewal,Enterprise,149
TXN010191,CUST1354,2025-12-22,New Subscription,Pro,59
TXN010192,CUST1354,2026-01-22,Renewal,Pro,59
TXN010193,CUST1354,2026-02-22,Renewal,Pro,59
TXN010194,CUST1354,2026-03-22,Renewal,Pro,59
TXN010195,CUST1354,2026-04-22,Renewal,Pro,59
TXN010196,CUST1354,2026-05-22,Upgrade,Enterprise,149
TXN010197,CUST1354,2026-06-22,Renewal,Enterprise,149
TXN010198,CUST1354,2026-07-22,Renewal,Enterprise,149
TXN010199,CUST1388,2026-01-02,New Subscription,Pro,59
TXN010200,CUST1388,2026-02-02,Renewal,Pro,59
TXN010201,CUST1388,2026-03-02,Renewal,Pro,59
TXN010202,CUST1388,2026-04-02,Renewal,Pro,59
TXN010203,CUST1388,2026-05-02,Renewal,Pro,59
TXN010204,CUST1388,2026-06-02,Renewal,Pro,59
TXN010205,CUST1388,2026-07-02,Renewal,Pro,59
TXN010206,CUST1388,2026-08-02,Renewal,Pro,59
TXN010207,CUST1393,2026-01-02,New Subscription,Pro,59
TXN010208,CUST1393,2026-02-02,Downgrade,Basic,29
TXN010209,CUST1393,2026-03-02,Upgrade,Pro,59
TXN010210,CUST1393,2026-04-02,Renewal,Pro,59
TXN010211,CUST1393,2026-05-02,Downgrade,Basic,29
TXN010212,CUST1393,2026-06-02,Renewal,Basic,29
TXN010213,CUST1393,2026-07-02,Renewal,Basic,29
TXN010214,CUST1393,2026-08-02,Renewal,Basic,29
TXN010215,CUST1380,2026-01-03,New Subscription,Pro,59
TXN010216,CUST1380,2026-02-03,Renewal,Pro,59
TXN010217,CUST1380,2026-03-03,Renewal,Pro,59
TXN010218,CUST1380,2026-04-03,Renewal,Pro,59
TXN010219,CUST1380,2026-05-03,Renewal,Pro,59
TXN010220,CUST1380,2026-06-03,Renewal,Pro,59
TXN010221,CUST1380,2026-07-03,Renewal,Pro,59
TXN010222,CUST1380,2026-08-03,Renewal,Pro,59
TXN010223,CUST1401,2026-01-05,New Subscription,Pro,59
TXN010224,CUST1401,2026-02-05,Renewal,Pro,59
TXN010225,CUST1401,2026-03-05,Renewal,Pro,59
TXN010226,CUST1401,2026-04-05,Renewal,Pro,59
TXN010227,CUST1401,2026-05-05,Renewal,Pro,59
TXN010228,CUST1401,2026-06-05,Renewal,Pro,59
TXN010229,CUST1401,2026-07-05,Renewal,Pro,59
TXN010230,CUST1401,2026-08-05,Renewal,Pro,59
TXN010231,CUST1376,2026-01-09,New Subscription,Basic,29
TXN010232,CUST1376,2026-02-09,Renewal,Basic,29
TXN010233,CUST1376,2026-03-09,Renewal,Basic,29
TXN010234,CUST1376,2026-04-09,Renewal,Basic,29
TXN010235,CUST1376,2026-05-09,Renewal,Basic,29
TXN010236,CUST1376,2026-06-09,Renewal,Basic,29
TXN010237,CUST1376,2026-07-09,Renewal,Basic,29
TXN010238,CUST1376,2026-08-09,Renewal,Basic,29
TXN010239,CUST1397,2026-01-13,New Subscription,Basic,29
TXN010240,CUST1397,2026-02-13,Renewal,Basic,29
TXN010241,CUST1397,2026-03-13,Renewal,Basic,29
TXN010242,CUST1397,2026-04-13,Renewal,Basic,29
TXN010243,CUST1397,2026-05-13,Renewal,Basic,29
TXN010244,CUST1397,2026-06-13,Renewal,Basic,29
TXN010245,CUST1397,2026-07-13,Renewal,Basic,29
TXN010246,CUST1397,2026-08-13,Renewal,Basic,29
TXN010247,CUST1400,2026-02-07,New Subscription,Basic,29
TXN010248,CUST1400,2026-03-07,Renewal,Basic,29
TXN010249,CUST1400,2026-04-07,Renewal,Basic,29
TXN010250,CUST1400,2026-05-07,Renewal,Basic,29
TXN010251,CUST1400,2026-06-07,Renewal,Basic,29
TXN010252,CUST1400,2026-07-07,Renewal,Basic,29
TXN010253,CUST1400,2026-08-07,Renewal,Basic,29
TXN010254,CUST1395,2026-02-09,New Subscription,Basic,29
TXN010255,CUST1395,2026-03-09,Renewal,Basic,29
TXN010256,CUST1395,2026-04-09,Renewal,Basic,29
TXN010257,CUST1395,2026-05-09,Renewal,Basic,29
TXN010258,CUST1395,2026-06-09,Cancellation,Basic,0
TXN010259,CUST1375,2026-02-12,New Subscription,Basic,29
TXN010260,CUST1375,2026-03-12,Renewal,Basic,29
TXN010261,CUST1375,2026-04-12,Renewal,Basic,29
TXN010262,CUST1375,2026-05-12,Renewal,Basic,29
TXN010263,CUST1375,2026-06-12,Renewal,Basic,29
TXN010264,CUST1375,2026-07-12,Renewal,Basic,29
TXN010265,CUST1375,2026-08-12,Renewal,Basic,29
TXN010266,CUST1373,2026-02-14,New Subscription,Pro,59
TXN010267,CUST1373,2026-03-14,Renewal,Pro,59
TXN010268,CUST1373,2026-04-14,Renewal,Pro,59
TXN010269,CUST1373,2026-05-14,Renewal,Pro,59
TXN010270,CUST1373,2026-06-14,Renewal,Pro,59
TXN010271,CUST1373,2026-07-14,Renewal,Pro,59
TXN010272,CUST1373,2026-08-14,Renewal,Pro,59
TXN010273,CUST1402,2026-02-20,New Subscription,Enterprise,149
TXN010274,CUST1402,2026-03-20,Renewal,Enterprise,149
TXN010275,CUST1402,2026-04-20,Renewal,Enterprise,149
TXN010276,CUST1402,2026-05-20,Renewal,Enterprise,149
TXN010277,CUST1402,2026-06-20,Renewal,Enterprise,149
TXN010278,CUST1402,2026-07-20,Renewal,Enterprise,149
TXN010279,CUST1383,2026-02-26,New Subscription,Basic,29
TXN010280,CUST1383,2026-03-26,Renewal,Basic,29
TXN010281,CUST1383,2026-04-26,Renewal,Basic,29
TXN010282,CUST1383,2026-05-26,Renewal,Basic,29
TXN010283,CUST1383,2026-06-26,Renewal,Basic,29
TXN010284,CUST1383,2026-07-26,Cancellation,Basic,0
TXN010285,CUST1372,2026-02-27,New Subscription,Basic,29
TXN010286,CUST1372,2026-03-27,Renewal,Basic,29
TXN010287,CUST1372,2026-04-27,Renewal,Basic,29
TXN010288,CUST1372,2026-05-27,Renewal,Basic,29
TXN010289,CUST1372,2026-06-27,Renewal,Basic,29
TXN010290,CUST1372,2026-07-27,Cancellation,Basic,0
TXN010291,CUST1389,2026-02-28,New Subscription,Enterprise,149
TXN010292,CUST1389,2026-03-28,Renewal,Enterprise,149
TXN010293,CUST1389,2026-04-28,Renewal,Enterprise,149
TXN010294,CUST1389,2026-05-28,Renewal,Enterprise,149
TXN010295,CUST1389,2026-06-28,Renewal,Enterprise,149
TXN010296,CUST1389,2026-07-28,Renewal,Enterprise,149
TXN010297,CUST1403,2026-03-06,New Subscription,Pro,59
TXN010298,CUST1403,2026-04-06,Renewal,Pro,59
TXN010299,CUST1403,2026-05-06,Renewal,Pro,59
TXN010300,CUST1403,2026-06-06,Renewal,Pro,59
TXN010301,CUST1403,2026-07-06,Renewal,Pro,59
TXN010302,CUST1403,2026-08-06,Renewal,Pro,59
TXN010303,CUST1387,2026-03-08,New Subscription,Basic,29
TXN010304,CUST1387,2026-04-08,Renewal,Basic,29
TXN010305,CUST1387,2026-05-08,Renewal,Basic,29
TXN010306,CUST1387,2026-06-08,Renewal,Basic,29
TXN010307,CUST1387,2026-07-08,Cancellation,Basic,0
TXN010308,CUST1386,2026-03-13,New Subscription,Pro,59
TXN010309,CUST1386,2026-04-13,Renewal,Pro,59
TXN010310,CUST1386,2026-05-13,Renewal,Pro,59
TXN010311,CUST1386,2026-06-13,Renewal,Pro,59
TXN010312,CUST1386,2026-07-13,Renewal,Pro,59
TXN010313,CUST1386,2026-08-13,Renewal,Pro,59
TXN010314,CUST1385,2026-03-20,New Subscription,Basic,29
TXN010315,CUST1385,2026-04-20,Renewal,Basic,29
TXN010316,CUST1385,2026-05-20,Renewal,Basic,29
TXN010317,CUST1385,2026-06-20,Renewal,Basic,29
TXN010318,CUST1385,2026-07-20,Upgrade,Pro,59
TXN010319,CUST1371,2026-03-21,New Subscription,Pro,59
TXN010320,CUST1371,2026-04-21,Renewal,Pro,59
TXN010321,CUST1371,2026-05-21,Renewal,Pro,59
TXN010322,CUST1371,2026-06-21,Renewal,Pro,59
TXN010323,CUST1371,2026-07-21,Renewal,Pro,59
TXN010324,CUST1399,2026-03-26,New Subscription,Basic,29
TXN010325,CUST1399,2026-04-26,Cancellation,Basic,0
TXN010326,CUST1399,2026-06-26,Reactivation,Basic,29
TXN010327,CUST1399,2026-07-26,Renewal,Basic,29
TXN010328,CUST1396,2026-04-02,New Subscription,Pro,59
TXN010329,CUST1396,2026-05-02,Renewal,Pro,59
TXN010330,CUST1396,2026-06-02,Renewal,Pro,59
TXN010331,CUST1396,2026-07-02,Renewal,Pro,59
TXN010332,CUST1396,2026-08-02,Renewal,Pro,59
TXN010333,CUST1391,2026-04-16,New Subscription,Basic,29
TXN010334,CUST1391,2026-05-16,Renewal,Basic,29
TXN010335,CUST1391,2026-06-16,Renewal,Basic,29
TXN010336,CUST1391,2026-07-16,Renewal,Basic,29
TXN010337,CUST1391,2026-08-16,Renewal,Basic,29
TXN010338,CUST1392,2026-04-17,New Subscription,Pro,59
TXN010339,CUST1392,2026-05-17,Cancellation,Pro,0
TXN010340,CUST1382,2026-04-21,New Subscription,Basic,29
TXN010341,CUST1382,2026-05-21,Renewal,Basic,29
TXN010342,CUST1382,2026-06-21,Renewal,Basic,29
TXN010343,CUST1382,2026-07-21,Renewal,Basic,29
TXN010344,CUST1374,2026-05-05,New Subscription,Enterprise,149
TXN010345,CUST1374,2026-06-05,Renewal,Enterprise,149
TXN010346,CUST1374,2026-07-05,Renewal,Enterprise,149
TXN010347,CUST1374,2026-08-05,Renewal,Enterprise,149
TXN010348,CUST1405,2026-05-10,New Subscription,Basic,29
TXN010349,CUST1405,2026-06-10,Upgrade,Pro,59
TXN010350,CUST1405,2026-07-10,Renewal,Pro,59
TXN010351,CUST1405,2026-08-10,Renewal,Pro,59
TXN010352,CUST1379,2026-05-11,New Subscription,Pro,59
TXN010353,CUST1379,2026-06-11,Renewal,Pro,59
TXN010354,CUST1379,2026-07-11,Renewal,Pro,59
TXN010355,CUST1379,2026-08-11,Renewal,Pro,59
TXN010356,CUST1404,2026-05-11,New Subscription,Basic,29
TXN010357,CUST1404,2026-06-11,Renewal,Basic,29
TXN010358,CUST1404,2026-07-11,Cancellation,Basic,0
TXN010359,CUST1378,2026-05-19,New Subscription,Pro,59
TXN010360,CUST1378,2026-06-19,Renewal,Pro,59
TXN010361,CUST1378,2026-07-19,Renewal,Pro,59
TXN010362,CUST1398,2026-05-22,New Subscription,Basic,29
TXN010363,CUST1398,2026-06-22,Renewal,Basic,29
TXN010364,CUST1398,2026-07-22,Renewal,Basic,29
TXN010365,CUST1384,2026-06-02,New Subscription,Basic,29
TXN010366,CUST1384,2026-07-02,Cancellation,Basic,0
TXN010367,CUST1381,2026-06-07,New Subscription,Pro,59
TXN010368,CUST1381,2026-07-07,Renewal,Pro,59
TXN010369,CUST1381,2026-08-07,Renewal,Pro,59
TXN010370,CUST1377,2026-06-10,New Subscription,Pro,59
TXN010371,CUST1377,2026-07-10,Renewal,Pro,59
TXN010372,CUST1377,2026-08-10,Cancellation,Pro,0
TXN010373,CUST1390,2026-06-11,New Subscription,Enterprise,149
TXN010374,CUST1390,2026-07-11,Renewal,Enterprise,149
TXN010375,CUST1390,2026-08-11,Renewal,Enterprise,149
TXN010376,CUST1394,2026-06-16,New Subscription,Basic,29
TXN010377,CUST1394,2026-07-16,Renewal,Basic,29
TXN010378,CUST1394,2026-08-16,Renewal,Basic,29
